announcement_id,specialty_id,service_id,establishment_type,city_id,department_id,region_id,day_night,nbr_of_needs,mission_duration,salary,mission_weekday,mission_anticipation,proposed_count,deleted_count,expired_count,accepted_count,waiting_count,cancelled_before_contract_count,contractualized_count,cancelled_with_contract_count
153240,18,32,hea_cen,4421,13,17,DAY,1,510,352.0,1.0,1,23,0,23,0,0,0,0,0
153241,18,32,hea_cen,4421,13,17,DAY,1,450,311.0,1.0,1,23,0,23,0,0,0,0,0
153242,18,32,hea_cen,4421,13,17,DAY,1,660,396.0,2.0,1,25,0,24,0,0,0,0,0
153243,18,28,clinic,31719,79,6,DAY,1,660,497.0,6.0,3,1,0,0,1,1,0,1,0
153244,18,28,clinic,31719,79,6,DAY,1,660,497.0,6.0,4,1,0,0,1,1,0,1,0
153245,18,28,hospi,30438,76,6,NIGHT,1,660,440.0,1.0,1,223,0,223,0,0,0,0,0
153246,18,4,had,35731,92,6,DAY,1,600,391.0,0.0,3,6,5,0,1,1,1,0,0
153246,18,4,had,35731,92,6,DAY,1,600,391.0,0.0,4,123,121,0,0,0,0,0,0
153247,18,9,ssr,12591,34,14,NIGHT,1,700,455.0,6.0,2,8,0,8,0,0,0,0,0
153248,18,9,ssr,12591,34,14,NIGHT,1,700,455.0,0.0,1,1,0,1,0,0,0,0,0
153248,18,9,ssr,12591,34,14,NIGHT,1,700,455.0,0.0,2,11,0,11,0,0,0,0,0
153249,18,9,ssr,12591,34,14,NIGHT,1,700,455.0,3.0,1,1,0,0,0,0,0,0,0
153249,18,9,ssr,12591,34,14,NIGHT,1,700,455.0,3.0,2,6,0,4,0,0,0,0,0
153249,18,9,ssr,12591,34,14,NIGHT,1,700,455.0,3.0,3,6,0,6,0,0,0,0,0
153250,18,9,ssr,12591,34,14,NIGHT,1,700,455.0,5.0,2,2,0,1,0,0,0,0,0
153250,18,9,ssr,12591,34,14,NIGHT,1,700,455.0,5.0,3,8,0,7,0,0,0,0,0
153251,18,9,ssr,12591,34,14,NIGHT,1,700,455.0,1.0,2,1,0,0,0,0,0,0,0
153251,18,9,ssr,12591,34,14,NIGHT,1,700,455.0,1.0,3,38,0,34,0,0,0,0,0
153253,18,5,ssr,12591,34,14,DAY,1,700,396.0,5.0,3,36,31,0,0,0,0,0,0
153253,18,5,ssr,12591,34,14,DAY,1,700,396.0,5.0,4,16,16,0,0,0,0,0,0
153254,18,5,ssr,12591,34,14,DAY,1,700,396.0,5.0,4,14,13,0,1,1,1,0,0
153255,18,28,clinic,31719,79,6,DAY,1,660,497.0,6.0,4,159,158,0,1,1,1,0,0
153256,18,28,clinic,31719,79,6,DAY,1,660,497.0,0.0,4,161,160,0,1,1,0,1,1
153257,18,4,clinic,31856,79,6,NIGHT,1,690,460.0,3.0,1,120,120,0,0,0,0,0,0
153258,18,4,clinic,31856,79,6,NIGHT,1,690,460.0,4.0,2,174,173,0,1,1,1,0,0
153259,18,18,clinic,31856,79,6,NIGHT,1,690,460.0,2.0,1,133,132,0,1,1,1,0,0
153260,18,28,clinic,31750,79,6,DAY,1,540,360.0,2.0,1,30,0,30,0,0,0,0,0
153261,18,8,clinic,30438,76,6,DAY,1,660,456.0,3.0,1,162,161,0,1,1,1,0,0
153262,18,32,ssr,35918,93,6,DAY,2,660,384.0,5.0,2,171,171,0,0,0,0,0,0
153263,18,4,ssr,35918,93,6,DAY,2,660,384.0,5.0,2,172,172,0,0,0,0,0,0
153264,18,32,ssr,35918,93,6,NIGHT,1,690,460.0,2.0,1,150,149,0,1,1,1,0,0
153265,18,32,ssr,35918,93,6,NIGHT,1,690,460.0,3.0,1,189,187,0,1,1,1,0,0
153266,18,32,ssr,35918,93,6,NIGHT,1,690,460.0,4.0,1,1,1,0,0,0,0,0,0
153266,18,32,ssr,35918,93,6,NIGHT,1,690,460.0,4.0,2,189,189,0,0,0,0,0,0
153267,18,32,ssr,35918,93,6,NIGHT,1,690,460.0,3.0,3,70,69,0,1,1,1,0,0
153268,18,32,ssr,35918,93,6,DAY,1,660,384.0,4.0,1,176,0,176,0,0,0,0,0
153269,18,4,clinic,31856,79,6,NIGHT,1,690,460.0,5.0,4,30,29,0,1,1,1,0,0
153270,18,4,clinic,31856,79,6,NIGHT,1,690,460.0,3.0,4,70,68,0,1,1,0,1,1
153271,18,44,hea_hou,30438,76,6,DAY,1,660,440.0,3.0,4,151,149,0,0,0,0,0,0
153272,18,44,hea_hou,30438,76,6,DAY,1,660,440.0,2.0,4,60,59,0,1,1,1,0,0
153273,18,44,hea_hou,30438,76,6,NIGHT,1,640,536.0,6.0,2,140,139,0,1,1,1,0,0
153274,18,32,clinic,8576,25,14,NIGHT,1,720,468.0,2.0,1,89,0,87,0,0,0,0,0
153275,18,28,clinic,31719,79,6,NIGHT,1,660,683.0,1.0,1,1,0,0,1,1,0,1,0
153276,18,4,ehpad_rh,31701,79,6,DAY,1,600,380.0,1.0,4,149,148,0,1,1,0,1,0
153277,18,4,ehpad_rh,31701,79,6,DAY,1,240,152.0,5.0,0,40,39,0,1,1,0,1,1
153278,18,4,ehpad_rh,31701,79,6,DAY,1,540,342.0,6.0,0,104,104,0,0,0,0,0,0
153279,18,4,ehpad_rh,31701,79,6,DAY,1,600,380.0,6.0,0,74,73,0,1,1,0,1,0
153280,18,4,ehpad_rh,31701,79,6,DAY,1,660,481.0,0.0,0,50,49,0,1,1,0,1,0
153281,18,4,ehpad_rh,31701,79,6,DAY,1,540,393.0,0.0,0,55,52,0,1,1,1,0,0
153282,18,42,hospi,35958,94,6,NIGHT,1,600,402.0,3.0,3,1,0,0,1,1,0,1,1
153283,18,44,hea_hou,30438,76,6,DAY,1,660,440.0,1.0,4,182,178,0,0,0,0,0,0
153284,18,42,hospi,35958,94,6,NIGHT,1,600,402.0,2.0,4,1,0,0,1,1,0,1,1
153285,18,28,hospi,30438,76,6,NIGHT,1,660,440.0,4.0,2,1,0,0,1,1,0,1,0
153286,18,42,hospi,35958,94,6,NIGHT,1,600,402.0,4.0,3,1,0,0,1,1,0,1,0
153287,18,42,hospi,35958,94,6,NIGHT,1,600,402.0,2.0,4,1,0,0,1,1,0,1,0
153288,18,4,ehpad_rh,31701,79,6,DAY,1,600,380.0,3.0,3,152,150,0,1,1,0,1,0
153289,18,44,ssr,30438,76,6,DAY,1,675,490.0,3.0,1,1,0,0,1,1,0,1,0
153290,18,44,ssr,30438,76,6,DAY,1,675,490.0,4.0,1,1,0,0,1,1,0,1,0
153291,18,5,clinic,36000,95,6,DAY,1,360,218.0,3.0,1,175,0,175,0,0,0,0,0
153292,18,11,labo,35935,93,6,DAY,1,300,225.0,5.0,2,183,182,0,1,1,0,1,0
153293,18,4,hospi,16756,45,12,DAY,1,580,450.0,2.0,3,1,0,0,1,0,1,0,0
153293,18,4,hospi,16756,45,12,DAY,1,580,450.0,2.0,4,78,77,0,0,0,0,0,0
153294,18,4,hospi,16756,45,12,DAY,1,580,450.0,6.0,2,84,83,0,1,1,0,1,1
153295,18,4,hospi,16756,45,12,DAY,1,580,450.0,0.0,2,86,85,0,1,1,0,1,1
153296,18,32,ssr,35918,93,6,DAY,1,675,392.0,5.0,1,1,0,0,1,1,0,1,0
153297,18,42,hospi,16756,45,12,NIGHT,1,580,518.0,5.0,4,73,69,0,0,0,0,0,0
153298,18,42,hospi,16756,45,12,NIGHT,1,580,518.0,6.0,4,71,68,0,0,0,0,0,0
153299,18,9,ssr,12591,34,14,NIGHT,1,700,455.0,4.0,2,1,0,0,1,1,0,1,0
153300,18,9,ssr,12591,34,14,NIGHT,1,700,455.0,6.0,3,1,0,0,1,1,0,1,0
153301,18,9,ssr,12591,34,14,NIGHT,1,700,455.0,0.0,3,1,0,0,1,1,0,1,0
153302,18,9,ssr,12591,34,14,NIGHT,1,700,455.0,4.0,4,1,0,0,1,1,0,1,0
153303,18,9,ssr,12591,34,14,NIGHT,1,700,455.0,2.0,4,1,0,0,1,1,0,1,0
153304,18,9,ssr,12591,34,14,NIGHT,1,700,455.0,6.0,4,1,0,0,1,1,0,1,1
153305,18,9,ssr,12591,34,14,NIGHT,1,700,455.0,0.0,4,1,0,0,1,1,0,1,1
153306,18,4,clinic,31856,79,6,NIGHT,1,690,460.0,4.0,1,174,174,0,0,0,0,0,0
153307,18,30,clinic,35933,93,6,DAY,1,660,440.0,3.0,3,43,43,0,0,0,0,0,0
153308,18,30,clinic,35933,93,6,DAY,1,660,440.0,5.0,4,45,45,0,0,0,0,0,0
153309,18,28,clinic,35933,93,6,NIGHT,1,660,481.0,4.0,4,204,200,0,3,1,3,0,0
153310,18,5,clinic,35933,93,6,NIGHT,1,660,481.0,0.0,4,150,149,0,1,1,0,1,0
153311,18,5,clinic,35933,93,6,NIGHT,1,660,481.0,1.0,4,140,139,0,1,1,1,0,0
153312,18,5,clinic,35933,93,6,DAY,1,660,396.0,2.0,3,184,182,0,0,0,0,0,0
153313,18,5,clinic,35933,93,6,DAY,1,660,396.0,4.0,4,171,169,0,0,0,0,0,0
153314,18,5,clinic,35933,93,6,DAY,1,660,396.0,2.0,4,164,162,0,0,0,0,0,0
153316,18,30,clinic,35933,93,6,DAY,1,660,506.0,0.0,0,38,37,0,0,0,0,0,0
153317,18,30,clinic,35933,93,6,DAY,1,660,506.0,0.0,0,34,33,0,0,0,0,0,0
153318,18,30,clinic,35933,93,6,DAY,1,660,440.0,4.0,4,47,46,0,0,0,0,0,0
153319,18,30,clinic,35933,93,6,DAY,1,660,440.0,5.0,4,45,44,0,0,0,0,0,0
153320,18,30,clinic,35933,93,6,DAY,1,660,440.0,1.0,0,42,42,0,0,0,0,0,0
153320,18,30,clinic,35933,93,6,DAY,1,660,440.0,1.0,4,1,1,0,0,0,0,0,0
153321,18,30,clinic,35933,93,6,DAY,1,660,440.0,2.0,0,42,42,0,0,0,0,0,0
153321,18,30,clinic,35933,93,6,DAY,1,660,440.0,2.0,4,1,1,0,0,0,0,0,0
153322,18,30,clinic,35933,93,6,DAY,1,660,440.0,3.0,0,42,42,0,0,0,0,0,0
153322,18,30,clinic,35933,93,6,DAY,1,660,440.0,3.0,4,1,1,0,0,0,0,0,0
153323,18,30,clinic,35933,93,6,DAY,1,660,440.0,5.0,0,37,37,0,0,0,0,0,0
153324,18,30,clinic,35933,93,6,DAY,1,660,440.0,1.0,0,38,38,0,0,0,0,0,0
153325,18,30,clinic,35933,93,6,DAY,1,660,440.0,3.0,0,38,37,0,0,0,0,0,0
153326,18,30,clinic,35933,93,6,DAY,1,660,440.0,4.0,0,39,38,0,0,0,0,0,0
153327,18,30,clinic,35933,93,6,DAY,1,660,440.0,5.0,0,38,37,0,0,0,0,0,0
153328,18,30,clinic,35933,93,6,DAY,1,660,440.0,6.0,0,37,36,0,0,0,0,0,0
153329,18,30,clinic,35933,93,6,DAY,1,660,440.0,1.0,0,36,35,0,0,0,0,0,0
153330,18,30,clinic,35933,93,6,DAY,1,660,440.0,2.0,0,36,35,0,0,0,0,0,0
153331,18,30,clinic,35933,93,6,DAY,1,660,440.0,3.0,0,37,36,0,0,0,0,0,0
153332,18,30,clinic,35933,93,6,DAY,1,660,440.0,4.0,0,36,35,0,0,0,0,0,0
153333,18,30,clinic,35933,93,6,DAY,1,660,440.0,5.0,0,36,35,0,0,0,0,0,0
153334,18,30,clinic,35933,93,6,DAY,1,660,440.0,6.0,0,33,32,0,0,0,0,0,0
153335,18,30,clinic,35933,93,6,DAY,1,660,440.0,1.0,0,31,30,0,0,0,0,0,0
153336,18,30,clinic,35933,93,6,DAY,1,660,440.0,2.0,0,31,30,0,0,0,0,0,0
153337,18,30,clinic,35933,93,6,DAY,1,660,440.0,3.0,0,31,30,0,0,0,0,0,0
153338,18,30,clinic,35933,93,6,DAY,1,660,440.0,4.0,0,31,30,0,0,0,0,0,0
153339,18,30,clinic,35933,93,6,NIGHT,1,660,506.0,4.0,4,48,47,0,0,0,0,0,0
153340,18,30,clinic,35933,93,6,NIGHT,1,660,506.0,5.0,0,40,39,0,0,0,0,0,0
153340,18,30,clinic,35933,93,6,NIGHT,1,660,506.0,5.0,4,6,6,0,0,0,0,0,0
153341,18,30,clinic,35933,93,6,NIGHT,1,660,506.0,6.0,0,40,39,0,0,0,0,0,0
153341,18,30,clinic,35933,93,6,NIGHT,1,660,506.0,6.0,4,4,4,0,0,0,0,0,0
153342,18,30,clinic,35933,93,6,NIGHT,1,660,506.0,1.0,0,45,43,0,1,1,1,0,0
153342,18,30,clinic,35933,93,6,NIGHT,1,660,506.0,1.0,4,1,1,0,0,0,0,0,0
153343,18,30,clinic,35933,93,6,NIGHT,1,660,506.0,5.0,0,39,37,0,1,1,1,0,0
153344,18,30,clinic,35933,93,6,NIGHT,1,660,506.0,1.0,0,41,40,0,0,0,0,0,0
153345,18,30,clinic,35933,93,6,NIGHT,1,660,506.0,2.0,0,40,39,0,0,0,0,0,0
153346,18,30,clinic,35933,93,6,NIGHT,1,660,506.0,3.0,0,40,39,0,0,0,0,0,0
153347,18,30,clinic,35933,93,6,NIGHT,1,660,506.0,1.0,0,36,35,0,0,0,0,0,0
153348,18,30,clinic,35933,93,6,NIGHT,1,660,506.0,2.0,0,38,37,0,0,0,0,0,0
153349,18,28,clinic,35933,93,6,DAY,1,660,396.0,5.0,4,60,59,0,1,1,1,0,0
153350,18,28,clinic,35933,93,6,DAY,1,660,396.0,2.0,0,163,160,0,0,0,0,0,0
153350,18,28,clinic,35933,93,6,DAY,1,660,396.0,2.0,4,6,6,0,0,0,0,0,0
153351,18,28,clinic,35933,93,6,DAY,1,660,396.0,1.0,0,60,59,0,1,1,1,0,0
153352,18,28,clinic,35933,93,6,DAY,1,660,396.0,2.0,0,60,59,0,1,1,0,1,0
153353,18,28,clinic,35933,93,6,DAY,1,660,396.0,1.0,0,136,131,0,1,1,1,0,0
153354,18,28,clinic,35933,93,6,NIGHT,1,660,455.0,5.0,0,30,29,0,1,1,0,1,1
153355,18,28,clinic,35933,93,6,NIGHT,1,660,455.0,6.0,0,30,29,0,1,1,0,1,1
153356,18,28,clinic,35933,93,6,NIGHT,1,660,455.0,5.0,0,40,39,0,1,1,1,0,0
153357,18,28,clinic,35933,93,6,NIGHT,1,660,455.0,1.0,0,40,39,0,1,1,0,1,0
153358,18,28,clinic,35933,93,6,NIGHT,1,660,455.0,2.0,0,40,39,0,1,1,0,1,0
153359,18,28,clinic,35933,93,6,NIGHT,1,660,455.0,5.0,0,60,59,0,1,1,1,0,0
153360,18,28,clinic,35933,93,6,NIGHT,1,660,455.0,6.0,0,130,128,0,1,1,1,0,0
153361,18,28,clinic,35933,93,6,NIGHT,1,660,455.0,0.0,0,30,29,0,1,1,0,1,1
153362,18,28,clinic,35933,93,6,NIGHT,1,660,455.0,3.0,0,30,29,0,1,1,0,1,1
153363,18,28,clinic,35933,93,6,NIGHT,1,660,455.0,4.0,0,30,29,0,1,1,0,1,1
153364,18,28,clinic,35933,93,6,NIGHT,1,660,455.0,1.0,0,30,29,0,1,1,0,1,1
153365,18,28,clinic,35933,93,6,NIGHT,1,660,455.0,2.0,0,30,29,0,1,1,0,1,1
153366,18,28,clinic,35933,93,6,NIGHT,1,660,481.0,5.0,0,146,143,0,1,1,0,1,0
153367,18,28,clinic,35933,93,6,NIGHT,1,660,481.0,6.0,0,145,142,0,1,1,0,1,0
153368,18,28,clinic,35933,93,6,NIGHT,1,660,481.0,0.0,0,148,142,0,1,1,1,0,0
153369,18,28,clinic,35933,93,6,NIGHT,1,660,481.0,3.0,0,141,137,0,2,1,2,0,0
153370,18,28,clinic,35933,93,6,NIGHT,1,660,481.0,4.0,0,143,136,0,3,1,3,0,0
153371,18,28,clinic,35933,93,6,NIGHT,1,660,481.0,4.0,4,130,128,0,1,1,1,0,0
153372,18,5,clinic,35933,93,6,NIGHT,1,660,481.0,5.0,0,100,98,0,1,1,1,0,0
153373,18,5,clinic,35933,93,6,NIGHT,1,660,481.0,6.0,0,40,39,0,1,1,0,1,1
153374,18,5,clinic,35933,93,6,NIGHT,1,660,481.0,0.0,0,40,39,0,1,1,0,1,1
153375,18,5,clinic,35933,93,6,NIGHT,1,660,481.0,3.0,0,40,39,0,1,1,0,1,0
153376,18,5,clinic,35933,93,6,NIGHT,1,660,481.0,4.0,0,40,39,0,1,1,0,1,0
153377,18,5,clinic,35933,93,6,NIGHT,1,660,481.0,1.0,0,132,130,0,1,1,1,0,0
153378,18,5,clinic,35933,93,6,NIGHT,1,660,481.0,2.0,0,144,140,0,0,0,0,0,0
153379,18,5,clinic,35933,93,6,NIGHT,1,660,481.0,5.0,0,130,128,0,1,1,0,1,0
153380,18,5,clinic,35933,93,6,NIGHT,1,660,481.0,6.0,0,143,139,0,0,0,0,0,0
153381,18,5,clinic,35933,93,6,NIGHT,1,660,481.0,4.0,0,129,124,0,1,1,1,0,0
153382,18,5,clinic,35933,93,6,NIGHT,1,660,455.0,0.0,4,189,188,0,1,1,0,1,1
153383,18,5,clinic,35933,93,6,DAY,1,660,396.0,5.0,4,154,151,0,0,0,0,0,0
153384,18,5,clinic,35933,93,6,DAY,1,660,396.0,1.0,0,144,142,0,0,0,0,0,0
153385,18,5,clinic,35933,93,6,DAY,1,660,396.0,4.0,0,137,134,0,0,0,0,0,0
153386,18,44,clinic,31719,79,6,NIGHT,1,630,476.0,2.0,1,1,0,0,1,1,0,1,0
153387,18,32,clinic,35813,92,6,NIGHT,1,720,450.0,3.0,0,125,122,0,1,1,0,1,1
153388,18,32,clinic,35813,92,6,NIGHT,1,720,450.0,5.0,0,80,78,0,1,1,1,0,0
153389,18,32,clinic,35813,92,6,NIGHT,1,720,450.0,6.0,0,124,122,0,1,1,0,1,0
153390,18,32,clinic,35813,92,6,NIGHT,1,720,450.0,1.0,0,109,106,0,1,1,0,1,0
153391,18,28,hospi,30438,76,6,NIGHT,1,660,440.0,2.0,4,70,69,0,1,1,0,1,0
153392,18,32,ssr,35918,93,6,DAY,1,660,384.0,1.0,1,2,0,2,0,0,0,0,0
153392,18,32,ssr,35918,93,6,DAY,1,660,384.0,1.0,2,13,1,12,0,0,0,0,0
153392,18,32,ssr,35918,93,6,DAY,1,660,384.0,1.0,3,196,1,192,0,0,0,0,0
153393,18,32,ssr,35918,93,6,DAY,2,660,384.0,5.0,1,176,1,175,0,0,0,0,0
153397,18,4,ssr,35918,93,6,DAY,1,660,384.0,4.0,1,176,0,175,0,0,0,0,0
153398,18,4,ssr,35918,93,6,DAY,1,660,384.0,3.0,1,3,0,3,0,0,0,0,0
153398,18,4,ssr,35918,93,6,DAY,1,660,384.0,3.0,2,198,3,193,0,0,0,0,0
153399,18,4,ssr,35918,93,6,DAY,1,660,384.0,5.0,3,21,20,0,0,0,0,0,0
153399,18,4,ssr,35918,93,6,DAY,1,660,384.0,5.0,4,174,171,0,1,1,0,1,0
153400,18,4,ssr,35918,93,6,DAY,1,660,384.0,1.0,4,158,155,0,1,1,1,0,0
153401,18,4,ssr,35918,93,6,DAY,2,660,384.0,5.0,1,173,173,0,0,0,0,0,0
153402,18,4,ssr,35918,93,6,DAY,1,660,442.0,6.0,4,90,89,0,1,1,0,1,0
153403,18,32,ssr,35918,93,6,NIGHT,1,690,460.0,4.0,1,120,118,0,1,1,1,0,0
153404,18,32,ssr,35918,93,6,NIGHT,1,690,460.0,5.0,2,180,177,0,1,1,1,0,0
153405,18,32,ssr,35918,93,6,NIGHT,1,690,460.0,0.0,4,30,29,0,1,1,1,0,0
153406,18,4,ssr,35918,93,6,NIGHT,1,690,460.0,5.0,2,180,176,0,2,1,1,1,0
153407,18,42,hospi,35958,94,6,DAY,1,450,301.0,0.0,4,166,164,0,0,0,0,0,0
153408,18,42,hospi,35958,94,6,DAY,1,450,262.0,4.0,2,12,9,0,1,1,0,1,0
153408,18,42,hospi,35958,94,6,DAY,1,450,262.0,4.0,3,205,201,0,0,0,0,0,0
153409,18,42,hospi,35958,94,6,DAY,1,450,262.0,5.0,2,9,8,0,1,1,0,1,0
153409,18,42,hospi,35958,94,6,DAY,1,450,262.0,5.0,3,20,20,0,0,0,0,0,0
153409,18,42,hospi,35958,94,6,DAY,1,450,262.0,5.0,4,182,179,0,0,0,0,0,0
153410,18,42,hospi,35958,94,6,DAY,1,450,262.0,6.0,4,160,159,0,0,0,0,0,0
153411,18,42,hospi,35958,94,6,DAY,1,450,301.0,0.0,3,80,80,0,0,0,0,0,0
153412,18,42,hospi,35958,94,6,DAY,1,450,262.0,5.0,1,48,48,0,0,0,0,0,0
153412,18,42,hospi,35958,94,6,DAY,1,450,262.0,5.0,2,120,119,0,0,0,0,0,0
153413,18,42,hospi,35958,94,6,DAY,1,450,262.0,2.0,2,80,79,0,0,0,0,0,0
153414,18,42,hospi,35958,94,6,DAY,1,450,262.0,6.0,3,80,80,0,0,0,0,0,0
153415,18,42,hospi,35958,94,6,DAY,1,450,262.0,3.0,3,186,186,0,0,0,0,0,0
153416,18,42,hospi,35958,94,6,DAY,1,450,262.0,3.0,1,5,0,5,0,0,0,0,0
153416,18,42,hospi,35958,94,6,DAY,1,450,262.0,3.0,2,12,0,12,0,0,0,0,0
153416,18,42,hospi,35958,94,6,DAY,1,450,262.0,3.0,3,17,0,16,0,0,0,0,0
153416,18,42,hospi,35958,94,6,DAY,1,450,262.0,3.0,4,189,7,176,0,0,0,0,0
153417,18,42,hospi,35958,94,6,DAY,1,450,262.0,4.0,4,80,80,0,0,0,0,0,0
153418,18,42,hospi,35958,94,6,NIGHT,1,600,402.0,1.0,2,80,79,0,0,0,0,0,0
153419,18,42,hospi,35958,94,6,NIGHT,1,600,402.0,3.0,2,81,80,0,1,1,0,1,0
153419,18,42,hospi,35958,94,6,NIGHT,1,600,402.0,3.0,3,110,109,0,0,0,0,0,0
153420,18,42,hospi,35958,94,6,NIGHT,1,600,402.0,1.0,3,198,197,0,1,0,1,0,0
153421,18,42,hospi,35958,94,6,NIGHT,1,600,402.0,2.0,3,198,197,0,1,0,1,0,0
153422,18,42,hospi,35958,94,6,NIGHT,1,600,402.0,2.0,4,80,80,0,0,0,0,0,0
153423,18,42,hospi,35958,94,6,NIGHT,1,600,402.0,4.0,4,152,149,0,1,1,0,1,1
153424,18,42,hospi,35958,94,6,NIGHT,1,600,402.0,5.0,0,110,106,0,1,1,0,1,1
153424,18,42,hospi,35958,94,6,NIGHT,1,600,402.0,5.0,4,37,37,0,0,0,0,0,0
153425,18,42,hospi,35958,94,6,NIGHT,1,600,402.0,1.0,0,140,136,0,1,1,0,1,1
153426,18,42,hospi,35958,94,6,NIGHT,1,600,402.0,2.0,0,91,89,0,1,1,0,1,0
153427,18,42,hospi,35958,94,6,NIGHT,1,600,402.0,3.0,0,91,89,0,1,1,0,1,0
153428,18,42,hospi,35958,94,6,NIGHT,1,600,402.0,4.0,0,91,89,0,1,1,0,1,0
153429,18,42,hospi,35958,94,6,NIGHT,1,600,402.0,5.0,0,91,89,0,1,1,0,1,0
153430,18,42,hospi,35958,94,6,NIGHT,1,600,402.0,1.0,0,130,126,0,1,1,0,1,1
153431,18,42,hospi,35958,94,6,NIGHT,1,600,402.0,2.0,0,127,123,0,1,1,0,1,1
153432,18,42,hospi,35958,94,6,NIGHT,1,600,402.0,3.0,0,91,89,0,1,1,0,1,1
153433,18,42,hospi,35958,94,6,NIGHT,1,600,402.0,4.0,0,81,79,0,1,1,0,1,1
153434,18,42,hospi,35958,94,6,NIGHT,1,600,402.0,5.0,0,81,79,0,1,1,0,1,1
153435,18,42,hospi,35958,94,6,NIGHT,1,600,402.0,1.0,0,130,125,0,1,0,1,0,0
153436,18,42,hospi,35958,94,6,NIGHT,1,600,402.0,2.0,0,133,129,0,1,0,1,0,0
153437,18,42,hospi,35958,94,6,NIGHT,1,600,402.0,3.0,0,131,128,0,0,0,0,0,0
153438,18,42,hospi,35958,94,6,NIGHT,1,600,402.0,4.0,0,81,79,0,1,1,0,1,1
153439,18,42,hospi,35958,94,6,NIGHT,1,600,402.0,5.0,0,81,79,0,1,1,0,1,1
153440,18,42,hospi,35958,94,6,NIGHT,1,600,402.0,1.0,0,121,116,0,2,0,2,0,0
153441,18,42,hospi,35958,94,6,NIGHT,1,600,402.0,2.0,0,114,111,0,1,1,1,0,0
153442,18,42,hospi,35958,94,6,NIGHT,1,600,402.0,3.0,0,81,79,0,1,1,0,1,1
153443,18,42,hospi,35958,94,6,NIGHT,1,600,402.0,4.0,0,81,79,0,1,1,0,1,1
153444,18,42,hospi,35958,94,6,NIGHT,1,600,402.0,5.0,0,101,97,0,1,1,0,1,0
153445,18,42,hospi,35958,94,6,NIGHT,1,600,402.0,1.0,0,89,87,0,0,0,0,0,0
153446,18,42,hospi,35958,94,6,NIGHT,1,600,402.0,2.0,0,30,29,0,1,1,0,1,0
153447,18,42,hospi,35958,94,6,NIGHT,1,600,402.0,3.0,0,30,29,0,1,1,0,1,0
153448,18,42,hospi,35958,94,6,NIGHT,1,600,402.0,4.0,0,30,29,0,1,1,0,1,0
153449,18,42,hospi,35958,94,6,NIGHT,1,600,402.0,5.0,0,80,76,0,1,0,1,0,0
153450,18,42,hospi,35958,94,6,NIGHT,1,600,402.0,1.0,0,30,29,0,1,1,0,1,0
153451,18,42,hospi,35958,94,6,NIGHT,1,600,402.0,2.0,0,30,29,0,1,1,0,1,0
153452,18,42,hospi,35958,94,6,NIGHT,1,600,402.0,3.0,0,30,28,0,1,1,0,1,0
153453,18,42,hospi,35958,94,6,NIGHT,1,600,402.0,4.0,0,68,65,0,0,0,0,0,0
153454,18,42,hospi,35958,94,6,NIGHT,1,600,402.0,5.0,0,67,64,0,0,0,0,0,0
153455,18,42,hospi,35958,94,6,NIGHT,1,600,402.0,1.0,0,65,61,0,1,1,0,1,0
153456,18,42,hospi,35958,94,6,NIGHT,1,600,402.0,2.0,0,64,60,0,1,1,0,1,0
153457,18,42,hospi,35958,94,6,NIGHT,1,600,402.0,5.0,0,57,53,0,1,1,0,1,0
153458,18,42,hospi,35958,94,6,NIGHT,1,600,402.0,1.0,0,30,27,0,1,1,0,1,0
153459,18,42,hospi,35958,94,6,NIGHT,1,600,402.0,2.0,0,38,35,0,1,1,0,1,0
153460,18,42,hospi,35958,94,6,NIGHT,1,600,402.0,3.0,0,34,32,0,1,1,0,1,0
153461,18,42,hospi,35958,94,6,NIGHT,1,600,402.0,4.0,0,42,39,0,1,1,0,1,0
153462,18,42,hospi,35958,94,6,NIGHT,1,600,402.0,5.0,0,40,37,0,1,1,0,1,0
153463,18,42,hospi,35958,94,6,DAY,1,450,262.0,1.0,0,51,49,0,1,1,0,1,1
153464,18,42,hospi,35958,94,6,DAY,1,450,262.0,3.0,0,150,147,0,0,0,0,0,0
153465,18,42,hospi,35958,94,6,DAY,1,450,262.0,5.0,0,136,133,0,0,0,0,0,0
153466,18,42,hospi,35958,94,6,DAY,1,450,262.0,2.0,0,122,119,0,0,0,0,0,0
153467,18,42,hospi,35958,94,6,DAY,1,450,262.0,4.0,0,114,111,0,0,0,0,0,0
153468,18,42,hospi,35958,94,6,DAY,1,450,262.0,1.0,0,50,49,0,1,1,0,1,0
153469,18,42,hospi,35958,94,6,DAY,1,450,262.0,2.0,0,50,49,0,1,1,0,1,0
153470,18,42,hospi,35958,94,6,DAY,1,450,262.0,4.0,0,70,67,0,0,0,0,0,0
153471,18,42,hospi,35958,94,6,DAY,1,450,262.0,4.0,4,156,153,0,0,0,0,0,0
153472,18,42,hospi,35958,94,6,DAY,1,450,262.0,6.0,0,138,135,0,0,0,0,0,0
153473,18,42,hospi,35958,94,6,DAY,1,450,262.0,2.0,0,138,136,0,0,0,0,0,0
153474,18,42,hospi,35958,94,6,DAY,1,450,262.0,3.0,0,133,129,0,0,0,0,0,0
153475,18,42,hospi,35958,94,6,DAY,1,450,262.0,4.0,0,133,129,0,0,0,0,0,0
153476,18,42,hospi,35958,94,6,DAY,1,450,262.0,6.0,0,123,120,0,0,0,0,0,0
153477,18,42,hospi,35958,94,6,DAY,1,450,262.0,1.0,0,120,117,0,0,0,0,0,0
153478,18,42,hospi,35958,94,6,DAY,1,450,262.0,6.0,0,81,78,0,0,0,0,0,0
153479,18,42,hospi,35958,94,6,DAY,1,450,262.0,2.0,0,72,69,0,0,0,0,0,0
153480,18,42,hospi,35958,94,6,DAY,1,450,262.0,3.0,0,68,65,0,0,0,0,0,0
153481,18,42,hospi,35958,94,6,DAY,1,450,262.0,2.0,0,54,51,0,0,0,0,0,0
153482,18,42,hospi,35958,94,6,DAY,1,450,262.0,3.0,0,51,49,0,0,0,0,0,0
153483,18,42,hospi,35958,94,6,DAY,1,450,262.0,5.0,0,47,45,0,0,0,0,0,0
153484,18,42,hospi,35958,94,6,DAY,1,450,301.0,0.0,0,136,133,0,0,0,0,0,0
153485,18,42,hospi,35958,94,6,DAY,1,450,301.0,0.0,0,122,119,0,0,0,0,0,0
153486,18,42,hospi,35958,94,6,DAY,1,450,301.0,0.0,0,76,73,0,0,0,0,0,0
153487,18,4,ehpad_rh,35915,93,6,DAY,1,660,456.0,4.0,1,1,0,0,1,1,0,1,0
153488,18,4,ehpad_rh,35915,93,6,DAY,1,660,456.0,2.0,2,1,0,0,1,1,0,1,0
153489,18,4,ehpad_rh,35915,93,6,DAY,1,660,524.0,6.0,3,1,0,0,1,1,0,1,0
153490,18,4,ehpad_rh,35915,93,6,DAY,1,660,524.0,0.0,3,1,0,0,1,1,0,1,0
153491,18,11,labo,35935,93,6,DAY,1,240,180.0,6.0,1,3,3,0,0,0,0,0,0
153491,18,11,labo,35935,93,6,DAY,1,240,180.0,6.0,2,162,160,0,0,0,0,0,0
153492,18,44,hea_hou,30438,76,6,NIGHT,1,640,536.0,6.0,2,1,0,0,1,1,0,1,1
153493,18,9,clinic,31750,79,6,DAY,1,660,408.0,4.0,3,1,0,0,1,1,0,1,1
153494,18,11,labo,35965,94,6,DAY,1,180,135.0,2.0,2,197,190,0,2,1,1,1,0
153495,18,11,labo,35965,94,6,DAY,1,180,135.0,2.0,3,180,176,0,1,1,0,1,0
153496,18,11,labo,35965,94,6,DAY,1,180,135.0,2.0,4,80,79,0,1,1,0,1,0
153497,18,28,clinic,31750,79,6,DAY,1,660,524.0,0.0,2,1,0,0,1,1,0,1,0
153498,18,44,clinic,31750,79,6,NIGHT,1,660,469.0,1.0,3,153,150,0,1,0,1,0,0
153499,18,44,hea_hou,30438,76,6,NIGHT,1,640,536.0,3.0,1,90,0,90,0,0,0,0,0
153500,18,44,hea_hou,30438,76,6,NIGHT,1,640,536.0,4.0,1,180,179,0,1,1,0,2,0
153501,18,44,hea_hou,30438,76,6,NIGHT,1,640,536.0,6.0,2,185,184,0,1,1,0,1,0
153502,18,44,hea_hou,30438,76,6,NIGHT,1,640,536.0,0.0,2,150,149,0,1,1,1,0,0
153503,18,44,hea_hou,30438,76,6,NIGHT,1,640,536.0,3.0,4,150,149,0,1,1,1,0,0
153504,18,44,hea_hou,30438,76,6,NIGHT,1,640,536.0,6.0,4,150,149,0,1,1,1,0,0
153505,18,44,hea_hou,30438,76,6,NIGHT,1,640,536.0,0.0,4,90,89,0,1,1,1,0,0
153506,18,44,hea_hou,30438,76,6,NIGHT,1,640,536.0,1.0,4,90,89,0,1,1,1,0,0
153507,18,44,hea_hou,30438,76,6,NIGHT,1,640,536.0,4.0,4,60,58,0,2,1,1,1,0
153508,18,44,hea_hou,30438,76,6,NIGHT,1,640,536.0,1.0,2,150,149,0,1,1,0,1,0
153509,18,44,hea_hou,30438,76,6,NIGHT,1,640,536.0,2.0,2,170,168,0,2,1,2,0,0
153511,18,28,clinic,31719,79,6,NIGHT,1,660,497.0,5.0,1,90,88,0,2,1,1,1,0
153511,18,28,clinic,31719,79,6,NIGHT,1,660,497.0,5.0,2,90,89,0,0,0,0,0,0
153512,18,28,clinic,31719,79,6,DAY,1,660,432.0,5.0,1,163,162,0,0,0,0,0,0
153513,18,4,hospi,16756,45,12,DAY,1,580,518.0,6.0,2,1,0,0,1,1,0,1,0
153514,18,4,hospi,16756,45,12,DAY,1,580,518.0,0.0,2,1,0,0,1,1,0,1,0
153516,18,9,clinic,31719,79,6,DAY,1,660,432.0,5.0,3,92,92,0,0,0,0,0,0
153517,18,28,clinic,31719,79,6,DAY,2,660,432.0,5.0,3,166,166,0,0,0,0,0,0
153518,18,44,clinic,31719,79,6,NIGHT,2,630,476.0,6.0,3,10,10,0,0,0,0,0,0
153523,18,28,clinic,31719,79,6,NIGHT,2,660,497.0,6.0,3,160,157,0,3,2,3,0,0
153524,18,28,clinic,31719,79,6,NIGHT,2,660,497.0,6.0,4,161,159,0,1,1,1,0,0
153525,18,28,clinic,31719,79,6,NIGHT,1,660,497.0,0.0,3,180,179,0,0,0,0,0,0
153526,18,28,clinic,31719,79,6,NIGHT,1,660,497.0,2.0,3,170,169,0,1,1,1,0,0
153527,18,28,clinic,31719,79,6,NIGHT,1,660,497.0,3.0,3,80,79,0,1,1,1,0,0
153528,18,28,clinic,31719,79,6,NIGHT,1,660,497.0,6.0,4,160,159,0,1,1,1,0,0
153529,18,28,clinic,31719,79,6,NIGHT,1,660,497.0,0.0,4,180,179,0,0,0,0,0,0
153530,18,9,clinic,31719,79,6,NIGHT,1,660,497.0,1.0,4,89,89,0,0,0,0,0,0
153531,18,28,clinic,31719,79,6,NIGHT,1,660,497.0,4.0,4,160,159,0,1,1,1,0,0
153532,18,44,clinic,31719,79,6,NIGHT,2,660,497.0,6.0,3,143,140,0,2,2,2,0,0
153533,18,44,clinic,31719,79,6,NIGHT,2,660,497.0,6.0,4,139,136,0,2,0,2,0,0
153534,18,44,clinic,31719,79,6,NIGHT,1,660,497.0,5.0,1,93,92,0,0,0,0,0,0
153534,18,44,clinic,31719,79,6,NIGHT,1,660,497.0,5.0,2,60,60,0,0,0,0,0,0
153535,18,44,clinic,31719,79,6,NIGHT,1,660,497.0,5.0,3,151,150,0,0,0,0,0,0
153536,18,44,clinic,31719,79,6,NIGHT,1,660,497.0,0.0,3,159,157,0,1,1,1,0,0
153537,18,44,clinic,31719,79,6,NIGHT,1,660,497.0,0.0,4,165,163,0,0,0,0,0,0
153538,18,44,clinic,31719,79,6,NIGHT,1,660,497.0,4.0,4,150,150,0,0,0,0,0,0
153539,18,28,clinic,31719,79,6,NIGHT,1,660,497.0,5.0,3,160,159,0,1,1,1,0,0
153540,18,9,clinic,31719,79,6,DAY,1,660,432.0,2.0,3,88,88,0,0,0,0,0,0
153541,18,9,clinic,31719,79,6,DAY,1,660,432.0,3.0,3,85,85,0,0,0,0,0,0
153542,18,9,clinic,31719,79,6,DAY,1,660,432.0,5.0,4,85,85,0,0,0,0,0,0
153543,18,9,clinic,31719,79,6,DAY,1,660,432.0,6.0,4,73,73,0,0,0,0,0,0
153545,18,28,clinic,31719,79,6,DAY,1,660,432.0,6.0,4,161,160,0,0,0,0,0,0
153546,18,28,clinic,31719,79,6,DAY,1,660,432.0,5.0,4,157,156,0,0,0,0,0,0
153547,18,28,clinic,31719,79,6,DAY,1,660,432.0,6.0,4,145,144,0,0,0,0,0,0
153548,18,29,clinic,33838,85,17,DAY,1,420,257.0,3.0,4,4,4,0,0,0,0,0,0
153549,18,29,clinic,33838,85,17,DAY,1,580,400.0,6.0,3,5,4,0,0,0,0,0,0
153550,18,29,clinic,33838,85,17,DAY,1,580,350.0,5.0,1,4,4,0,0,0,0,0,0
153551,18,29,clinic,33838,85,17,DAY,1,580,400.0,6.0,2,3,3,0,0,0,0,0,0
153552,18,28,clinic,31750,79,6,NIGHT,1,660,524.0,5.0,1,90,88,0,2,1,2,0,0
153552,18,28,clinic,31750,79,6,NIGHT,1,660,524.0,5.0,2,60,60,0,0,0,0,0,0
153553,18,28,clinic,31750,79,6,NIGHT,1,660,524.0,0.0,2,160,159,0,1,1,1,0,0
153554,18,28,clinic,31750,79,6,NIGHT,1,660,524.0,1.0,2,30,29,0,1,1,1,0,0
153555,18,28,clinic,31750,79,6,NIGHT,1,660,524.0,2.0,2,80,79,0,1,1,1,0,0
153556,18,28,clinic,31750,79,6,NIGHT,1,660,524.0,5.0,3,80,79,0,1,1,0,1,0
153557,18,28,clinic,31750,79,6,NIGHT,1,660,524.0,5.0,4,130,129,0,1,1,0,1,1
153558,18,28,clinic,31750,79,6,NIGHT,1,660,524.0,5.0,1,105,101,0,3,1,3,0,0
153558,18,28,clinic,31750,79,6,NIGHT,1,660,524.0,5.0,2,60,60,0,0,0,0,0,0
153559,18,28,clinic,31750,79,6,NIGHT,1,660,524.0,3.0,2,60,59,0,1,1,1,0,0
153559,18,28,clinic,31750,79,6,NIGHT,1,660,524.0,3.0,3,20,20,0,0,0,0,0,0
153560,18,28,clinic,31750,79,6,NIGHT,1,660,524.0,6.0,3,140,139,0,1,1,1,0,0
153561,18,19,clinic,33838,85,17,DAY,1,580,350.0,2.0,3,9,9,0,0,0,0,0,0
153562,18,19,clinic,33838,85,17,DAY,1,580,350.0,3.0,3,8,8,0,0,0,0,0,0
153563,18,29,clinic,33838,85,17,DAY,1,580,350.0,3.0,4,4,4,0,0,0,0,0,0
153564,18,29,clinic,33838,85,17,DAY,1,580,350.0,4.0,4,4,4,0,0,0,0,0,0
153566,18,29,clinic,33838,85,17,DAY,1,580,350.0,1.0,4,6,6,0,0,0,0,0,0
153567,18,42,clinic,30438,76,6,DAY,1,660,418.0,5.0,1,2,0,0,2,2,0,4,0
153568,18,5,ssr,12591,34,14,NIGHT,1,700,455.0,1.0,4,24,23,0,0,0,0,0,0
153569,18,4,hospi,35941,94,6,DAY,1,720,420.0,5.0,1,174,1,173,0,0,0,0,0
153570,18,4,clinic,30438,76,6,DAY,1,660,418.0,5.0,3,40,38,0,1,1,1,0,0
153571,18,4,clinic,30438,76,6,DAY,1,660,418.0,2.0,4,40,39,0,1,1,1,0,0
153572,18,2,clinic,30438,76,6,DAY,1,660,418.0,4.0,3,40,39,0,1,1,1,0,0
153573,18,2,clinic,30438,76,6,DAY,1,660,418.0,1.0,4,40,39,0,1,1,1,0,0
153574,18,2,clinic,30438,76,6,DAY,1,660,418.0,2.0,4,30,29,0,1,1,0,1,0
153575,18,2,clinic,30438,76,6,DAY,1,660,418.0,1.0,4,60,59,0,1,1,0,1,0
153576,18,2,clinic,30438,76,6,DAY,1,660,418.0,3.0,4,125,124,0,0,0,0,0,0
153577,18,2,clinic,30438,76,6,DAY,1,660,480.0,6.0,4,125,123,0,0,0,0,0,0
153578,18,2,clinic,30438,76,6,DAY,1,660,480.0,0.0,4,40,39,0,1,1,1,0,0
153579,18,5,clinic,30438,76,6,DAY,1,660,418.0,5.0,2,4,4,0,0,0,0,0,0
153579,18,5,clinic,30438,76,6,DAY,1,660,418.0,5.0,3,210,208,0,0,0,0,0,0
153580,18,5,clinic,30438,76,6,DAY,1,660,418.0,2.0,2,40,39,0,1,1,0,1,0
153581,18,5,clinic,30438,76,6,DAY,1,660,418.0,3.0,2,4,3,0,1,1,1,0,0
153581,18,5,clinic,30438,76,6,DAY,1,660,418.0,3.0,3,200,198,0,0,0,0,0,0
153582,18,5,clinic,30438,76,6,DAY,1,660,418.0,3.0,4,179,177,0,0,0,0,0,0
153583,18,28,clinic,31750,79,6,DAY,1,660,456.0,5.0,1,152,2,149,0,0,0,0,0
153584,18,32,ssr,35918,93,6,DAY,1,660,384.0,1.0,2,185,183,0,1,1,1,0,0
153585,18,32,clinic,1941,6,17,NIGHT,1,720,524.0,0.0,0,7,6,0,1,1,0,1,1
153586,18,4,clinic,1941,6,17,NIGHT,1,720,524.0,1.0,0,7,6,0,1,1,0,1,0
153587,18,32,clinic,1941,6,17,DAY,1,650,411.0,4.0,4,6,5,0,1,1,1,0,0
153588,18,32,clinic,1941,6,17,DAY,1,650,411.0,5.0,0,7,6,0,1,1,0,1,1
153589,18,32,clinic,1941,6,17,DAY,1,620,451.0,6.0,0,6,5,0,1,1,0,1,1
153590,18,32,clinic,1941,6,17,DAY,1,620,451.0,0.0,0,6,5,0,1,1,0,1,1
153591,18,4,clinic,31856,79,6,NIGHT,1,690,460.0,5.0,3,150,148,0,1,1,1,0,0
153592,18,4,clinic,31856,79,6,NIGHT,1,690,460.0,6.0,3,168,167,0,1,0,1,0,0
153593,18,32,clinic,35813,92,6,DAY,1,600,360.0,2.0,4,142,140,0,1,1,0,1,0
153594,18,32,clinic,35813,92,6,DAY,1,600,360.0,3.0,4,138,136,0,0,0,0,0,0
153595,18,32,clinic,35813,92,6,DAY,1,600,360.0,5.0,3,161,160,0,0,0,0,0,0
153596,18,32,clinic,35813,92,6,DAY,1,360,216.0,1.0,2,160,158,0,1,1,0,1,0
153597,18,32,clinic,35813,92,6,DAY,1,360,216.0,2.0,2,164,163,0,0,0,0,0,0
153598,18,32,clinic,35813,92,6,DAY,1,360,216.0,3.0,2,163,161,0,0,0,0,0,0
153599,18,32,clinic,35813,92,6,DAY,1,360,216.0,5.0,3,161,159,0,2,2,0,4,0
153600,18,32,clinic,35813,92,6,DAY,1,360,216.0,1.0,3,155,153,0,0,0,0,0,0
153601,18,32,clinic,35813,92,6,DAY,1,360,216.0,2.0,3,152,150,0,0,0,0,0,0
153602,18,32,clinic,35813,92,6,DAY,1,360,216.0,3.0,3,155,152,0,0,0,0,0,0
153603,18,32,clinic,35813,92,6,DAY,1,360,216.0,4.0,3,161,159,0,2,2,0,4,0
153604,18,32,clinic,35813,92,6,DAY,1,360,216.0,5.0,3,161,159,0,0,0,0,0,0
153605,18,4,clinic,35813,92,6,DAY,1,600,360.0,6.0,1,154,152,0,0,0,0,0,0
153606,18,4,clinic,35813,92,6,DAY,1,600,360.0,1.0,2,167,165,0,1,1,1,0,0
153607,18,4,clinic,35813,92,6,DAY,1,600,450.0,0.0,1,1,1,0,0,0,0,0,0
153607,18,4,clinic,35813,92,6,DAY,1,600,450.0,0.0,2,148,145,0,0,0,0,0,0
153608,18,32,clinic,35813,92,6,DAY,1,600,360.0,6.0,4,134,131,0,0,0,0,0,0
153609,18,32,clinic,35813,92,6,DAY,1,600,450.0,0.0,0,133,130,0,0,0,0,0,0
153609,18,32,clinic,35813,92,6,DAY,1,600,450.0,0.0,4,1,1,0,0,0,0,0,0
153610,18,32,clinic,35813,92,6,DAY,1,600,360.0,6.0,0,127,125,0,1,1,0,1,0
153611,18,32,clinic,35813,92,6,DAY,1,600,360.0,6.0,0,111,109,0,0,0,0,0,0
153612,18,32,clinic,35813,92,6,DAY,1,600,450.0,0.0,0,60,58,0,1,1,0,1,0
153613,18,32,clinic,35813,92,6,DAY,1,600,360.0,6.0,4,134,131,0,0,0,0,0,0
153614,18,5,clinic,31750,79,6,DAY,1,660,408.0,3.0,3,141,141,0,0,0,0,0,0
153615,18,5,clinic,31750,79,6,DAY,1,660,469.0,6.0,4,121,121,0,0,0,0,0,0
153616,18,5,clinic,31750,79,6,DAY,1,660,469.0,0.0,4,123,123,0,0,0,0,0,0
153618,18,28,clinic,31750,79,6,DAY,1,660,456.0,5.0,1,152,2,149,0,0,0,0,0
153619,1,28,teleconsult,21474,57,13,DAY,1,300,300.0,5.0,1,1,0,0,1,1,0,1,0
153620,1,28,teleconsult,21474,57,13,DAY,1,300,300.0,5.0,1,1,0,0,1,1,0,1,0
153621,18,28,clinic,31719,79,6,NIGHT,1,660,497.0,5.0,1,90,89,0,0,0,0,0,0
153622,18,28,clinic,31719,79,6,NIGHT,1,660,497.0,0.0,2,30,30,0,0,0,0,0,0
153623,18,28,clinic,31719,79,6,NIGHT,1,660,497.0,0.0,3,30,30,0,0,0,0,0,0
153624,18,28,clinic,31719,79,6,NIGHT,1,660,497.0,1.0,4,110,109,0,1,1,1,0,0
153625,18,28,clinic,31719,79,6,NIGHT,1,660,497.0,5.0,4,164,163,0,1,1,1,0,0
153626,18,28,clinic,31719,79,6,DAY,1,660,432.0,3.0,4,30,30,0,0,0,0,0,0
153627,18,44,hea_hou,30438,76,6,NIGHT,1,640,536.0,0.0,2,1,0,0,1,1,0,1,0
153628,18,44,hea_hou,30438,76,6,NIGHT,1,640,536.0,2.0,4,1,0,0,1,1,0,1,0
153629,18,44,hea_hou,30438,76,6,NIGHT,1,640,536.0,3.0,4,1,0,0,1,1,0,1,0
153630,18,44,hea_hou,30438,76,6,NIGHT,1,640,536.0,2.0,2,1,0,0,1,1,0,1,0
153631,18,4,ssr,35918,93,6,DAY,1,660,384.0,5.0,1,173,172,0,1,1,0,1,0
153632,18,28,clinic,31719,79,6,DAY,1,660,432.0,0.0,4,20,20,0,0,0,0,0,0
153633,18,32,clinic,36025,96,6,DAY,1,600,340.0,3.0,4,112,109,0,1,1,1,0,0
153634,18,32,ssr,30438,76,6,DAY,1,675,490.0,3.0,3,197,196,0,1,1,0,1,0
153635,18,32,ssr,30438,76,6,DAY,1,675,490.0,4.0,3,198,197,0,1,1,0,1,0
153636,18,28,clinic,31719,79,6,DAY,1,660,432.0,3.0,2,20,20,0,0,0,0,0,0
153637,18,28,clinic,31719,79,6,DAY,1,660,432.0,4.0,2,20,20,0,0,0,0,0,0
153638,18,19,clinic,33838,85,17,DAY,1,580,350.0,5.0,1,5,5,0,0,0,0,0,0
153639,18,19,clinic,33838,85,17,DAY,1,580,350.0,2.0,3,9,9,0,0,0,0,0,0
153640,18,19,clinic,33838,85,17,DAY,1,580,400.0,6.0,1,4,4,0,0,0,0,0,0
153641,18,19,clinic,33838,85,17,DAY,1,580,400.0,0.0,2,4,4,0,0,0,0,0,0
153642,18,19,clinic,33838,85,17,DAY,1,580,350.0,4.0,2,7,7,0,0,0,0,0,0
153643,18,19,clinic,33838,85,17,DAY,1,580,350.0,5.0,3,6,5,0,1,1,1,0,0
153644,18,19,clinic,33838,85,17,DAY,1,580,350.0,5.0,3,8,8,0,0,0,0,0,0
153645,18,19,clinic,33838,85,17,DAY,1,580,400.0,6.0,4,6,6,0,0,0,0,0,0
153649,18,28,clinic,31719,79,6,DAY,1,660,497.0,6.0,4,150,148,0,2,2,0,4,0
153650,18,28,clinic,31719,79,6,DAY,1,660,432.0,3.0,2,176,175,0,1,1,1,0,0
153651,18,28,clinic,31719,79,6,DAY,1,660,432.0,4.0,2,171,168,0,1,1,1,0,0
153652,286,45,clinic,35951,94,6,DAY,1,690,460.0,3.0,1,1,0,1,0,0,0,0,0
153652,286,45,clinic,35951,94,6,DAY,1,690,460.0,3.0,2,1,0,1,0,0,0,0,0
153653,18,42,clinic,33838,85,17,DAY,1,580,400.0,6.0,3,10,9,0,1,1,1,0,0
153654,18,19,clinic,33838,85,17,DAY,1,580,400.0,6.0,1,4,4,0,0,0,0,0,0
153655,18,19,clinic,33838,85,17,DAY,1,580,400.0,0.0,2,4,4,0,0,0,0,0,0
153656,18,19,clinic,33838,85,17,DAY,1,580,350.0,5.0,1,5,0,5,0,0,0,0,0
153657,18,19,clinic,33838,85,17,DAY,1,580,350.0,5.0,3,9,8,0,1,1,1,0,0
153658,18,19,clinic,33838,85,17,DAY,1,580,400.0,6.0,4,6,6,0,0,0,0,0,0
153659,18,19,clinic,33838,85,17,DAY,1,580,400.0,0.0,4,8,7,0,1,1,1,0,0
153662,18,19,clinic,33838,85,17,DAY,1,580,350.0,1.0,3,10,9,0,1,1,1,0,0
153663,18,19,clinic,33838,85,17,DAY,1,580,350.0,2.0,3,11,9,0,2,2,0,4,0
153664,18,19,clinic,33838,85,17,DAY,1,580,350.0,3.0,3,11,10,0,1,0,1,0,0
153665,18,19,clinic,33838,85,17,DAY,1,580,400.0,6.0,4,7,6,0,1,1,0,1,1
153666,18,32,clinic,35813,92,6,NIGHT,1,720,450.0,2.0,4,165,163,0,1,1,0,1,0
153667,18,4,had,35731,92,6,DAY,1,600,340.0,6.0,1,116,0,115,0,0,0,0,0
153668,18,4,had,35731,92,6,DAY,1,600,391.0,0.0,1,2,1,1,0,0,0,0,0
153668,18,4,had,35731,92,6,DAY,1,600,391.0,0.0,2,116,0,114,0,0,0,0,0
153669,18,4,had,35731,92,6,DAY,1,600,391.0,0.0,2,8,8,0,0,0,0,0,0
153669,18,4,had,35731,92,6,DAY,1,600,391.0,0.0,3,14,14,0,0,0,0,0,0
153669,18,4,had,35731,92,6,DAY,1,600,391.0,0.0,4,115,114,0,0,0,0,0,0
153670,18,19,clinic,33838,85,17,DAY,1,580,350.0,4.0,4,7,6,0,1,1,1,0,0
153671,18,2,clinic,35950,94,6,DAY,1,700,443.0,1.0,2,147,145,0,1,1,1,0,0
153672,18,19,clinic,31856,79,6,NIGHT,1,690,460.0,4.0,1,123,0,123,0,0,0,0,0
153673,18,44,hea_hou,30438,76,6,NIGHT,1,640,536.0,5.0,1,187,186,0,1,1,1,0,0
153674,286,45,clinic,36000,95,6,DAY,1,660,400.0,5.0,3,1,1,0,0,0,0,0,0
153675,286,45,clinic,36000,95,6,DAY,1,660,400.0,6.0,4,1,0,1,0,0,0,0,0
153676,286,45,clinic,36000,95,6,DAY,1,660,400.0,5.0,4,1,1,0,0,0,0,0,0
153677,18,28,other_ms,35981,95,6,DAY,1,580,380.0,3.0,4,190,184,0,1,0,1,0,0
153678,18,4,clinic,30438,76,6,DAY,1,660,418.0,5.0,1,1,0,0,1,1,0,1,0
153679,18,44,hea_hou,30438,76,6,NIGHT,1,640,536.0,1.0,3,100,99,0,1,1,0,1,0
153680,18,18,clinic,31856,79,6,NIGHT,1,690,460.0,5.0,1,137,137,0,0,0,0,0,0
153681,18,4,clinic,30438,76,6,DAY,1,540,342.0,5.0,1,200,0,199,0,0,0,0,0
153682,18,42,hospi,35958,94,6,NIGHT,2,720,483.0,1.0,0,145,142,0,1,1,0,1,1
153682,18,42,hospi,35958,94,6,NIGHT,2,720,483.0,1.0,4,1,1,0,0,0,0,0,0
153683,18,42,hospi,35958,94,6,NIGHT,2,720,483.0,1.0,0,137,134,0,1,1,0,1,1
153684,18,42,hospi,35958,94,6,NIGHT,2,720,483.0,1.0,0,119,115,0,1,0,1,0,0
153685,18,42,hospi,35958,94,6,NIGHT,1,720,483.0,4.0,4,80,79,0,1,1,0,1,1
153686,18,42,hospi,35958,94,6,NIGHT,1,720,483.0,5.0,4,80,79,0,1,1,0,1,1
153687,18,42,hospi,35958,94,6,NIGHT,1,720,483.0,6.0,4,151,148,0,0,0,0,0,0
153688,18,42,hospi,35958,94,6,NIGHT,1,720,483.0,0.0,0,80,77,0,1,0,1,0,0
153689,18,42,hospi,35958,94,6,NIGHT,1,720,483.0,2.0,0,149,146,0,0,0,0,0,0
153690,18,42,hospi,35958,94,6,NIGHT,1,720,483.0,3.0,0,144,141,0,0,0,0,0,0
153691,18,42,hospi,35958,94,6,NIGHT,1,720,483.0,4.0,0,141,138,0,0,0,0,0,0
153692,18,42,hospi,35958,94,6,NIGHT,1,720,483.0,5.0,0,139,136,0,0,0,0,0,0
153693,18,42,hospi,35958,94,6,NIGHT,1,720,483.0,6.0,0,135,132,0,0,0,0,0,0
153694,18,42,hospi,35958,94,6,NIGHT,1,720,483.0,0.0,0,141,138,0,0,0,0,0,0
153695,18,42,hospi,35958,94,6,NIGHT,1,720,483.0,2.0,0,90,89,0,1,1,0,1,1
153696,18,42,hospi,35958,94,6,NIGHT,1,720,483.0,3.0,0,133,130,0,0,0,0,0,0
153697,18,42,hospi,35958,94,6,NIGHT,1,720,483.0,4.0,0,137,134,0,0,0,0,0,0
153698,18,42,hospi,35958,94,6,NIGHT,1,720,483.0,5.0,0,134,131,0,0,0,0,0,0
153699,18,42,hospi,35958,94,6,NIGHT,1,720,483.0,6.0,0,132,129,0,0,0,0,0,0
153700,18,42,hospi,35958,94,6,NIGHT,1,720,483.0,0.0,0,80,77,0,1,0,1,0,0
153701,18,42,hospi,35958,94,6,NIGHT,1,720,483.0,1.0,0,128,125,0,0,0,0,0,0
153702,18,42,hospi,35958,94,6,NIGHT,1,720,483.0,2.0,0,131,128,0,0,0,0,0,0
153703,18,42,hospi,35958,94,6,NIGHT,1,720,483.0,3.0,0,129,126,0,0,0,0,0,0
153704,18,42,hospi,35958,94,6,NIGHT,1,720,483.0,4.0,0,127,124,0,0,0,0,0,0
153705,18,42,hospi,35958,94,6,NIGHT,1,720,483.0,5.0,0,125,122,0,0,0,0,0,0
153706,18,42,hospi,35958,94,6,NIGHT,1,720,483.0,6.0,0,120,117,0,0,0,0,0,0
153707,18,42,hospi,35958,94,6,NIGHT,1,720,483.0,0.0,0,122,119,0,0,0,0,0,0
153708,18,42,hospi,35958,94,6,NIGHT,1,720,483.0,2.0,0,120,117,0,0,0,0,0,0
153709,18,42,hospi,35958,94,6,NIGHT,1,720,483.0,3.0,0,113,110,0,0,0,0,0,0
153710,18,42,hospi,35958,94,6,NIGHT,1,720,483.0,4.0,0,114,111,0,0,0,0,0,0
153711,18,8,clinic,35957,94,6,DAY,1,660,432.0,1.0,2,80,79,0,1,1,1,0,0
153712,18,28,clinic,31719,79,6,DAY,1,660,497.0,3.0,4,2,0,0,2,2,0,4,0
153713,18,44,hea_hou,30438,76,6,NIGHT,1,640,536.0,5.0,1,189,187,0,1,0,1,0,0
153714,18,28,clinic,31750,79,6,NIGHT,1,660,524.0,5.0,1,164,162,0,1,1,1,0,0
153715,18,19,clinic,31856,79,6,NIGHT,1,690,460.0,1.0,3,8,8,0,0,0,0,0,0
153715,18,19,clinic,31856,79,6,NIGHT,1,690,460.0,1.0,4,123,121,0,2,1,2,0,0
153716,18,32,clinic,31856,79,6,NIGHT,1,690,460.0,1.0,4,60,59,0,1,1,0,1,0
153717,18,32,clinic,31856,79,6,NIGHT,1,690,460.0,0.0,4,130,129,0,1,1,0,1,0
153718,18,32,clinic,31856,79,6,NIGHT,1,690,460.0,4.0,4,181,179,0,1,1,0,1,0
153719,18,4,clinic,31856,79,6,NIGHT,2,690,460.0,4.0,4,181,179,0,2,2,0,2,0
153720,18,4,clinic,31856,79,6,NIGHT,2,690,460.0,5.0,4,170,167,0,3,2,1,2,0
153721,18,4,clinic,31856,79,6,NIGHT,1,690,460.0,0.0,4,60,59,0,1,1,0,1,1
153722,18,4,clinic,31856,79,6,NIGHT,1,690,460.0,2.0,4,130,129,0,1,1,0,1,0
153723,18,4,clinic,31856,79,6,NIGHT,1,690,460.0,6.0,4,150,148,0,2,1,1,1,0
153724,18,5,clinic,31750,79,6,DAY,1,660,408.0,1.0,4,139,137,0,0,0,0,0,0
153725,18,5,clinic,31750,79,6,DAY,1,660,408.0,2.0,0,115,113,0,0,0,0,0,0
153725,18,5,clinic,31750,79,6,DAY,1,660,408.0,2.0,4,10,9,0,1,1,0,1,0
153726,18,5,clinic,31750,79,6,DAY,1,660,408.0,3.0,0,119,117,0,0,0,0,0,0
153726,18,5,clinic,31750,79,6,DAY,1,660,408.0,3.0,4,8,8,0,0,0,0,0,0
153727,18,5,clinic,31750,79,6,DAY,1,660,469.0,6.0,4,130,128,0,0,0,0,0,0
153728,18,5,clinic,31750,79,6,DAY,1,660,469.0,0.0,4,131,129,0,0,0,0,0,0
153729,18,5,clinic,31750,79,6,DAY,1,660,408.0,5.0,0,117,115,0,0,0,0,0,0
153729,18,5,clinic,31750,79,6,DAY,1,660,408.0,5.0,4,4,3,0,1,1,0,1,1
153730,18,5,clinic,31750,79,6,DAY,1,660,408.0,1.0,0,124,122,0,0,0,0,0,0
153731,18,5,clinic,31750,79,6,DAY,1,660,408.0,4.0,0,118,115,0,0,0,0,0,0
153732,18,5,clinic,31750,79,6,NIGHT,1,660,469.0,6.0,0,116,111,0,2,1,1,1,1
153733,18,5,clinic,31750,79,6,NIGHT,1,660,469.0,2.0,0,118,114,0,1,1,0,1,0
153734,18,5,clinic,31750,79,6,NIGHT,1,660,469.0,3.0,0,96,93,0,1,1,0,1,0
153735,18,5,clinic,31750,79,6,NIGHT,1,660,469.0,4.0,0,96,93,0,1,1,0,1,0
153736,18,2,clinic,35950,94,6,DAY,1,660,361.0,1.0,1,5,0,5,0,0,0,0,0
153736,18,2,clinic,35950,94,6,DAY,1,660,361.0,1.0,2,148,1,145,0,0,0,0,0
153737,18,44,hea_hou,30438,76,6,DAY,1,660,440.0,4.0,3,192,190,0,0,0,0,0,0
153738,18,44,hea_hou,30438,76,6,DAY,1,660,440.0,2.0,4,100,99,0,1,1,1,0,0
153739,18,44,hea_hou,30438,76,6,DAY,1,660,440.0,6.0,4,169,167,0,0,0,0,0,0
153740,18,44,hea_hou,30438,76,6,DAY,1,660,552.0,0.0,4,100,99,0,1,1,1,0,0
153741,18,44,hea_hou,30438,76,6,DAY,1,660,440.0,3.0,4,100,99,0,1,1,1,0,0
153742,18,44,hea_hou,30438,76,6,DAY,1,660,440.0,1.0,4,162,159,0,1,1,1,0,0
153743,18,44,hea_hou,30438,76,6,DAY,1,660,440.0,4.0,4,180,178,0,0,0,0,0,0
153744,18,44,hea_hou,30438,76,6,NIGHT,1,640,536.0,5.0,1,190,0,189,0,0,0,0,0
153745,18,28,clinic,31719,79,6,NIGHT,1,660,497.0,5.0,4,20,19,0,1,1,1,0,0
153746,18,4,ssr,35918,93,6,DAY,1,660,384.0,4.0,4,1,0,0,1,1,0,1,0
153747,18,4,ssr,35918,93,6,DAY,1,660,384.0,1.0,0,1,0,0,1,1,0,1,0
153748,18,4,ssr,35918,93,6,DAY,1,660,384.0,2.0,0,1,0,0,1,1,0,1,0
153749,18,4,ssr,35918,93,6,DAY,1,660,384.0,2.0,0,1,0,0,1,1,0,1,0
153750,18,4,ssr,35918,93,6,DAY,1,660,384.0,3.0,0,1,0,0,1,1,0,1,0
153751,18,4,ssr,35918,93,6,DAY,1,660,384.0,4.0,0,1,0,0,1,1,0,1,0
153752,18,4,ssr,35918,93,6,DAY,1,660,384.0,2.0,0,1,0,0,1,1,0,1,0
153753,18,4,ssr,35918,93,6,DAY,1,660,384.0,3.0,0,1,0,0,1,1,0,1,0
153754,18,4,ssr,35918,93,6,DAY,1,660,384.0,2.0,0,1,0,0,1,1,0,1,0
153755,18,4,ssr,35918,93,6,DAY,1,660,384.0,3.0,0,1,0,0,1,1,0,1,0
153756,18,4,ssr,35918,93,6,DAY,1,660,384.0,4.0,0,1,0,0,1,1,0,1,0
153757,18,42,clinic,33838,85,17,DAY,1,580,400.0,6.0,3,10,9,0,1,0,1,0,0
153758,18,4,ssr,35918,93,6,DAY,1,660,442.0,0.0,4,1,0,0,1,1,0,1,0
153759,18,4,ssr,35918,93,6,DAY,1,660,442.0,6.0,0,1,0,0,1,1,0,1,0
153760,18,4,ssr,35918,93,6,DAY,1,660,442.0,0.0,0,1,0,0,1,1,0,1,0
153761,18,4,ssr,35918,93,6,DAY,1,660,442.0,0.0,0,1,0,0,1,1,0,1,0
153762,18,4,ssr,35918,93,6,DAY,1,660,442.0,6.0,0,1,0,0,1,1,0,1,0
153763,18,4,ssr,35918,93,6,DAY,1,660,442.0,0.0,0,1,0,0,1,1,0,1,0
153766,18,19,clinic,33838,85,17,DAY,1,580,400.0,6.0,3,8,8,0,0,0,0,0,0
153767,18,28,clinic,35806,92,6,DAY,1,660,443.0,0.0,1,151,148,0,1,1,1,0,0
153768,18,11,labo,35926,93,6,DAY,1,240,180.0,6.0,1,170,170,0,0,0,0,0,0
153770,286,45,clinic,36000,95,6,DAY,1,660,400.0,5.0,3,1,1,0,0,0,0,0,0
153771,18,42,hospi,35958,94,6,NIGHT,1,600,402.0,1.0,2,1,0,0,1,1,0,1,1
153772,18,19,clinic,33838,85,17,DAY,1,580,350.0,2.0,4,6,5,0,1,0,1,0,0
153773,18,19,clinic,33838,85,17,DAY,1,580,350.0,3.0,4,7,6,0,1,1,0,1,1
153774,18,42,hospi,35958,94,6,NIGHT,1,600,402.0,2.0,0,119,117,0,0,0,0,0,0
153775,18,9,hospi,30438,76,6,NIGHT,1,660,440.0,5.0,1,30,30,0,0,0,0,0,0
153776,18,32,clinic,35813,92,6,DAY,1,360,216.0,3.0,1,2,2,0,0,0,0,0,0
153776,18,32,clinic,35813,92,6,DAY,1,360,216.0,3.0,2,169,168,0,0,0,0,0,0
153777,18,32,clinic,35813,92,6,DAY,1,360,216.0,5.0,2,168,168,0,0,0,0,0,0
153778,18,32,clinic,35813,92,6,DAY,1,360,216.0,3.0,3,163,161,0,0,0,0,0,0
153779,18,32,clinic,35813,92,6,DAY,1,360,216.0,5.0,3,168,167,0,0,0,0,0,0
153780,18,32,clinic,35813,92,6,DAY,1,600,360.0,6.0,4,139,137,0,0,0,0,0,0
153781,18,32,clinic,35813,92,6,DAY,1,600,450.0,0.0,4,139,137,0,0,0,0,0,0
153782,18,32,clinic,35813,92,6,DAY,1,600,360.0,6.0,0,130,128,0,0,0,0,0,0
153783,18,32,clinic,35813,92,6,DAY,1,600,360.0,6.0,4,139,137,0,0,0,0,0,0
153784,18,44,ssr,30438,76,6,DAY,1,675,490.0,6.0,1,156,0,154,0,0,0,0,0
153785,18,44,ssr,30438,76,6,DAY,1,675,490.0,3.0,2,162,161,0,1,1,0,1,0
153786,18,44,ssr,30438,76,6,DAY,1,675,490.0,4.0,2,165,164,0,1,1,1,0,0
153787,18,44,ssr,30438,76,6,DAY,1,675,490.0,5.0,2,161,160,0,1,1,1,0,0
153788,18,44,ssr,30438,76,6,DAY,1,675,490.0,3.0,3,173,172,0,1,1,1,0,0
153789,18,44,ssr,30438,76,6,DAY,1,675,490.0,4.0,3,171,170,0,1,1,1,0,0
153790,18,44,ssr,30438,76,6,DAY,1,675,490.0,5.0,3,171,170,0,1,1,1,0,0
153791,18,44,ssr,30438,76,6,DAY,1,675,490.0,3.0,4,170,167,0,1,1,0,1,1
153792,18,44,ssr,30438,76,6,DAY,1,675,490.0,4.0,4,167,164,0,1,1,1,0,0
153793,18,44,ssr,30438,76,6,DAY,1,675,490.0,5.0,4,161,160,0,1,1,1,0,0
153794,18,5,clinic,35950,94,6,DAY,1,680,418.0,4.0,2,160,157,0,1,1,0,1,1
153795,18,5,clinic,35950,94,6,DAY,1,680,418.0,5.0,2,190,188,0,1,1,0,1,0
153796,18,42,hospi,35958,94,6,NIGHT,1,720,483.0,1.0,2,1,0,0,1,1,0,1,0
153797,18,4,clinic,30438,76,6,DAY,2,660,418.0,4.0,0,156,151,0,3,2,1,2,1
153798,18,4,clinic,30438,76,6,DAY,2,660,418.0,5.0,0,150,146,0,2,2,1,1,0
153799,18,4,clinic,30438,76,6,DAY,2,660,418.0,2.0,0,150,146,0,2,2,1,1,1
153800,18,4,clinic,30438,76,6,DAY,2,660,418.0,3.0,0,149,144,0,3,2,1,2,2
153801,18,4,clinic,30438,76,6,DAY,2,660,418.0,1.0,0,147,140,0,4,2,2,2,0
153802,18,4,clinic,30438,76,6,DAY,2,660,418.0,2.0,0,144,139,0,3,2,1,2,1
153803,18,4,clinic,30438,76,6,DAY,2,660,418.0,3.0,0,163,155,0,4,3,3,1,1
153804,18,4,clinic,30438,76,6,DAY,1,660,418.0,2.0,0,60,59,0,1,1,0,1,1
153805,18,4,clinic,30438,76,6,DAY,1,660,418.0,4.0,0,70,69,0,1,1,1,0,0
153806,18,4,clinic,30438,76,6,DAY,1,660,418.0,5.0,0,70,69,0,1,1,0,1,0
153807,18,4,clinic,30438,76,6,DAY,1,660,418.0,1.0,0,70,68,0,2,1,2,0,0
153808,18,4,clinic,30438,76,6,DAY,1,660,480.0,6.0,0,70,69,0,1,1,0,1,0
153809,18,4,clinic,30438,76,6,DAY,1,660,480.0,0.0,0,70,69,0,1,1,0,1,0
153810,18,4,clinic,30438,76,6,DAY,1,660,480.0,6.0,0,60,59,0,1,1,0,1,0
153811,18,4,clinic,30438,76,6,DAY,1,660,480.0,0.0,0,60,59,0,1,1,0,1,0
153812,18,4,clinic,30438,76,6,DAY,1,660,418.0,4.0,0,60,59,0,1,1,0,1,1
153813,18,4,clinic,30438,76,6,DAY,1,660,418.0,5.0,0,60,59,0,1,1,1,0,0
153814,18,4,clinic,30438,76,6,DAY,1,660,418.0,2.0,0,70,68,0,2,1,1,1,0
153815,18,4,clinic,30438,76,6,DAY,1,660,418.0,3.0,0,60,58,0,2,1,1,1,0
153816,18,4,clinic,30438,76,6,DAY,1,660,418.0,4.0,0,60,58,0,2,1,1,1,0
153817,18,2,clinic,30438,76,6,DAY,1,660,418.0,4.0,4,70,69,0,1,1,0,1,0
153818,18,2,clinic,30438,76,6,DAY,1,660,418.0,5.0,4,70,69,0,1,1,0,1,1
153819,18,2,clinic,30438,76,6,DAY,1,660,418.0,2.0,0,70,69,0,1,1,0,1,0
153820,18,2,clinic,30438,76,6,DAY,1,660,418.0,3.0,0,70,69,0,1,1,0,1,0
153821,18,2,clinic,30438,76,6,DAY,1,660,418.0,4.0,0,112,109,0,1,1,0,1,0
153822,18,2,clinic,30438,76,6,DAY,1,660,418.0,1.0,0,70,69,0,1,1,0,1,0
153823,18,2,clinic,30438,76,6,DAY,1,660,418.0,2.0,0,70,69,0,1,1,0,1,0
153824,18,2,clinic,30438,76,6,DAY,1,660,418.0,3.0,0,102,98,0,2,1,1,1,0
153825,18,2,clinic,30438,76,6,DAY,1,660,418.0,4.0,0,103,100,0,1,1,0,1,0
153826,18,2,clinic,30438,76,6,DAY,1,660,418.0,5.0,0,106,103,0,1,1,0,1,0
153827,18,2,clinic,30438,76,6,DAY,1,660,418.0,1.0,0,103,100,0,1,1,0,1,0
153828,18,2,clinic,30438,76,6,DAY,1,660,418.0,2.0,0,106,102,0,2,1,2,0,0
153829,18,2,clinic,30438,76,6,DAY,1,660,418.0,3.0,0,105,102,0,1,1,0,1,0
153830,18,2,clinic,30438,76,6,DAY,1,660,418.0,4.0,0,104,101,0,1,1,0,1,0
153831,18,2,clinic,30438,76,6,DAY,1,660,418.0,5.0,0,70,69,0,1,1,0,1,0
153832,18,2,clinic,30438,76,6,DAY,1,660,418.0,1.0,0,96,93,0,1,1,0,1,0
153833,18,2,clinic,30438,76,6,DAY,1,660,418.0,2.0,0,98,95,0,1,1,1,0,0
153834,18,2,clinic,30438,76,6,DAY,1,660,418.0,3.0,0,94,91,0,1,1,0,1,0
153835,18,2,clinic,30438,76,6,DAY,1,660,418.0,4.0,0,95,92,0,1,1,0,1,1
153836,18,2,clinic,30438,76,6,DAY,1,660,480.0,6.0,0,60,59,0,1,1,1,0,0
153837,18,2,clinic,30438,76,6,DAY,1,660,480.0,6.0,0,60,59,0,1,1,0,1,1
153838,18,2,clinic,30438,76,6,DAY,1,660,480.0,0.0,0,60,59,0,1,1,0,1,1
153840,18,32,clinic,36025,96,6,DAY,1,360,204.0,6.0,1,1,0,0,1,1,0,1,0
153841,18,4,ssr,35918,93,6,DAY,1,660,442.0,6.0,1,174,0,173,0,0,0,0,0
153842,18,4,ssr,35918,93,6,DAY,1,660,442.0,0.0,1,30,28,0,1,1,0,1,0
153843,18,2,clinic,35938,94,6,DAY,1,690,529.0,6.0,1,139,0,138,0,0,0,0,0
153844,18,28,clinic,31719,79,6,NIGHT,1,660,497.0,1.0,3,1,0,0,1,1,0,1,0
153845,18,11,labo,30438,76,6,DAY,1,300,225.0,1.0,2,220,215,0,3,1,2,1,0
153846,18,11,labo,30438,76,6,DAY,1,300,225.0,1.0,3,222,219,0,3,1,2,1,1
153847,18,44,ssr,30438,76,6,DAY,1,675,490.0,3.0,2,1,0,0,1,1,0,1,0
153848,18,4,ssr,30438,76,6,DAY,1,675,490.0,4.0,3,1,0,0,1,1,0,1,0
153849,18,4,ssr,30438,76,6,DAY,1,675,490.0,5.0,3,1,0,0,1,1,0,1,0
153850,18,4,ssr,30438,76,6,DAY,1,675,490.0,5.0,3,1,0,0,1,1,0,1,1
153851,18,4,ssr,30438,76,6,DAY,1,675,490.0,3.0,4,1,0,0,1,1,0,1,1
153852,18,4,ssr,30438,76,6,DAY,1,675,490.0,5.0,4,1,0,0,1,1,0,1,1
153853,18,4,clinic,30438,76,6,DAY,1,660,418.0,2.0,3,212,209,0,1,1,0,1,0
153854,18,5,clinic,35938,94,6,DAY,1,570,437.0,6.0,1,30,0,30,0,0,0,0,0
153855,18,32,clinic,31856,79,6,NIGHT,1,690,460.0,6.0,1,179,178,0,1,1,1,0,0
153856,18,44,clinic,31856,79,6,NIGHT,1,690,460.0,6.0,1,149,0,149,0,0,0,0,0
153857,18,44,clinic,31856,79,6,NIGHT,1,690,460.0,0.0,1,163,0,163,0,0,0,0,0
153858,18,4,clinic,31856,79,6,NIGHT,1,690,460.0,6.0,1,176,0,174,1,0,1,0,0
153859,18,4,clinic,31856,79,6,NIGHT,1,690,460.0,0.0,1,187,185,0,2,1,2,0,0
153860,18,32,clinic,1941,6,17,DAY,1,650,411.0,5.0,4,7,6,0,1,1,1,0,0
153861,18,28,clinic,31719,79,6,DAY,1,660,432.0,2.0,3,1,0,0,1,1,0,1,0
153862,18,4,ssr,35918,93,6,DAY,1,660,384.0,1.0,1,202,0,200,0,0,0,0,0
153863,18,4,ssr,30438,76,6,DAY,1,675,490.0,3.0,1,1,0,0,1,1,0,1,0
153864,18,28,clinic,31719,79,6,DAY,1,660,497.0,6.0,3,2,0,0,2,2,0,4,0
153865,18,28,clinic,31719,79,6,DAY,1,660,497.0,0.0,3,2,0,0,2,2,0,4,0
153866,18,28,clinic,31719,79,6,DAY,1,660,432.0,2.0,4,1,0,0,1,1,0,1,0
153867,18,28,clinic,31719,79,6,DAY,1,660,432.0,3.0,4,2,0,0,2,2,0,4,0
153868,18,4,clinic,31856,79,6,NIGHT,1,690,460.0,0.0,1,191,0,191,0,0,0,0,0
153869,18,28,clinic,31750,79,6,NIGHT,1,660,524.0,1.0,4,80,78,0,2,1,1,1,1
153870,18,44,ssr,30438,76,6,DAY,1,675,490.0,5.0,4,167,165,0,1,1,1,0,0
153872,18,9,clinic,31750,79,6,NIGHT,1,660,469.0,3.0,2,90,89,0,1,1,0,1,0
153873,18,30,clinic,31750,79,6,NIGHT,1,660,469.0,4.0,2,42,42,0,0,0,0,0,0
153874,18,28,clinic,31750,79,6,DAY,1,660,456.0,3.0,1,169,168,0,0,0,0,0,0
153875,18,28,clinic,31750,79,6,DAY,1,660,524.0,6.0,2,40,39,0,1,1,0,1,0
153876,18,28,clinic,31750,79,6,NIGHT,1,660,524.0,0.0,3,60,60,0,0,0,0,0,0
153878,18,28,clinic,31719,79,6,NIGHT,1,660,497.0,6.0,3,60,60,0,0,0,0,0,0
153881,18,28,clinic,31719,79,6,NIGHT,1,660,497.0,3.0,2,60,59,0,1,1,0,1,0
153882,18,28,clinic,31719,79,6,NIGHT,1,660,497.0,4.0,2,50,50,0,0,0,0,0,0
153883,18,28,clinic,31750,79,6,DAY,1,660,456.0,2.0,1,31,29,0,2,2,0,4,0
153884,18,28,clinic,31750,79,6,DAY,1,660,456.0,3.0,1,60,59,0,1,1,0,1,0
153885,18,42,hospi,35958,94,6,DAY,1,450,262.0,4.0,0,104,98,0,1,1,0,1,0
153886,18,42,hospi,35958,94,6,DAY,1,450,262.0,6.0,0,85,81,0,1,1,0,1,0
153887,18,42,hospi,35958,94,6,DAY,1,450,262.0,2.0,0,50,49,0,1,1,0,1,0
153888,18,42,hospi,35958,94,6,DAY,1,450,262.0,3.0,0,118,112,0,1,1,0,1,0
153889,18,42,hospi,35958,94,6,DAY,1,450,262.0,2.0,0,59,55,0,2,1,1,1,0
153890,18,42,hospi,35958,94,6,DAY,1,450,262.0,3.0,0,56,54,0,1,1,0,1,0
153891,18,42,hospi,35958,94,6,DAY,1,450,262.0,5.0,0,102,98,0,1,1,0,1,0
153892,18,42,hospi,35958,94,6,DAY,1,450,302.0,0.0,0,80,76,0,1,1,0,1,0
153893,18,42,hospi,35958,94,6,NIGHT,1,720,483.0,6.0,4,150,147,0,1,1,0,1,0
153894,18,42,hospi,35958,94,6,NIGHT,1,720,483.0,0.0,4,151,148,0,1,1,0,1,0
153895,18,42,hospi,35958,94,6,NIGHT,1,720,483.0,1.0,4,149,147,0,0,0,0,0,0
153896,18,42,hospi,35958,94,6,NIGHT,1,720,483.0,2.0,4,147,144,0,1,1,0,1,0
153897,18,42,hospi,35958,94,6,NIGHT,1,720,483.0,3.0,0,80,77,0,1,1,0,1,0
153897,18,42,hospi,35958,94,6,NIGHT,1,720,483.0,3.0,4,62,62,0,0,0,0,0,0
153898,18,42,hospi,35958,94,6,NIGHT,1,720,483.0,4.0,0,139,136,0,1,1,0,1,0
153899,18,42,hospi,35958,94,6,NIGHT,1,720,483.0,5.0,0,138,134,0,2,1,1,1,0
153900,18,42,hospi,35958,94,6,NIGHT,1,720,483.0,6.0,0,134,130,0,2,1,1,1,0
153901,18,42,hospi,35958,94,6,NIGHT,1,720,483.0,0.0,0,142,138,0,1,1,0,1,0
153901,18,42,hospi,35958,94,6,NIGHT,1,720,483.0,0.0,4,11,11,0,0,0,0,0,0
153902,18,42,hospi,35958,94,6,NIGHT,1,720,483.0,1.0,0,120,116,0,2,1,1,1,0
153903,18,42,hospi,35958,94,6,NIGHT,1,720,483.0,3.0,0,131,128,0,1,1,0,1,0
153904,18,42,hospi,35958,94,6,NIGHT,1,720,483.0,4.0,0,148,143,0,1,1,0,1,0
153905,18,42,hospi,35958,94,6,NIGHT,1,720,483.0,5.0,0,131,127,0,2,1,1,1,0
153906,18,42,hospi,35958,94,6,NIGHT,1,720,483.0,6.0,0,130,127,0,1,1,0,1,0
153907,18,42,hospi,35958,94,6,NIGHT,1,720,483.0,0.0,0,146,141,0,1,1,0,1,0
153908,18,42,hospi,35958,94,6,NIGHT,1,720,483.0,1.0,0,141,136,0,2,1,1,1,0
153909,18,42,hospi,35958,94,6,NIGHT,1,720,483.0,2.0,0,144,140,0,1,1,0,1,0
153910,18,42,hospi,35958,94,6,NIGHT,1,720,483.0,3.0,0,142,139,0,1,1,0,1,0
153911,18,42,hospi,35958,94,6,NIGHT,1,720,483.0,4.0,0,141,136,0,1,1,0,1,0
153912,18,42,hospi,35958,94,6,NIGHT,1,720,483.0,5.0,0,141,136,0,2,1,1,1,0
153913,18,42,hospi,35958,94,6,NIGHT,1,720,483.0,6.0,0,124,122,0,0,0,0,0,0
153914,18,42,hospi,35958,94,6,NIGHT,1,720,483.0,0.0,0,125,123,0,0,0,0,0,0
153915,18,42,hospi,35958,94,6,NIGHT,1,720,483.0,2.0,0,123,121,0,0,0,0,0,0
153916,18,42,hospi,35958,94,6,NIGHT,1,720,483.0,3.0,0,120,115,0,2,1,1,1,0
153917,18,42,hospi,35958,94,6,NIGHT,1,720,483.0,4.0,0,113,110,0,1,1,0,1,0
153918,18,42,hospi,35958,94,6,NIGHT,2,720,483.0,1.0,0,118,114,0,2,0,2,0,0
153919,18,42,hospi,35958,94,6,NIGHT,1,720,483.0,1.0,4,167,165,0,1,1,0,1,0
153920,18,42,hospi,35958,94,6,NIGHT,1,600,402.0,4.0,4,156,153,0,0,0,0,0,0
153921,18,42,hospi,35958,94,6,NIGHT,1,600,402.0,5.0,4,10,10,0,0,0,0,0,0
153922,18,42,hospi,35958,94,6,NIGHT,1,600,402.0,1.0,4,10,10,0,0,0,0,0,0
153923,18,42,hospi,35958,94,6,NIGHT,1,600,402.0,1.0,0,10,9,0,0,0,0,0,0
153923,18,42,hospi,35958,94,6,NIGHT,1,600,402.0,3.0,0,120,119,0,0,0,0,0,0
153924,18,42,hospi,35958,94,6,NIGHT,1,600,402.0,2.0,0,132,129,0,0,0,0,0,0
153925,18,42,hospi,35958,94,6,NIGHT,1,600,402.0,2.0,0,124,118,0,2,1,1,1,0
153926,18,42,hospi,35958,94,6,DAY,1,450,262.0,5.0,4,164,160,0,1,0,1,0,0
153927,18,42,hospi,35958,94,6,DAY,1,450,262.0,5.0,0,145,140,0,0,0,0,0,0
153927,18,42,hospi,35958,94,6,DAY,1,450,262.0,5.0,4,22,21,0,1,1,0,1,0
153928,18,42,hospi,35958,94,6,DAY,1,450,262.0,2.0,0,128,125,0,0,0,0,0,0
153929,18,42,hospi,35958,94,6,DAY,1,450,262.0,4.0,4,154,151,0,1,1,0,1,0
153930,18,42,hospi,35958,94,6,DAY,1,450,262.0,5.0,4,153,150,0,1,1,0,1,0
153931,18,42,hospi,35958,94,6,DAY,1,450,262.0,6.0,0,137,134,0,0,0,0,0,0
153931,18,42,hospi,35958,94,6,DAY,1,450,262.0,6.0,4,7,7,0,0,0,0,0,0
153932,18,42,hospi,35958,94,6,DAY,1,450,262.0,4.0,0,140,134,0,0,0,0,0,0
153933,18,42,hospi,35958,94,6,DAY,1,450,262.0,6.0,0,130,124,0,0,0,0,0,0
153934,18,42,hospi,35958,94,6,DAY,1,450,262.0,4.0,0,157,150,0,0,0,0,0,0
153934,18,42,hospi,35958,94,6,DAY,1,450,262.0,4.0,4,4,4,0,0,0,0,0,0
153935,18,42,hospi,35958,94,6,DAY,1,450,302.0,0.0,0,136,133,0,0,0,0,0,0
153935,18,42,hospi,35958,94,6,DAY,1,450,302.0,0.0,4,4,4,0,0,0,0,0,0
153936,18,42,hospi,35958,94,6,DAY,1,450,302.0,0.0,0,129,124,0,0,0,0,0,0
153937,18,8,clinic,30438,76,6,DAY,1,465,332.0,1.0,1,178,0,178,0,0,0,0,0
153938,18,28,clinic,35806,92,6,DAY,1,660,443.0,0.0,2,169,167,0,1,1,1,0,0
153939,18,32,clinic,35813,92,6,NIGHT,1,720,450.0,5.0,0,70,69,0,1,1,0,1,0
153940,18,32,clinic,35813,92,6,NIGHT,1,720,450.0,5.0,0,60,59,0,1,1,0,1,0
153941,18,32,clinic,35813,92,6,NIGHT,1,720,450.0,5.0,0,70,69,0,1,1,0,1,0
153942,18,32,clinic,35813,92,6,NIGHT,1,720,450.0,5.0,0,66,65,0,1,1,0,1,0
153943,18,32,clinic,35813,92,6,NIGHT,1,720,450.0,5.0,0,40,39,0,1,1,0,1,0
153944,18,32,clinic,35813,92,6,NIGHT,1,720,450.0,2.0,0,87,86,0,1,1,0,1,0
153945,18,32,clinic,35813,92,6,NIGHT,1,720,450.0,1.0,0,85,84,0,1,1,0,1,0
153946,18,32,clinic,35813,92,6,NIGHT,1,720,450.0,4.0,0,70,69,0,1,1,0,1,0
153947,18,32,clinic,35813,92,6,NIGHT,1,720,450.0,5.0,0,60,59,0,1,1,0,1,0
153948,18,42,hospi,35958,94,6,NIGHT,1,600,402.0,2.0,3,103,103,0,0,0,0,0,0
153948,18,42,hospi,35958,94,6,NIGHT,1,600,402.0,2.0,4,90,89,0,0,0,0,0,0
153949,18,42,hospi,35958,94,6,DAY,1,450,302.0,3.0,0,137,134,0,0,0,0,0,0
153950,18,42,hospi,35958,94,6,NIGHT,1,600,402.0,0.0,2,209,206,0,1,0,1,0,0
153951,18,42,hospi,35958,94,6,NIGHT,1,600,402.0,1.0,2,112,111,0,0,0,0,0,0
153951,18,42,hospi,35958,94,6,NIGHT,1,600,402.0,1.0,3,90,88,0,1,0,1,0,0
153952,18,42,hospi,35958,94,6,NIGHT,1,600,402.0,2.0,3,200,196,0,2,0,2,0,0
153953,18,42,hospi,35958,94,6,NIGHT,1,600,402.0,1.0,3,70,69,0,1,0,1,0,0
153954,18,42,hospi,35958,94,6,NIGHT,1,600,402.0,3.0,0,142,138,0,0,0,0,0,0
153954,18,42,hospi,35958,94,6,NIGHT,1,600,402.0,3.0,4,9,9,0,0,0,0,0,0
153955,18,42,hospi,35958,94,6,NIGHT,1,600,402.0,4.0,0,135,131,0,1,0,1,0,0
153956,18,42,hospi,35958,94,6,NIGHT,1,600,402.0,5.0,0,131,128,0,0,0,0,0,0
153957,18,42,hospi,35958,94,6,NIGHT,1,600,402.0,4.0,0,1,0,0,1,1,0,1,0
153958,18,42,hospi,35958,94,6,NIGHT,1,600,402.0,5.0,0,1,0,0,1,1,0,1,0
153959,18,42,hospi,35958,94,6,NIGHT,1,600,402.0,3.0,0,1,0,0,1,1,0,1,0
153960,18,42,hospi,35958,94,6,NIGHT,1,600,402.0,4.0,0,1,0,0,1,1,0,1,0
153961,18,28,other_ms,35981,95,6,DAY,1,580,380.0,3.0,3,14,14,0,0,0,0,0,0
153961,18,28,other_ms,35981,95,6,DAY,1,580,380.0,3.0,4,184,180,0,1,1,0,1,0
153962,18,2,clinic,30438,76,6,DAY,1,660,480.0,6.0,4,124,122,0,0,0,0,0,0
153963,18,2,clinic,30438,76,6,DAY,1,660,480.0,0.0,4,20,19,0,1,1,1,0,0
153964,18,2,clinic,30438,76,6,DAY,1,660,418.0,1.0,3,60,59,0,1,1,1,0,0
153965,18,2,clinic,30438,76,6,DAY,1,660,418.0,2.0,3,60,59,0,1,1,0,1,1
153966,18,2,clinic,30438,76,6,DAY,1,660,418.0,3.0,4,131,130,0,0,0,0,0,0
153967,18,44,clinic,31750,79,6,NIGHT,1,660,469.0,1.0,3,30,30,0,0,0,0,0,0
153968,18,44,hea_hou,30438,76,6,DAY,1,660,440.0,5.0,2,190,188,0,0,0,0,0,0
153969,18,28,ssr,12591,34,14,NIGHT,1,700,455.0,1.0,1,19,0,19,0,0,0,0,0
153970,18,2,clinic,35950,94,6,DAY,1,510,361.0,4.0,3,3,3,0,0,0,0,0,0
153970,18,2,clinic,35950,94,6,DAY,1,510,361.0,4.0,4,138,135,0,0,0,0,0,0
153971,18,2,clinic,35950,94,6,DAY,1,700,443.0,4.0,0,110,108,0,0,0,0,0,0
153971,18,2,clinic,35950,94,6,DAY,1,700,443.0,4.0,4,27,25,0,1,1,1,0,0
153972,18,2,clinic,35950,94,6,DAY,1,700,443.0,5.0,0,120,116,0,0,0,0,0,0
153972,18,2,clinic,35950,94,6,DAY,1,700,443.0,5.0,3,8,8,0,0,0,0,0,0
153972,18,2,clinic,35950,94,6,DAY,1,700,443.0,5.0,4,37,34,0,1,1,0,1,0
153973,18,2,clinic,35950,94,6,DAY,1,700,443.0,5.0,4,123,120,0,1,1,1,0,0
153974,18,2,clinic,35950,94,6,DAY,1,700,443.0,5.0,0,108,104,0,0,0,0,0,0
153974,18,2,clinic,35950,94,6,DAY,1,700,443.0,5.0,4,30,29,0,0,0,0,0,0
153975,18,28,hospi,30438,76,6,NIGHT,1,660,440.0,1.0,1,60,59,0,0,0,0,0,0
153976,18,28,clinic,31719,79,6,DAY,1,660,497.0,6.0,4,1,0,0,1,1,0,1,0
153977,18,28,clinic,31719,79,6,DAY,1,660,497.0,0.0,4,1,0,0,1,1,0,1,0
153978,18,28,clinic,31719,79,6,DAY,1,660,432.0,5.0,4,1,0,0,1,1,0,1,0
153979,18,28,clinic,31719,79,6,DAY,1,660,432.0,2.0,4,1,0,0,1,1,0,1,0
153980,18,28,clinic,31719,79,6,DAY,1,660,432.0,3.0,4,1,0,0,1,1,0,1,0
153981,18,28,clinic,31719,79,6,DAY,1,660,432.0,1.0,0,1,0,0,1,1,0,1,0
153982,18,28,clinic,31719,79,6,DAY,1,660,432.0,2.0,0,1,0,0,1,1,0,1,1
153983,18,28,clinic,31719,79,6,DAY,1,660,497.0,0.0,0,1,0,0,1,1,0,1,0
153984,18,2,clinic,35950,94,6,DAY,1,420,304.0,5.0,1,2,2,0,0,0,0,0,0
153984,18,2,clinic,35950,94,6,DAY,1,420,304.0,5.0,2,148,146,0,0,0,0,0,0
153985,18,2,clinic,35950,94,6,DAY,1,420,304.0,6.0,2,145,142,0,0,0,0,0,0
153986,18,2,clinic,35950,94,6,DAY,1,420,304.0,2.0,2,6,6,0,0,0,0,0,0
153986,18,2,clinic,35950,94,6,DAY,1,420,304.0,2.0,3,146,142,0,0,0,0,0,0
153987,18,2,clinic,35950,94,6,DAY,1,420,336.0,0.0,2,148,145,0,0,0,0,0,0
153988,18,2,clinic,35950,94,6,DAY,1,700,443.0,2.0,1,90,89,0,1,1,1,0,0
153989,18,2,clinic,35950,94,6,DAY,1,700,443.0,1.0,2,156,154,0,1,1,1,0,0
153990,18,2,clinic,35950,94,6,DAY,1,700,504.0,0.0,2,148,147,0,0,0,0,0,0
153991,18,28,clinic,35933,93,6,DAY,1,660,396.0,1.0,0,134,133,0,0,0,0,0,0
153992,18,4,ehpad_rh,31899,79,6,DAY,1,600,400.0,6.0,3,134,132,0,1,1,0,1,0
153993,18,4,ehpad_rh,31899,79,6,DAY,1,600,460.0,0.0,3,139,137,0,1,1,0,1,0
153994,18,32,clinic,35813,92,6,DAY,1,600,450.0,0.0,2,157,156,0,1,1,1,0,0
153995,18,32,clinic,35813,92,6,DAY,1,600,360.0,6.0,2,156,154,0,0,0,0,0,0
153995,18,32,clinic,35813,92,6,DAY,1,600,360.0,6.0,4,12,11,0,0,0,0,0,0
153996,18,32,clinic,35813,92,6,DAY,1,360,216.0,3.0,3,160,157,0,1,1,0,1,1
153997,18,32,clinic,35813,92,6,DAY,1,360,216.0,5.0,3,172,169,0,0,0,0,0,0
153998,18,32,clinic,35813,92,6,DAY,1,600,450.0,0.0,0,128,126,0,1,1,0,1,0
153999,18,32,clinic,35813,92,6,DAY,1,600,360.0,6.0,4,140,137,0,0,0,0,0,0
154000,18,32,clinic,35813,92,6,DAY,1,600,360.0,6.0,0,134,130,0,0,0,0,0,0
154001,18,32,clinic,35813,92,6,DAY,1,600,360.0,1.0,0,135,131,0,0,0,0,0,0
154002,18,32,clinic,35813,92,6,DAY,1,600,450.0,0.0,4,141,138,0,0,0,0,0,0
154003,18,4,clinic,35813,92,6,DAY,1,600,360.0,6.0,0,119,116,0,0,0,0,0,0
154004,18,4,clinic,35813,92,6,DAY,1,600,360.0,1.0,0,115,113,0,1,1,0,1,0
154005,18,4,clinic,35813,92,6,DAY,1,600,360.0,4.0,0,104,102,0,1,1,0,1,0
154006,18,4,clinic,35813,92,6,DAY,1,600,450.0,0.0,0,118,116,0,0,0,0,0,0
154007,18,32,clinic,35813,92,6,DAY,1,600,360.0,6.0,0,131,128,0,0,0,0,0,0
154008,18,9,clinic,31750,79,6,NIGHT,1,660,469.0,6.0,3,91,91,0,0,0,0,0,0
154009,18,9,clinic,31750,79,6,NIGHT,1,660,469.0,0.0,3,96,96,0,0,0,0,0,0
154010,18,30,clinic,31750,79,6,NIGHT,1,660,469.0,4.0,2,42,42,0,0,0,0,0,0
154011,18,30,clinic,31750,79,6,NIGHT,1,660,469.0,2.0,3,41,41,0,0,0,0,0,0
154012,18,30,clinic,31750,79,6,NIGHT,1,660,469.0,3.0,3,41,41,0,0,0,0,0,0
154013,18,30,clinic,31750,79,6,NIGHT,1,660,469.0,1.0,3,42,42,0,0,0,0,0,0
154014,18,30,clinic,31750,79,6,NIGHT,1,660,469.0,4.0,4,40,40,0,0,0,0,0,0
154015,18,44,clinic,31750,79,6,NIGHT,1,660,469.0,0.0,3,153,152,0,0,0,0,0,0
154016,18,44,clinic,31750,79,6,NIGHT,1,660,469.0,1.0,3,21,20,0,1,1,0,1,0
154017,18,44,clinic,31750,79,6,NIGHT,1,660,469.0,6.0,4,132,131,0,1,1,0,1,0
154018,18,5,clinic,31750,79,6,DAY,1,660,469.0,6.0,4,129,128,0,0,0,0,0,0
154019,18,5,clinic,31750,79,6,DAY,1,660,469.0,0.0,4,129,128,0,0,0,0,0,0
154020,18,9,clinic,31750,79,6,DAY,1,660,408.0,1.0,2,94,94,0,0,0,0,0,0
154021,18,9,clinic,31750,79,6,DAY,1,660,408.0,3.0,3,87,87,0,0,0,0,0,0
154022,18,9,clinic,31750,79,6,DAY,1,660,469.0,6.0,2,84,83,0,1,0,1,0,0
154023,18,28,clinic,31750,79,6,DAY,1,660,456.0,3.0,1,164,164,0,0,0,0,0,0
154024,18,28,clinic,31719,79,6,DAY,1,660,497.0,6.0,3,13,13,0,0,0,0,0,0
154024,18,28,clinic,31719,79,6,DAY,1,660,497.0,6.0,4,164,161,0,0,0,0,0,0
154025,18,28,hospi,30438,76,6,NIGHT,1,660,440.0,2.0,3,110,108,0,1,1,1,0,0
154025,18,28,hospi,30438,76,6,NIGHT,1,660,440.0,2.0,4,50,49,0,0,0,0,0,0
154026,18,11,labo,30438,76,6,DAY,1,300,225.0,3.0,1,1,0,0,1,1,0,1,0
154027,18,44,clinic,31719,79,6,NIGHT,1,660,497.0,3.0,2,1,0,0,1,1,0,1,0
154028,18,32,clinic,35813,92,6,NIGHT,1,720,450.0,4.0,0,53,52,0,1,1,0,1,0
154029,18,5,clinic,31750,79,6,DAY,1,660,408.0,4.0,0,113,112,0,0,0,0,0,0
154029,18,5,clinic,31750,79,6,DAY,1,660,408.0,4.0,4,7,7,0,0,0,0,0,0
154033,286,45,clinic,36000,95,6,DAY,1,660,400.0,3.0,1,1,0,1,0,0,0,0,0
154034,286,45,clinic,36000,95,6,DAY,1,660,400.0,1.0,2,1,0,1,0,0,0,0,0
154035,18,32,clinic,35813,92,6,DAY,1,480,288.0,2.0,1,168,0,168,0,0,0,0,0
154036,18,4,ehpad_rh,31899,79,6,DAY,1,450,300.0,2.0,1,30,0,29,0,0,0,0,0
154037,18,28,clinic,31750,79,6,DAY,1,540,360.0,2.0,1,161,0,161,0,0,0,0,0
154038,18,18,clinic,31856,79,6,NIGHT,1,690,460.0,3.0,3,80,79,0,1,1,0,1,0
154039,18,18,clinic,31856,79,6,NIGHT,1,690,460.0,4.0,3,80,78,0,2,1,1,1,0
154040,18,18,clinic,31856,79,6,NIGHT,1,690,460.0,0.0,4,130,127,0,2,1,1,1,0
154041,18,9,hospi,36059,96,6,DAY,1,700,408.0,3.0,1,78,0,78,0,0,0,0,0
154043,18,32,ssr,35918,93,6,DAY,1,660,384.0,3.0,3,1,0,0,1,1,0,1,0
154044,18,32,clinic,35933,93,6,DAY,1,660,396.0,5.0,1,4,0,4,0,0,0,0,0
154044,18,32,clinic,35933,93,6,DAY,1,660,396.0,5.0,2,194,0,191,0,0,0,0,0
154045,18,5,clinic,35933,93,6,DAY,1,660,396.0,1.0,1,2,0,2,0,0,0,0,0
154045,18,5,clinic,35933,93,6,DAY,1,660,396.0,1.0,2,188,2,184,0,0,0,0,0
154046,18,30,clinic,35933,93,6,DAY,1,660,440.0,3.0,1,1,0,1,0,0,0,0,0
154046,18,30,clinic,35933,93,6,DAY,1,660,440.0,3.0,2,5,0,5,0,0,0,0,0
154046,18,30,clinic,35933,93,6,DAY,1,660,440.0,3.0,3,41,0,41,0,0,0,0,0
154047,18,30,clinic,35933,93,6,DAY,1,660,440.0,5.0,2,1,0,1,0,0,0,0,0
154047,18,30,clinic,35933,93,6,DAY,1,660,440.0,5.0,3,8,0,8,0,0,0,0,0
154047,18,30,clinic,35933,93,6,DAY,1,660,440.0,5.0,4,42,5,37,0,0,0,0,0
154048,18,30,clinic,35933,93,6,NIGHT,1,660,506.0,3.0,3,1,1,0,0,0,0,0,0
154048,18,30,clinic,35933,93,6,NIGHT,1,660,506.0,3.0,4,47,46,0,1,1,1,0,0
154049,18,5,clinic,35933,93,6,NIGHT,1,660,481.0,5.0,4,90,89,0,1,1,0,1,1
154050,18,5,clinic,35933,93,6,DAY,1,660,481.0,0.0,4,148,146,0,1,1,1,0,0
154051,18,5,clinic,35933,93,6,DAY,1,660,418.0,6.0,4,150,147,0,1,1,0,1,0
154052,18,5,clinic,35933,93,6,DAY,1,660,396.0,5.0,4,151,149,0,1,1,1,0,0
154053,18,5,clinic,35933,93,6,DAY,1,660,396.0,6.0,0,138,135,0,0,0,0,0,0
154053,18,5,clinic,35933,93,6,DAY,1,660,396.0,6.0,4,29,28,0,0,0,0,0,0
154054,18,5,clinic,35933,93,6,DAY,1,660,396.0,4.0,0,167,163,0,0,0,0,0,0
154055,18,5,clinic,35933,93,6,DAY,2,660,396.0,1.0,0,148,145,0,0,0,0,0,0
154055,18,5,clinic,35933,93,6,DAY,2,660,396.0,1.0,4,27,27,0,0,0,0,0,0
154056,18,5,clinic,35933,93,6,NIGHT,1,660,455.0,3.0,0,70,68,0,2,1,1,1,0
154057,18,32,clinic,35933,93,6,DAY,1,660,455.0,0.0,0,149,146,0,1,1,1,0,0
154058,18,32,clinic,35933,93,6,DAY,1,660,396.0,3.0,0,148,143,0,1,1,1,0,0
154059,18,28,clinic,35933,93,6,DAY,1,660,455.0,0.0,4,10,9,0,1,1,1,0,0
154060,18,28,clinic,35933,93,6,DAY,1,660,396.0,1.0,0,141,136,0,1,1,0,1,1
154061,18,28,clinic,35933,93,6,NIGHT,1,660,455.0,5.0,0,80,78,0,1,1,1,0,0
154062,18,30,clinic,35933,93,6,NIGHT,1,660,506.0,4.0,3,2,2,0,0,0,0,0,0
154062,18,30,clinic,35933,93,6,NIGHT,1,660,506.0,4.0,4,51,50,0,1,1,1,0,0
154063,18,30,clinic,35933,93,6,DAY,1,660,440.0,2.0,0,39,39,0,0,0,0,0,0
154063,18,30,clinic,35933,93,6,DAY,1,660,440.0,2.0,4,3,3,0,0,0,0,0,0
154064,18,30,clinic,35933,93,6,DAY,1,660,440.0,3.0,0,36,36,0,0,0,0,0,0
154064,18,30,clinic,35933,93,6,DAY,1,660,440.0,3.0,4,3,3,0,0,0,0,0,0
154065,18,30,clinic,35933,93,6,DAY,1,660,440.0,4.0,0,39,39,0,0,0,0,0,0
154065,18,30,clinic,35933,93,6,DAY,1,660,440.0,4.0,4,3,3,0,0,0,0,0,0
154066,18,30,clinic,35933,93,6,DAY,1,660,440.0,5.0,0,37,37,0,0,0,0,0,0
154066,18,30,clinic,35933,93,6,DAY,1,660,440.0,5.0,4,2,2,0,0,0,0,0,0
154067,18,30,clinic,35933,93,6,DAY,1,660,440.0,4.0,0,40,40,0,0,0,0,0,0
154068,18,30,clinic,35933,93,6,DAY,1,660,440.0,5.0,0,41,41,0,0,0,0,0,0
154069,18,30,clinic,35933,93,6,DAY,1,660,440.0,6.0,0,39,39,0,0,0,0,0,0
154070,18,30,clinic,35933,93,6,DAY,1,660,440.0,3.0,0,36,36,0,0,0,0,0,0
154071,18,30,clinic,35933,93,6,DAY,1,660,440.0,4.0,0,38,38,0,0,0,0,0,0
154072,18,30,clinic,35933,93,6,DAY,1,660,506.0,0.0,0,40,40,0,0,0,0,0,0
154073,18,28,clinic,31750,79,6,DAY,1,660,456.0,3.0,1,165,0,165,0,0,0,0,0
154074,18,4,clinic,30438,76,6,DAY,1,660,418.0,3.0,1,218,0,216,0,0,0,0,0
154075,18,44,clinic,30438,76,6,DAY,1,660,418.0,3.0,1,161,0,159,0,0,0,0,0
154076,18,32,clinic,1941,6,17,DAY,1,650,411.0,5.0,0,6,5,0,1,0,1,0,0
154077,18,8,clinic,30438,76,6,DAY,1,660,456.0,5.0,3,1,0,0,1,1,1,0,0
154078,18,8,clinic,30438,76,6,DAY,1,660,456.0,4.0,4,1,0,0,1,1,0,1,1
154079,18,8,clinic,30438,76,6,DAY,1,660,456.0,6.0,4,1,0,0,1,1,1,0,0
154080,18,8,clinic,30438,76,6,DAY,1,660,480.0,0.0,4,40,38,0,2,1,2,0,0
154081,18,8,clinic,30438,76,6,DAY,1,660,456.0,5.0,3,1,0,0,1,1,0,1,1
154082,18,8,clinic,30438,76,6,DAY,1,660,456.0,6.0,4,1,0,0,1,1,0,1,1
154083,18,28,clinic,31750,79,6,NIGHT,1,660,524.0,2.0,1,150,0,150,0,0,0,0,0
154084,18,44,clinic,31750,79,6,NIGHT,1,660,469.0,5.0,3,1,0,0,1,1,0,1,0
154085,18,2,clinic,30438,76,6,DAY,1,660,418.0,4.0,3,153,152,0,1,1,1,0,0
154086,18,2,clinic,30438,76,6,DAY,1,660,418.0,2.0,3,100,98,0,1,1,0,1,0
154087,18,2,clinic,30438,76,6,DAY,1,660,418.0,4.0,3,1,1,0,0,0,0,0,0
154087,18,2,clinic,30438,76,6,DAY,1,660,418.0,4.0,4,135,133,0,1,1,1,0,0
154088,18,2,clinic,30438,76,6,DAY,1,660,480.0,6.0,4,128,125,0,1,1,1,0,0
154089,18,2,clinic,30438,76,6,DAY,1,660,480.0,0.0,4,100,98,0,1,1,1,0,0
154090,18,9,hospi,36059,96,6,DAY,1,700,408.0,6.0,2,75,75,0,0,0,0,0,0
154091,18,9,hospi,36059,96,6,DAY,1,700,468.0,0.0,2,78,78,0,0,0,0,0,0
154092,18,4,clinic,30438,76,6,DAY,1,660,418.0,4.0,1,1,0,0,1,1,0,1,0
154093,18,4,hospi,35941,94,6,DAY,1,450,262.0,1.0,0,130,126,0,2,1,1,1,1
154094,18,4,hospi,35941,94,6,DAY,1,450,262.0,2.0,0,130,128,0,1,1,0,1,1
154095,18,4,hospi,35941,94,6,DAY,1,450,262.0,1.0,0,137,129,0,2,1,1,1,1
154096,18,4,hospi,35941,94,6,DAY,1,450,262.0,2.0,0,162,152,0,1,0,1,0,0
154096,18,4,hospi,35941,94,6,DAY,1,450,262.0,2.0,4,15,15,0,0,0,0,0,0
154097,18,4,hospi,35941,94,6,DAY,1,450,262.0,6.0,0,134,127,0,1,1,0,1,1
154098,18,4,hospi,35941,94,6,DAY,1,450,262.0,3.0,0,121,118,0,1,1,0,1,1
154099,18,4,hospi,35941,94,6,DAY,1,450,262.0,4.0,0,116,112,0,1,1,0,1,1
154100,18,32,hospi,35941,94,6,DAY,1,450,262.0,4.0,0,130,128,0,1,1,0,1,1
154101,18,32,hospi,35941,94,6,DAY,1,450,262.0,3.0,0,129,127,0,1,1,0,1,1
154102,18,32,hospi,35941,94,6,DAY,1,450,262.0,4.0,0,130,128,0,1,1,0,1,1
154103,18,32,hospi,35941,94,6,DAY,1,450,262.0,2.0,0,124,121,0,1,1,0,1,1
154104,18,32,hospi,35941,94,6,DAY,1,450,262.0,4.0,4,130,129,0,1,1,1,0,0
154105,18,32,hospi,35941,94,6,DAY,1,450,262.0,3.0,4,130,128,0,1,1,0,1,1
154106,18,32,hospi,35941,94,6,DAY,1,450,262.0,4.0,4,130,127,0,1,1,0,1,1
154107,18,32,hospi,35941,94,6,DAY,1,450,262.0,1.0,0,130,128,0,1,1,0,1,1
154108,18,32,hospi,35941,94,6,DAY,1,720,420.0,5.0,2,2,2,0,0,0,0,0,0
154108,18,32,hospi,35941,94,6,DAY,1,720,420.0,5.0,3,192,188,0,1,0,1,0,0
154109,18,32,hospi,35941,94,6,DAY,1,720,420.0,6.0,2,4,4,0,0,0,0,0,0
154109,18,32,hospi,35941,94,6,DAY,1,720,420.0,6.0,3,191,189,0,0,0,0,0,0
154110,18,28,clinic,31750,79,6,DAY,1,660,456.0,3.0,1,165,0,165,0,0,0,0,0
154111,18,32,clinic,35813,92,6,DAY,1,600,360.0,0.0,4,145,142,0,0,0,0,0,0
154112,18,44,hea_hou,30438,76,6,DAY,1,660,552.0,0.0,3,80,79,0,1,1,1,0,0
154113,18,44,hea_hou,30438,76,6,DAY,1,660,440.0,6.0,4,169,167,0,0,0,0,0,0
154121,18,32,hospi,35941,94,6,DAY,1,540,315.0,3.0,1,187,0,186,0,0,0,0,0
154122,18,44,clinic,31750,79,6,NIGHT,1,660,469.0,3.0,1,146,146,0,0,0,0,0,0
154123,18,28,clinic,31719,79,6,DAY,1,660,432.0,4.0,1,60,60,0,0,0,0,0,0
154124,18,28,clinic,31719,79,6,DAY,1,660,432.0,5.0,1,60,60,0,0,0,0,0,0
154125,18,18,clinic,31856,79,6,NIGHT,1,690,460.0,4.0,1,90,89,0,1,1,1,0,0
154126,18,19,clinic,33838,85,17,DAY,1,420,257.0,4.0,3,9,8,0,0,0,0,0,0
154127,18,9,clinic,31750,79,6,NIGHT,1,660,469.0,6.0,2,6,6,0,0,0,0,0,0
154127,18,9,clinic,31750,79,6,NIGHT,1,660,469.0,6.0,3,95,95,0,0,0,0,0,0
154128,18,9,clinic,31750,79,6,NIGHT,1,660,469.0,0.0,2,6,6,0,0,0,0,0,0
154128,18,9,clinic,31750,79,6,NIGHT,1,660,469.0,0.0,3,101,101,0,0,0,0,0,0
154129,18,30,clinic,31750,79,6,NIGHT,1,660,469.0,4.0,1,42,0,42,0,0,0,0,0
154130,18,30,clinic,31750,79,6,NIGHT,1,660,469.0,2.0,1,2,2,0,0,0,0,0,0
154130,18,30,clinic,31750,79,6,NIGHT,1,660,469.0,2.0,2,44,44,0,0,0,0,0,0
154131,18,30,clinic,31750,79,6,NIGHT,1,660,469.0,3.0,1,2,0,2,0,0,0,0,0
154131,18,30,clinic,31750,79,6,NIGHT,1,660,469.0,3.0,2,4,0,4,0,0,0,0,0
154131,18,30,clinic,31750,79,6,NIGHT,1,660,469.0,3.0,3,41,0,41,0,0,0,0,0
154132,18,30,clinic,31750,79,6,NIGHT,1,660,469.0,1.0,2,2,2,0,0,0,0,0,0
154132,18,30,clinic,31750,79,6,NIGHT,1,660,469.0,1.0,3,46,45,0,1,1,1,0,0
154133,18,30,clinic,31750,79,6,NIGHT,1,660,469.0,4.0,3,7,7,0,0,0,0,0,0
154133,18,30,clinic,31750,79,6,NIGHT,1,660,469.0,4.0,4,40,40,0,0,0,0,0,0
154134,18,44,clinic,31750,79,6,NIGHT,1,660,469.0,3.0,1,148,0,148,0,0,0,0,0
154135,18,44,clinic,31750,79,6,NIGHT,1,660,469.0,0.0,1,1,0,1,0,0,0,0,0
154135,18,44,clinic,31750,79,6,NIGHT,1,660,469.0,0.0,2,158,1,155,0,0,0,0,0
154136,18,44,clinic,31750,79,6,NIGHT,1,660,469.0,0.0,3,156,153,0,1,1,0,1,0
154137,18,44,clinic,31750,79,6,NIGHT,1,660,469.0,1.0,3,141,139,0,1,1,0,1,0
154138,18,5,clinic,31750,79,6,DAY,1,660,469.0,6.0,4,130,128,0,1,1,1,0,0
154139,18,5,clinic,31750,79,6,DAY,1,660,469.0,0.0,3,14,14,0,0,0,0,0,0
154139,18,5,clinic,31750,79,6,DAY,1,660,469.0,0.0,4,133,131,0,0,0,0,0,0
154140,18,5,clinic,31750,79,6,DAY,1,510,323.0,1.0,2,151,148,0,1,1,0,1,1
154141,18,5,clinic,31750,79,6,DAY,1,510,323.0,3.0,1,5,0,5,0,0,0,0,0
154141,18,5,clinic,31750,79,6,DAY,1,510,323.0,3.0,2,151,0,149,0,0,0,0,0
154142,18,5,clinic,31750,79,6,DAY,1,510,323.0,1.0,2,10,10,0,0,0,0,0,0
154142,18,5,clinic,31750,79,6,DAY,1,510,323.0,1.0,3,145,143,0,0,0,0,0,0
154143,18,44,clinic,31750,79,6,DAY,1,660,408.0,1.0,2,3,3,0,0,0,0,0,0
154143,18,44,clinic,31750,79,6,DAY,1,660,408.0,1.0,3,139,137,0,0,0,0,0,0
154144,18,9,clinic,31750,79,6,DAY,1,660,469.0,6.0,1,1,0,0,1,1,1,0,0
154144,18,9,clinic,31750,79,6,DAY,1,660,469.0,6.0,2,82,82,0,0,0,0,0,0
154145,18,9,clinic,31750,79,6,DAY,1,660,408.0,3.0,1,1,0,1,0,0,0,0,0
154145,18,9,clinic,31750,79,6,DAY,1,660,408.0,3.0,2,91,0,91,0,0,0,0,0
154146,18,5,clinic,35951,94,6,DAY,1,700,536.0,6.0,2,40,40,0,0,0,0,0,0
154147,18,32,clinic,36025,96,6,DAY,1,600,340.0,6.0,4,108,106,0,1,1,0,1,1
154148,18,32,clinic,36025,96,6,DAY,1,600,340.0,1.0,4,104,102,0,1,1,0,1,0
154149,18,32,clinic,36025,96,6,DAY,1,600,340.0,4.0,4,105,103,0,1,1,0,1,0
154150,18,32,clinic,36025,96,6,DAY,1,600,340.0,5.0,4,106,104,0,1,1,0,1,0
154151,18,32,clinic,36025,96,6,DAY,1,600,340.0,2.0,0,104,101,0,1,1,1,0,0
154152,18,32,clinic,36025,96,6,DAY,1,600,340.0,3.0,0,103,99,0,1,1,1,0,0
154153,18,32,clinic,36025,96,6,DAY,1,600,340.0,6.0,0,104,101,0,1,1,1,0,0
154154,18,32,clinic,36025,96,6,DAY,1,600,340.0,1.0,0,120,115,0,1,1,1,0,0
154154,18,32,clinic,36025,96,6,DAY,1,600,340.0,1.0,4,6,6,0,0,0,0,0,0
154155,18,32,clinic,36025,96,6,DAY,1,600,340.0,4.0,0,98,95,0,2,1,1,1,0
154156,18,32,clinic,36025,96,6,DAY,1,600,340.0,5.0,0,101,99,0,1,1,1,0,0
154157,18,32,clinic,36025,96,6,DAY,1,600,340.0,2.0,0,91,89,0,1,1,0,1,0
154158,18,32,clinic,36025,96,6,DAY,1,600,340.0,3.0,0,93,91,0,1,1,1,0,0
154159,18,32,clinic,36025,96,6,DAY,1,600,391.0,0.0,4,100,98,0,1,1,0,1,1
154160,18,32,clinic,36025,96,6,DAY,1,600,391.0,0.0,0,100,98,0,1,1,0,1,1
154161,18,32,clinic,36025,96,6,DAY,1,600,340.0,4.0,4,115,113,0,1,1,0,1,1
154162,18,32,clinic,36025,96,6,DAY,1,600,340.0,5.0,4,113,110,0,2,1,1,1,1
154163,18,32,clinic,36025,96,6,DAY,1,600,340.0,2.0,4,109,107,0,1,1,0,1,1
154164,18,32,clinic,36025,96,6,DAY,1,600,340.0,3.0,4,107,105,0,1,1,0,1,1
154165,18,32,clinic,36025,96,6,DAY,1,600,340.0,6.0,0,103,98,0,1,1,1,0,0
154165,18,32,clinic,36025,96,6,DAY,1,600,340.0,6.0,4,28,27,0,1,0,1,0,0
154166,18,32,clinic,36025,96,6,DAY,1,600,340.0,1.0,0,105,103,0,1,1,0,1,1
154167,18,32,clinic,36025,96,6,DAY,1,600,340.0,4.0,0,90,88,0,1,1,0,1,1
154168,18,32,clinic,36025,96,6,DAY,1,600,340.0,5.0,0,103,101,0,1,1,0,1,1
154169,18,32,clinic,36025,96,6,DAY,1,600,340.0,2.0,0,112,108,0,1,1,1,0,0
154170,18,32,clinic,36025,96,6,DAY,1,600,340.0,3.0,0,90,88,0,1,1,1,0,0
154171,18,32,clinic,36025,96,6,DAY,1,600,340.0,6.0,0,96,94,0,1,1,0,1,1
154172,18,32,clinic,36025,96,6,DAY,1,600,340.0,1.0,0,92,90,0,1,1,0,1,1
154173,18,32,clinic,36025,96,6,DAY,1,600,340.0,4.0,0,90,88,0,1,1,0,1,1
154174,18,32,clinic,36025,96,6,DAY,1,600,391.0,0.0,0,103,96,0,2,1,2,0,0
154174,18,32,clinic,36025,96,6,DAY,1,600,391.0,0.0,4,37,35,0,1,0,1,0,0
154175,18,32,clinic,36025,96,6,DAY,1,600,391.0,0.0,0,95,93,0,1,1,0,1,1
154176,18,32,clinic,36025,96,6,DAY,1,600,340.0,4.0,4,100,98,0,1,1,0,1,1
154177,18,32,clinic,36025,96,6,DAY,1,600,340.0,5.0,4,108,106,0,1,1,1,0,0
154178,18,32,clinic,36025,96,6,DAY,1,600,340.0,2.0,0,104,102,0,1,1,0,1,1
154179,18,32,clinic,36025,96,6,DAY,1,600,340.0,3.0,0,99,97,0,1,1,0,1,0
154180,18,32,clinic,36025,96,6,DAY,1,600,340.0,6.0,0,101,99,0,1,1,0,1,0
154181,18,32,clinic,36025,96,6,DAY,1,600,340.0,1.0,0,100,98,0,1,1,0,1,1
154182,18,32,clinic,36025,96,6,DAY,1,600,340.0,4.0,0,90,88,0,1,1,0,1,1
154183,18,32,clinic,36025,96,6,DAY,1,600,340.0,5.0,0,98,96,0,1,1,0,1,0
154184,18,32,clinic,36025,96,6,DAY,1,600,340.0,2.0,0,95,92,0,1,1,1,0,0
154185,18,32,clinic,36025,96,6,DAY,1,600,340.0,3.0,0,91,89,0,1,1,0,1,0
154186,18,32,clinic,36025,96,6,DAY,1,600,391.0,0.0,0,105,103,0,1,1,0,1,1
154187,18,5,clinic,8576,25,14,NIGHT,1,720,468.0,2.0,0,7,6,0,0,0,0,0,0
154188,18,28,clinic,31719,79,6,DAY,1,660,432.0,4.0,1,1,0,0,1,1,0,1,0
154189,18,4,clinic,30438,76,6,DAY,1,660,418.0,5.0,1,1,0,0,1,1,0,1,0
154190,18,44,clinic,36000,95,6,DAY,1,660,400.0,6.0,2,10,10,0,0,0,0,0,0
154191,18,2,clinic,35950,94,6,DAY,1,620,418.0,1.0,1,2,0,2,0,0,0,0,0
154191,18,2,clinic,35950,94,6,DAY,1,620,418.0,1.0,2,154,1,150,0,0,0,0,0
154192,18,2,clinic,35950,94,6,DAY,1,620,418.0,2.0,1,3,0,3,0,0,0,0,0
154192,18,2,clinic,35950,94,6,DAY,1,620,418.0,2.0,2,152,1,147,0,0,0,0,0
154193,18,32,hospi,35941,94,6,DAY,1,450,262.0,5.0,4,1,0,0,1,1,0,1,1
154194,286,45,clinic,36000,95,6,DAY,1,660,400.0,3.0,3,1,1,0,0,0,0,0,0
154195,18,32,clinic,8576,25,14,NIGHT,1,720,468.0,0.0,0,40,39,0,1,1,0,1,0
154196,18,32,clinic,8576,25,14,NIGHT,1,720,468.0,4.0,0,37,36,0,1,1,0,1,0
154197,18,32,clinic,8576,25,14,NIGHT,1,720,468.0,5.0,0,36,34,0,1,1,0,1,0
154198,18,4,clinic,30438,76,6,DAY,1,660,418.0,4.0,3,60,59,0,1,1,0,1,1
154199,18,4,clinic,30438,76,6,DAY,1,660,418.0,5.0,3,20,19,0,1,1,0,1,0
154200,18,4,clinic,30438,76,6,DAY,1,660,418.0,1.0,3,150,149,0,1,1,1,0,0
154201,18,4,clinic,30438,76,6,DAY,1,660,418.0,3.0,3,11,10,0,1,1,0,1,0
154202,18,4,clinic,30438,76,6,DAY,1,660,418.0,4.0,3,198,196,0,1,1,1,0,0
154203,18,4,clinic,30438,76,6,DAY,1,660,418.0,1.0,4,180,178,0,1,1,0,1,0
154204,18,4,clinic,30438,76,6,DAY,1,660,418.0,2.0,4,30,29,0,1,1,1,0,0
154205,18,4,clinic,30438,76,6,DAY,1,660,418.0,3.0,4,10,9,0,1,1,0,1,1
154206,18,4,ehpad_rh,35916,93,6,DAY,1,600,480.0,2.0,2,60,59,0,1,1,0,1,0
154207,18,4,ehpad_rh,35916,93,6,DAY,1,600,480.0,6.0,3,20,19,0,1,1,0,1,1
154208,18,44,hea_hou,30438,76,6,NIGHT,1,640,536.0,3.0,1,60,59,0,1,1,0,1,1
154209,18,28,ssr,12591,34,14,DAY,2,700,396.0,2.0,3,47,43,0,1,1,0,1,0
154211,18,44,clinic,31719,79,6,DAY,1,510,342.0,4.0,1,151,0,150,0,0,0,0,0
154212,18,44,hea_hou,30438,76,6,NIGHT,1,585,495.0,3.0,1,1,0,0,1,1,0,1,0
154213,18,5,clinic,35951,94,6,DAY,1,700,536.0,6.0,1,150,148,0,2,1,2,0,0
154214,18,32,clinic,36025,96,6,DAY,1,600,340.0,3.0,0,97,96,0,1,1,1,0,0
154215,18,29,clinic,33838,85,17,DAY,1,420,257.0,3.0,3,8,7,0,0,0,0,0,0
154217,18,32,clinic,35813,92,6,DAY,1,600,360.0,4.0,4,153,150,0,0,0,0,0,0
154218,18,32,clinic,35813,92,6,DAY,1,600,360.0,5.0,4,148,145,0,0,0,0,0,0
154219,18,32,clinic,35813,92,6,DAY,1,600,360.0,2.0,4,152,149,0,0,0,0,0,0
154220,18,32,clinic,35813,92,6,DAY,1,600,360.0,3.0,4,143,140,0,0,0,0,0,0
154221,18,32,clinic,35813,92,6,DAY,1,600,360.0,6.0,4,136,133,0,0,0,0,0,0
154222,18,32,clinic,35813,92,6,DAY,1,600,360.0,1.0,0,132,129,0,0,0,0,0,0
154222,18,32,clinic,35813,92,6,DAY,1,600,360.0,1.0,4,5,5,0,0,0,0,0,0
154223,18,32,clinic,35813,92,6,DAY,1,600,360.0,4.0,0,132,128,0,0,0,0,0,0
154224,18,32,clinic,35813,92,6,DAY,1,600,360.0,5.0,0,136,132,0,0,0,0,0,0
154225,18,32,clinic,35813,92,6,DAY,1,600,360.0,2.0,0,135,131,0,0,0,0,0,0
154226,18,32,clinic,35813,92,6,DAY,1,600,360.0,6.0,0,121,117,0,1,1,0,1,0
154227,18,32,clinic,35813,92,6,DAY,1,600,360.0,1.0,0,126,123,0,0,0,0,0,0
154228,18,32,clinic,35813,92,6,DAY,1,600,450.0,0.0,0,60,59,0,1,1,0,1,0
154229,18,4,clinic,35813,92,6,DAY,1,600,360.0,6.0,0,123,120,0,0,0,0,0,0
154230,18,32,clinic,35813,92,6,DAY,1,360,216.0,5.0,0,131,128,0,0,0,0,0,0
154231,18,32,clinic,35813,92,6,DAY,1,600,360.0,6.0,4,144,140,0,0,0,0,0,0
154232,18,32,clinic,35813,92,6,DAY,1,600,360.0,1.0,0,132,128,0,0,0,0,0,0
154232,18,32,clinic,35813,92,6,DAY,1,600,360.0,1.0,4,5,5,0,0,0,0,0,0
154233,18,32,clinic,35813,92,6,DAY,1,600,360.0,6.0,4,144,140,0,0,0,0,0,0
154234,18,32,clinic,35813,92,6,DAY,1,600,360.0,1.0,4,142,139,0,0,0,0,0,0
154235,18,32,clinic,35813,92,6,DAY,1,600,360.0,4.0,4,140,137,0,0,0,0,0,0
154236,18,32,clinic,35813,92,6,DAY,1,600,360.0,5.0,4,143,139,0,0,0,0,0,0
154237,18,32,clinic,35813,92,6,DAY,1,600,360.0,2.0,0,134,129,0,0,0,0,0,0
154237,18,32,clinic,35813,92,6,DAY,1,600,360.0,2.0,4,3,3,0,0,0,0,0,0
154238,18,32,clinic,35813,92,6,DAY,1,600,360.0,3.0,0,131,126,0,0,0,0,0,0
154238,18,32,clinic,35813,92,6,DAY,1,600,360.0,3.0,4,7,7,0,0,0,0,0,0
154239,18,32,clinic,35813,92,6,DAY,1,600,360.0,6.0,0,139,136,0,0,0,0,0,0
154240,18,32,clinic,35813,92,6,DAY,1,600,450.0,0.0,4,144,141,0,0,0,0,0,0
154241,18,32,clinic,35813,92,6,DAY,1,600,450.0,0.0,0,130,126,0,1,1,0,1,0
154242,18,32,clinic,35813,92,6,DAY,1,360,216.0,5.0,2,6,6,0,0,0,0,0,0
154242,18,32,clinic,35813,92,6,DAY,1,360,216.0,5.0,3,165,163,0,0,0,0,0,0
154243,18,32,clinic,35813,92,6,DAY,1,600,360.0,6.0,3,6,6,0,0,0,0,0,0
154243,18,32,clinic,35813,92,6,DAY,1,600,360.0,6.0,4,142,140,0,0,0,0,0,0
154244,18,32,clinic,35813,92,6,DAY,1,600,450.0,0.0,3,4,4,0,0,0,0,0,0
154244,18,32,clinic,35813,92,6,DAY,1,600,450.0,0.0,4,145,144,0,0,0,0,0,0
154245,18,32,clinic,35813,92,6,DAY,1,600,360.0,2.0,1,3,0,3,0,0,0,0,0
154245,18,32,clinic,35813,92,6,DAY,1,600,360.0,2.0,2,159,1,155,0,0,0,0,0
154246,18,9,hospi,36059,96,6,DAY,1,700,468.0,0.0,1,5,0,5,0,0,0,0,0
154246,18,9,hospi,36059,96,6,DAY,1,700,468.0,0.0,2,77,0,77,0,0,0,0,0
154247,18,9,hospi,36059,96,6,DAY,1,700,408.0,6.0,1,77,0,77,0,0,0,0,0
154248,18,9,hospi,36059,96,6,DAY,1,700,468.0,0.0,1,1,1,0,0,0,0,0,0
154248,18,9,hospi,36059,96,6,DAY,1,700,468.0,0.0,2,77,77,0,0,0,0,0,0
154249,18,9,hospi,36059,96,6,DAY,1,700,408.0,6.0,1,77,0,77,0,0,0,0,0
154250,18,9,clinic,35806,92,6,DAY,1,660,385.0,6.0,1,86,1,85,0,0,0,0,0
154251,18,9,clinic,35806,92,6,DAY,1,660,443.0,0.0,1,4,0,4,0,0,0,0,0
154251,18,9,clinic,35806,92,6,DAY,1,660,443.0,0.0,2,86,1,85,0,0,0,0,0
154252,18,30,clinic,35806,92,6,DAY,1,660,385.0,6.0,1,41,0,41,0,0,0,0,0
154253,18,30,clinic,35806,92,6,DAY,1,660,443.0,0.0,2,40,39,0,1,1,1,0,0
154254,18,28,clinic,31750,79,6,DAY,1,660,524.0,6.0,1,153,152,0,1,1,1,0,0
154255,18,44,clinic,12679,34,14,DAY,1,420,238.0,5.0,2,1,0,1,0,0,0,0,0
154255,18,44,clinic,12679,34,14,DAY,1,420,238.0,5.0,3,4,0,4,0,0,0,0,0
154255,18,44,clinic,12679,34,14,DAY,1,420,238.0,5.0,4,16,1,15,0,0,0,0,0
154256,18,4,clinic,30438,76,6,DAY,1,660,418.0,1.0,3,40,39,0,1,1,1,0,0
154257,18,32,clinic,35813,92,6,NIGHT,1,720,450.0,4.0,1,181,180,0,1,1,0,1,0
154260,18,5,clinic,8576,25,14,NIGHT,1,720,468.0,3.0,0,1,0,0,1,1,0,1,0
154261,18,5,clinic,8576,25,14,NIGHT,1,720,468.0,4.0,0,1,0,0,1,1,0,1,0
154262,18,5,clinic,8576,25,14,NIGHT,1,720,468.0,5.0,0,1,0,0,1,1,0,1,0
154263,18,5,clinic,8576,25,14,NIGHT,1,720,468.0,4.0,0,1,0,0,1,1,0,1,0
154264,18,5,clinic,8576,25,14,NIGHT,1,720,468.0,5.0,0,1,0,0,1,1,0,1,0
154265,18,5,clinic,8576,25,14,NIGHT,1,720,468.0,5.0,0,1,0,0,1,1,0,1,0
154266,18,5,clinic,8576,25,14,NIGHT,1,720,468.0,3.0,0,1,0,0,1,1,0,1,0
154267,18,5,clinic,8576,25,14,NIGHT,1,720,468.0,4.0,0,1,0,0,1,1,0,1,0
154268,18,5,clinic,8576,25,14,NIGHT,1,720,468.0,5.0,0,1,0,0,1,1,0,1,0
154269,18,5,clinic,8576,25,14,NIGHT,1,720,468.0,1.0,0,1,0,0,1,1,0,1,0
154270,18,5,clinic,8576,25,14,NIGHT,1,720,468.0,5.0,0,1,0,0,1,1,0,1,0
154271,18,5,clinic,8576,25,14,NIGHT,1,720,468.0,6.0,0,1,0,0,1,1,0,1,0
154272,18,5,clinic,8576,25,14,NIGHT,1,720,468.0,0.0,0,1,0,0,1,1,0,1,0
154274,18,32,clinic,8576,25,14,NIGHT,1,720,468.0,3.0,0,1,0,0,1,1,0,1,0
154275,18,32,clinic,8576,25,14,NIGHT,1,720,468.0,4.0,0,1,0,0,1,1,0,1,0
154276,18,32,clinic,35813,92,6,DAY,1,360,216.0,3.0,1,2,2,0,0,0,0,0,0
154276,18,32,clinic,35813,92,6,DAY,1,360,216.0,3.0,2,159,156,0,0,0,0,0,0
154277,18,28,clinic,35806,92,6,DAY,1,660,385.0,5.0,1,173,0,171,0,0,0,0,0
154278,18,44,clinic,31750,79,6,NIGHT,1,660,469.0,5.0,1,146,0,145,0,0,0,0,0
154279,18,44,hea_hou,30438,76,6,DAY,1,660,552.0,0.0,3,120,119,0,1,1,1,0,0
154280,18,44,hea_hou,30438,76,6,DAY,1,660,440.0,3.0,4,156,155,0,0,0,0,0,0
154281,18,9,clinic,31750,79,6,DAY,1,660,469.0,6.0,1,85,0,85,0,0,0,0,0
154282,18,9,clinic,31750,79,6,DAY,1,660,469.0,0.0,1,89,0,89,0,0,0,0,0
154283,18,44,clinic,31750,79,6,DAY,1,660,469.0,6.0,1,127,0,126,0,0,0,0,0
154284,18,44,clinic,31750,79,6,DAY,1,660,469.0,0.0,1,134,0,133,0,0,0,0,0
154285,18,42,clinic,33838,85,17,DAY,1,580,400.0,6.0,1,1,1,0,0,0,0,0,0
154285,18,42,clinic,33838,85,17,DAY,1,580,400.0,6.0,2,1,0,0,0,0,0,0,0
154285,18,42,clinic,33838,85,17,DAY,1,580,400.0,6.0,3,14,14,0,0,0,0,0,0
154286,18,42,hospi,35958,94,6,NIGHT,2,720,483.0,6.0,0,140,135,0,1,0,1,0,0
154287,18,42,hospi,35958,94,6,NIGHT,2,720,483.0,0.0,0,141,135,0,3,1,2,1,0
154288,18,42,hospi,35958,94,6,NIGHT,1,720,483.0,4.0,4,164,160,0,1,1,0,1,0
154289,18,9,clinic,31750,79,6,DAY,1,660,408.0,2.0,3,1,1,0,0,0,0,0,0
154289,18,9,clinic,31750,79,6,DAY,1,660,408.0,2.0,4,82,81,0,1,1,1,0,0
154290,18,9,clinic,31750,79,6,DAY,1,660,408.0,1.0,4,78,78,0,0,0,0,0,0
154291,18,9,clinic,31750,79,6,DAY,1,660,408.0,5.0,4,76,76,0,0,0,0,0,0
154292,18,9,clinic,31750,79,6,DAY,1,660,408.0,5.0,0,69,69,0,0,0,0,0,0
154292,18,9,clinic,31750,79,6,DAY,1,660,408.0,5.0,4,2,2,0,0,0,0,0,0
154293,18,9,clinic,31750,79,6,DAY,1,660,408.0,1.0,0,66,66,0,0,0,0,0,0
154294,18,9,clinic,31750,79,6,DAY,1,660,408.0,2.0,0,67,67,0,0,0,0,0,0
154295,18,9,clinic,31750,79,6,DAY,1,660,408.0,1.0,0,62,62,0,0,0,0,0,0
154296,18,9,clinic,31750,79,6,DAY,1,660,408.0,4.0,0,62,62,0,0,0,0,0,0
154297,18,9,clinic,31750,79,6,DAY,1,660,469.0,6.0,4,80,79,0,1,1,1,0,0
154298,18,9,clinic,31750,79,6,DAY,1,660,469.0,0.0,4,78,77,0,1,1,1,0,0
154299,18,9,clinic,31750,79,6,DAY,1,660,469.0,6.0,0,69,69,0,0,0,0,0,0
154299,18,9,clinic,31750,79,6,DAY,1,660,469.0,6.0,4,1,1,0,0,0,0,0,0
154300,18,9,clinic,31750,79,6,DAY,1,660,469.0,0.0,0,68,68,0,0,0,0,0,0
154301,18,30,clinic,31750,79,6,DAY,1,660,408.0,5.0,4,42,42,0,0,0,0,0,0
154302,18,30,clinic,31750,79,6,DAY,1,660,408.0,5.0,0,34,34,0,0,0,0,0,0
154302,18,30,clinic,31750,79,6,DAY,1,660,408.0,5.0,4,1,1,0,0,0,0,0,0
154303,18,44,clinic,31750,79,6,NIGHT,1,660,469.0,1.0,4,80,78,0,1,1,0,1,0
154304,18,44,clinic,31750,79,6,NIGHT,1,660,469.0,2.0,4,80,78,0,1,1,0,1,0
154305,18,44,clinic,31750,79,6,NIGHT,1,660,469.0,3.0,4,80,78,0,1,1,0,1,0
154306,18,44,clinic,31750,79,6,NIGHT,1,660,469.0,4.0,4,80,77,0,1,1,1,0,0
154307,18,44,clinic,31750,79,6,NIGHT,1,660,469.0,5.0,4,80,77,0,1,1,0,1,0
154308,18,44,clinic,31750,79,6,NIGHT,1,660,469.0,6.0,4,80,77,0,1,1,0,1,0
154309,18,44,clinic,31750,79,6,NIGHT,1,660,469.0,0.0,4,80,77,0,1,1,0,1,0
154310,18,44,clinic,31750,79,6,NIGHT,1,660,469.0,1.0,4,80,78,0,1,1,1,0,0
154311,18,44,clinic,31750,79,6,NIGHT,1,660,469.0,2.0,4,80,78,0,1,1,1,0,0
154312,18,44,clinic,31750,79,6,NIGHT,1,660,469.0,3.0,4,80,78,0,1,1,0,1,0
154313,18,44,clinic,31750,79,6,NIGHT,1,660,469.0,4.0,4,80,78,0,1,1,0,1,1
154314,18,44,clinic,31750,79,6,NIGHT,1,660,469.0,5.0,4,80,78,0,1,1,0,1,1
154315,18,44,clinic,31750,79,6,NIGHT,1,660,469.0,6.0,4,80,78,0,1,1,0,1,1
154316,18,44,clinic,31750,79,6,NIGHT,1,660,469.0,1.0,0,80,77,0,1,1,1,0,0
154317,18,44,clinic,31750,79,6,NIGHT,1,660,469.0,2.0,0,80,77,0,1,1,1,0,0
154318,18,44,clinic,31750,79,6,NIGHT,1,660,469.0,3.0,0,113,109,0,1,1,0,1,1
154318,18,44,clinic,31750,79,6,NIGHT,1,660,469.0,3.0,4,2,2,0,0,0,0,0,0
154319,18,44,clinic,31750,79,6,NIGHT,1,660,469.0,4.0,0,80,79,0,1,1,1,0,0
154320,18,44,clinic,31750,79,6,NIGHT,1,660,469.0,5.0,0,80,78,0,1,1,0,1,0
154321,18,44,clinic,31750,79,6,NIGHT,1,660,469.0,6.0,0,80,78,0,1,1,0,1,0
154322,18,44,clinic,31750,79,6,NIGHT,1,660,469.0,0.0,0,80,79,0,1,1,1,0,0
154323,18,44,clinic,31750,79,6,NIGHT,1,660,469.0,1.0,0,80,79,0,1,1,1,0,0
154324,18,44,clinic,31750,79,6,NIGHT,1,660,469.0,2.0,0,80,79,0,1,1,1,0,0
154325,18,44,clinic,31750,79,6,NIGHT,1,660,469.0,3.0,0,80,78,0,1,1,1,0,0
154326,18,44,clinic,31750,79,6,NIGHT,1,660,469.0,4.0,0,80,78,0,1,1,1,0,0
154327,18,44,clinic,31750,79,6,NIGHT,1,660,469.0,5.0,0,80,79,0,1,1,0,1,0
154328,18,44,clinic,31750,79,6,NIGHT,1,660,469.0,6.0,0,80,78,0,1,1,0,1,0
154329,18,44,clinic,31750,79,6,NIGHT,1,660,469.0,0.0,0,80,77,0,1,1,0,1,0
154330,18,44,clinic,31750,79,6,NIGHT,1,660,469.0,1.0,0,80,78,0,1,1,1,0,0
154331,18,44,clinic,31750,79,6,NIGHT,1,660,469.0,2.0,0,80,78,0,1,1,1,0,0
154332,18,44,clinic,31750,79,6,NIGHT,1,660,469.0,3.0,0,80,79,0,1,1,0,1,0
154333,18,44,clinic,31750,79,6,DAY,1,660,408.0,3.0,0,102,100,0,0,0,0,0,0
154333,18,44,clinic,31750,79,6,DAY,1,660,408.0,3.0,4,12,12,0,0,0,0,0,0
154334,18,44,clinic,31750,79,6,DAY,1,660,408.0,5.0,0,112,110,0,0,0,0,0,0
154334,18,44,clinic,31750,79,6,DAY,1,660,408.0,5.0,4,4,4,0,0,0,0,0,0
154335,18,44,clinic,31750,79,6,DAY,1,660,469.0,6.0,0,112,110,0,0,0,0,0,0
154335,18,44,clinic,31750,79,6,DAY,1,660,469.0,6.0,4,3,3,0,0,0,0,0,0
154336,18,44,clinic,31750,79,6,DAY,1,660,469.0,0.0,0,114,112,0,0,0,0,0,0
154337,18,2,clinic,31750,79,6,DAY,1,660,469.0,6.0,4,118,116,0,0,0,0,0,0
154338,18,2,clinic,31750,79,6,DAY,1,660,408.0,5.0,0,101,99,0,0,0,0,0,0
154338,18,2,clinic,31750,79,6,DAY,1,660,408.0,5.0,4,5,5,0,0,0,0,0,0
154339,18,2,clinic,31750,79,6,DAY,1,660,408.0,3.0,0,104,102,0,0,0,0,0,0
154340,18,2,clinic,31750,79,6,DAY,1,660,408.0,3.0,0,97,95,0,0,0,0,0,0
154341,18,28,clinic,31750,79,6,NIGHT,1,660,524.0,1.0,4,40,39,0,1,1,0,1,0
154342,18,28,clinic,31750,79,6,NIGHT,1,660,524.0,2.0,4,100,99,0,1,1,1,0,0
154343,18,28,clinic,31750,79,6,NIGHT,1,660,524.0,3.0,4,40,39,0,1,1,0,1,1
154344,18,28,clinic,31750,79,6,NIGHT,1,660,524.0,0.0,0,126,124,0,2,1,1,1,0
154345,18,28,clinic,31750,79,6,NIGHT,1,660,524.0,4.0,0,123,122,0,1,1,0,1,0
154346,18,28,clinic,31750,79,6,NIGHT,1,660,524.0,5.0,0,50,50,0,1,1,0,1,0
154347,18,28,clinic,31750,79,6,NIGHT,1,660,524.0,1.0,0,110,108,0,1,1,0,1,0
154348,18,28,clinic,31750,79,6,NIGHT,1,660,524.0,2.0,0,40,38,0,1,1,0,1,1
154349,18,28,clinic,31750,79,6,DAY,1,660,456.0,1.0,4,30,29,0,1,1,0,1,1
154350,18,28,clinic,31750,79,6,DAY,1,660,456.0,3.0,4,60,59,0,1,1,0,1,0
154351,18,28,clinic,31750,79,6,DAY,1,660,456.0,4.0,4,30,29,0,1,1,0,1,0
154352,18,28,clinic,31750,79,6,DAY,1,660,456.0,1.0,4,30,29,0,1,1,0,1,0
154353,18,28,clinic,31750,79,6,DAY,1,660,456.0,5.0,4,30,29,0,1,1,0,1,0
154354,18,28,clinic,31750,79,6,DAY,1,660,456.0,3.0,0,122,120,0,0,0,0,0,0
154354,18,28,clinic,31750,79,6,DAY,1,660,456.0,3.0,4,11,10,0,1,1,0,1,1
154355,18,28,clinic,31750,79,6,DAY,1,660,456.0,4.0,0,30,29,0,1,1,0,1,0
154356,18,28,clinic,31750,79,6,DAY,1,660,456.0,5.0,0,30,29,0,1,1,0,1,0
154357,18,28,clinic,31750,79,6,DAY,1,660,456.0,1.0,0,30,29,0,1,1,0,1,0
154358,18,28,clinic,31750,79,6,DAY,1,660,456.0,2.0,0,30,29,0,1,1,0,1,0
154359,18,28,clinic,31750,79,6,DAY,1,660,456.0,3.0,0,60,59,0,1,1,0,1,0
154360,18,28,clinic,31750,79,6,DAY,1,660,456.0,4.0,0,109,107,0,1,1,0,1,0
154361,18,28,clinic,31750,79,6,DAY,1,660,524.0,6.0,4,30,29,0,1,1,0,1,0
154362,18,28,clinic,31750,79,6,DAY,1,660,524.0,0.0,4,133,129,0,3,1,2,1,0
154363,18,28,clinic,31750,79,6,DAY,1,660,524.0,6.0,0,20,19,0,1,1,0,1,0
154364,18,28,clinic,31750,79,6,DAY,1,660,524.0,0.0,0,20,19,0,1,1,0,1,0
154365,18,28,clinic,31750,79,6,DAY,1,660,456.0,1.0,4,30,29,0,1,1,0,1,0
154366,18,28,clinic,31750,79,6,DAY,1,660,456.0,3.0,4,140,138,0,1,1,0,1,0
154367,18,28,clinic,31750,79,6,DAY,1,660,456.0,5.0,4,40,39,0,1,1,0,1,0
154368,18,28,clinic,31750,79,6,DAY,1,660,456.0,1.0,4,137,134,0,1,1,0,1,0
154369,18,28,clinic,31750,79,6,DAY,1,660,456.0,2.0,4,30,29,0,1,1,0,1,1
154370,18,28,clinic,31750,79,6,DAY,1,660,456.0,3.0,4,60,59,0,1,1,0,1,0
154371,18,28,clinic,31750,79,6,DAY,1,660,456.0,4.0,4,40,39,0,1,1,0,1,0
154372,18,28,clinic,31750,79,6,DAY,1,660,456.0,5.0,4,139,136,0,1,1,0,1,0
154373,18,28,clinic,31750,79,6,DAY,1,660,456.0,2.0,0,128,126,0,1,1,0,1,0
154374,18,28,clinic,31750,79,6,DAY,1,660,456.0,3.0,0,122,120,0,0,0,0,0,0
154374,18,28,clinic,31750,79,6,DAY,1,660,456.0,3.0,4,14,14,0,0,0,0,0,0
154375,18,28,clinic,31750,79,6,DAY,1,660,456.0,4.0,0,130,127,0,1,1,0,1,0
154376,18,28,clinic,31750,79,6,DAY,1,660,456.0,5.0,0,135,132,0,1,1,0,1,0
154377,18,28,clinic,31750,79,6,DAY,1,660,456.0,3.0,0,136,134,0,0,0,0,0,0
154378,18,28,clinic,31750,79,6,DAY,1,660,456.0,1.0,0,40,39,0,1,1,0,1,0
154379,18,28,clinic,31750,79,6,DAY,1,660,456.0,2.0,0,40,38,0,1,1,0,1,0
154380,18,28,clinic,31750,79,6,DAY,1,660,524.0,6.0,0,40,39,0,1,1,0,1,0
154381,18,28,clinic,31750,79,6,DAY,1,660,524.0,0.0,0,132,129,0,1,1,0,1,0
154382,18,28,clinic,31750,79,6,DAY,1,660,524.0,0.0,0,113,112,0,1,1,0,1,0
154383,18,28,clinic,31750,79,6,NIGHT,1,660,524.0,1.0,4,120,118,0,1,1,0,1,0
154384,18,28,clinic,31750,79,6,NIGHT,1,660,524.0,4.0,4,30,29,0,1,1,0,1,0
154385,18,28,clinic,31750,79,6,NIGHT,1,660,524.0,5.0,4,40,39,0,1,1,0,1,0
154386,18,28,clinic,31750,79,6,NIGHT,1,660,524.0,2.0,4,90,89,0,1,1,0,1,1
154387,18,28,clinic,31750,79,6,NIGHT,1,660,524.0,4.0,4,40,39,0,1,1,0,1,1
154388,18,28,clinic,31750,79,6,NIGHT,1,660,524.0,6.0,4,128,127,0,1,1,1,0,0
154389,18,28,clinic,31750,79,6,NIGHT,1,660,524.0,0.0,0,50,49,0,1,1,0,1,0
154390,18,28,clinic,31750,79,6,NIGHT,1,660,524.0,3.0,0,40,39,0,1,1,0,1,0
154391,18,28,clinic,31750,79,6,NIGHT,1,660,524.0,4.0,0,40,39,0,1,1,0,1,0
154392,18,28,clinic,31750,79,6,NIGHT,1,660,524.0,5.0,0,90,89,0,1,1,0,1,1
154393,18,28,clinic,31750,79,6,NIGHT,1,660,524.0,6.0,0,125,124,0,1,1,0,1,1
154394,18,28,clinic,31750,79,6,NIGHT,1,660,524.0,0.0,0,40,39,0,1,1,0,1,1
154395,18,28,clinic,31750,79,6,NIGHT,1,660,524.0,1.0,0,40,39,0,1,1,0,1,0
154396,18,28,clinic,31750,79,6,NIGHT,1,660,524.0,2.0,0,40,39,0,1,1,0,1,0
154397,18,28,clinic,31750,79,6,NIGHT,1,660,524.0,4.0,0,123,120,0,2,1,1,1,1
154398,18,28,clinic,31750,79,6,NIGHT,1,660,524.0,5.0,0,40,39,0,1,1,1,0,0
154399,18,28,clinic,31750,79,6,NIGHT,1,660,524.0,6.0,0,40,39,0,1,1,0,1,1
154400,18,28,clinic,31750,79,6,NIGHT,1,660,524.0,0.0,0,80,78,0,1,1,0,1,1
154401,18,28,clinic,31750,79,6,NIGHT,1,660,524.0,1.0,0,40,38,0,1,1,0,1,0
154402,18,28,clinic,31750,79,6,NIGHT,1,660,524.0,2.0,0,30,29,0,1,1,1,0,0
154403,18,28,clinic,31750,79,6,NIGHT,1,660,524.0,3.0,0,40,39,0,1,1,0,1,1
154404,18,5,clinic,31750,79,6,DAY,1,660,408.0,1.0,3,5,5,0,0,0,0,0,0
154404,18,5,clinic,31750,79,6,DAY,1,660,408.0,1.0,4,138,135,0,1,1,0,1,1
154405,18,5,clinic,31750,79,6,DAY,1,660,408.0,5.0,3,2,2,0,0,0,0,0,0
154405,18,5,clinic,31750,79,6,DAY,1,660,408.0,5.0,4,138,136,0,0,0,0,0,0
154406,18,5,clinic,31750,79,6,DAY,1,660,408.0,4.0,0,117,115,0,0,0,0,0,0
154406,18,5,clinic,31750,79,6,DAY,1,660,408.0,4.0,4,7,7,0,0,0,0,0,0
154407,18,5,clinic,31750,79,6,DAY,1,660,408.0,2.0,3,11,11,0,0,0,0,0,0
154407,18,5,clinic,31750,79,6,DAY,1,660,408.0,2.0,4,135,132,0,1,0,1,0,0
154408,18,5,clinic,31750,79,6,DAY,1,510,323.0,3.0,3,4,4,0,0,0,0,0,0
154408,18,5,clinic,31750,79,6,DAY,1,510,323.0,3.0,4,134,133,0,0,0,0,0,0
154409,18,5,clinic,31750,79,6,DAY,1,510,323.0,4.0,4,40,39,0,1,1,1,0,0
154410,18,5,clinic,31750,79,6,DAY,1,510,323.0,5.0,4,40,39,0,1,1,1,0,0
154411,18,5,clinic,31750,79,6,DAY,1,510,323.0,1.0,4,129,127,0,0,0,0,0,0
154412,18,44,clinic,31719,79,6,NIGHT,1,660,497.0,3.0,4,149,145,0,1,1,0,1,0
154413,18,44,clinic,31719,79,6,NIGHT,1,660,497.0,4.0,4,137,133,0,1,1,0,1,0
154414,18,44,clinic,31719,79,6,NIGHT,1,660,497.0,6.0,4,130,128,0,1,1,0,1,0
154415,18,44,clinic,31719,79,6,NIGHT,1,660,497.0,3.0,4,80,79,0,1,1,0,1,1
154416,18,44,clinic,31719,79,6,NIGHT,1,660,497.0,4.0,4,120,119,0,1,1,0,1,0
154417,18,44,clinic,31719,79,6,NIGHT,1,660,497.0,2.0,0,121,116,0,1,1,0,1,0
154417,18,44,clinic,31719,79,6,NIGHT,1,660,497.0,2.0,4,1,1,0,0,0,0,0,0
154418,18,44,clinic,31719,79,6,NIGHT,1,660,497.0,3.0,0,80,78,0,1,1,0,1,1
154419,18,44,clinic,31719,79,6,NIGHT,1,660,497.0,4.0,0,116,115,0,1,1,0,1,1
154420,18,44,clinic,31719,79,6,NIGHT,1,660,497.0,5.0,0,113,112,0,1,1,0,1,0
154421,18,44,clinic,31719,79,6,NIGHT,1,660,497.0,6.0,0,116,111,0,2,1,1,1,0
154422,18,44,clinic,31719,79,6,NIGHT,1,660,497.0,0.0,0,80,79,0,1,1,0,1,1
154423,18,44,clinic,31719,79,6,NIGHT,1,660,497.0,3.0,0,80,79,0,1,1,0,1,1
154424,18,44,clinic,31719,79,6,NIGHT,1,660,497.0,4.0,0,80,79,0,1,1,0,1,1
154425,18,44,clinic,31719,79,6,NIGHT,1,660,497.0,2.0,0,80,78,0,1,1,0,1,1
154426,18,44,clinic,31719,79,6,DAY,1,660,432.0,4.0,4,40,39,0,1,1,0,1,0
154427,18,44,clinic,31719,79,6,DAY,1,660,432.0,5.0,4,40,39,0,1,1,0,1,0
154428,18,44,clinic,31719,79,6,DAY,1,660,432.0,3.0,4,134,131,0,1,1,1,0,0
154429,18,44,clinic,31719,79,6,DAY,1,660,432.0,5.0,0,125,121,0,1,0,1,0,0
154429,18,44,clinic,31719,79,6,DAY,1,660,432.0,5.0,4,4,4,0,0,0,0,0,0
154430,18,44,clinic,31719,79,6,DAY,1,660,432.0,3.0,0,121,119,0,0,0,0,0,0
154431,18,44,clinic,31719,79,6,DAY,1,660,497.0,6.0,4,129,126,0,1,0,1,0,0
154432,18,44,clinic,31719,79,6,DAY,1,660,497.0,0.0,4,120,117,0,1,1,1,0,0
154433,18,44,clinic,31719,79,6,DAY,1,660,497.0,6.0,0,103,102,0,1,1,0,1,1
154434,18,44,clinic,31719,79,6,DAY,1,660,497.0,0.0,0,110,106,0,2,1,2,0,0
154435,18,9,clinic,31719,79,6,DAY,1,660,432.0,3.0,3,1,1,0,0,0,0,0,0
154435,18,9,clinic,31719,79,6,DAY,1,660,432.0,3.0,4,83,83,0,0,0,0,0,0
154436,18,9,clinic,31719,79,6,NIGHT,1,660,497.0,3.0,3,3,3,0,0,0,0,0,0
154436,18,9,clinic,31719,79,6,NIGHT,1,660,497.0,3.0,4,95,94,0,0,0,0,0,0
154437,18,9,clinic,31719,79,6,NIGHT,1,660,497.0,0.0,4,83,81,0,1,1,1,0,0
154438,18,9,clinic,31719,79,6,NIGHT,1,660,497.0,4.0,4,74,73,0,1,1,0,1,1
154439,18,9,clinic,31719,79,6,NIGHT,1,660,497.0,3.0,0,69,68,0,1,1,1,0,0
154440,18,9,clinic,31719,79,6,NIGHT,1,660,497.0,4.0,0,67,66,0,1,1,1,0,0
154441,18,9,clinic,31719,79,6,NIGHT,1,660,497.0,2.0,0,64,63,0,1,1,0,1,0
154442,18,28,clinic,31719,79,6,DAY,3,660,432.0,1.0,3,8,8,0,0,0,0,0,0
154442,18,28,clinic,31719,79,6,DAY,3,660,432.0,1.0,4,162,157,0,2,2,0,2,0
154443,18,28,clinic,31719,79,6,DAY,3,660,432.0,1.0,4,161,156,0,2,2,1,1,1
154444,18,28,clinic,31719,79,6,DAY,3,660,432.0,5.0,4,164,157,0,2,2,0,2,1
154445,18,28,clinic,31719,79,6,DAY,3,660,432.0,1.0,0,139,135,0,1,1,0,1,0
154445,18,28,clinic,31719,79,6,DAY,3,660,432.0,1.0,4,20,20,0,0,0,0,0,0
154446,18,28,clinic,31719,79,6,DAY,3,660,432.0,3.0,0,136,132,0,0,0,0,0,0
154446,18,28,clinic,31719,79,6,DAY,3,660,432.0,3.0,4,16,16,0,0,0,0,0,0
154447,18,28,clinic,31719,79,6,DAY,3,660,432.0,4.0,0,144,137,0,2,2,0,2,0
154447,18,28,clinic,31719,79,6,DAY,3,660,432.0,4.0,4,10,10,0,0,0,0,0,0
154448,18,28,clinic,31719,79,6,DAY,3,660,432.0,1.0,0,152,148,0,1,1,0,1,1
154449,18,28,clinic,31719,79,6,DAY,3,660,432.0,2.0,0,157,151,0,2,2,1,1,1
154450,18,28,clinic,31719,79,6,DAY,3,660,432.0,4.0,0,155,149,0,1,1,0,1,0
154451,18,28,clinic,31719,79,6,DAY,3,660,432.0,5.0,0,154,149,0,2,2,0,2,2
154452,18,28,clinic,31719,79,6,DAY,3,660,432.0,3.0,0,135,131,0,1,1,0,1,0
154453,18,28,clinic,31719,79,6,DAY,3,660,432.0,4.0,0,138,134,0,1,1,0,1,0
154454,18,28,clinic,31719,79,6,DAY,3,660,497.0,6.0,4,138,135,0,3,3,0,3,1
154455,18,28,clinic,31719,79,6,DAY,3,660,497.0,0.0,4,155,150,0,3,2,1,2,1
154456,18,28,clinic,31719,79,6,DAY,3,660,497.0,6.0,0,151,145,0,2,2,0,2,1
154456,18,28,clinic,31719,79,6,DAY,3,660,497.0,6.0,4,4,4,0,0,0,0,0,0
154457,18,28,clinic,31719,79,6,DAY,3,660,497.0,0.0,0,138,130,0,4,3,1,3,1
154458,18,28,clinic,31719,79,6,DAY,3,660,497.0,6.0,0,147,141,0,2,2,0,2,1
154459,18,28,clinic,31719,79,6,DAY,3,660,497.0,0.0,0,125,121,0,3,3,0,3,3
154460,18,28,clinic,31719,79,6,DAY,2,660,432.0,2.0,4,160,155,0,2,2,0,2,0
154461,18,28,clinic,31719,79,6,DAY,2,660,432.0,5.0,3,3,3,0,0,0,0,0,0
154461,18,28,clinic,31719,79,6,DAY,2,660,432.0,5.0,4,169,166,0,1,0,1,0,0
154462,18,28,clinic,31719,79,6,DAY,2,660,432.0,3.0,4,152,148,0,2,2,0,2,2
154463,18,28,clinic,31719,79,6,DAY,2,660,432.0,4.0,4,142,140,0,2,2,0,2,2
154464,18,28,clinic,31719,79,6,DAY,2,660,432.0,2.0,0,142,137,0,1,1,0,1,0
154464,18,28,clinic,31719,79,6,DAY,2,660,432.0,2.0,4,18,18,0,0,0,0,0,0
154465,18,28,clinic,31719,79,6,DAY,2,660,432.0,5.0,0,142,136,0,2,2,0,2,0
154466,18,28,clinic,31719,79,6,DAY,2,660,432.0,3.0,0,151,147,0,1,1,0,1,1
154467,18,28,clinic,31719,79,6,DAY,2,660,497.0,6.0,4,152,148,0,2,2,0,2,0
154468,18,28,clinic,31719,79,6,DAY,2,660,497.0,0.0,4,40,38,0,2,2,0,2,0
154469,18,28,clinic,31719,79,6,DAY,1,660,432.0,3.0,4,80,79,0,1,1,0,1,0
154470,18,28,clinic,31719,79,6,DAY,1,660,432.0,4.0,4,158,154,0,1,1,0,1,0
154471,18,28,clinic,31719,79,6,DAY,1,660,432.0,2.0,0,40,39,0,1,1,0,1,0
154472,18,44,ssr,30438,76,6,DAY,1,675,490.0,3.0,3,170,167,0,1,1,0,1,1
154473,18,44,hea_hou,30438,76,6,DAY,1,660,552.0,0.0,3,1,0,0,1,1,0,1,0
154474,18,42,hospi,35958,94,6,NIGHT,1,720,483.0,1.0,0,137,134,0,1,0,1,0,0
154474,18,42,hospi,35958,94,6,NIGHT,1,720,483.0,1.0,4,15,15,0,0,0,0,0,0
154475,18,44,hea_hou,30438,76,6,DAY,1,660,440.0,6.0,3,190,189,0,1,1,1,0,0
154476,18,44,hea_hou,30438,76,6,DAY,1,660,552.0,0.0,3,190,189,0,1,1,1,0,0
154477,18,44,hea_hou,30438,76,6,DAY,1,660,440.0,3.0,3,3,3,0,0,0,0,0,0
154477,18,44,hea_hou,30438,76,6,DAY,1,660,440.0,3.0,4,161,158,0,1,1,1,0,0
154478,18,28,clinic,31719,79,6,DAY,1,660,432.0,1.0,3,181,177,0,1,1,0,1,0
154479,18,5,clinic,35950,94,6,DAY,1,700,443.0,6.0,1,6,6,0,0,0,0,0,0
154479,18,5,clinic,35950,94,6,DAY,1,700,443.0,6.0,2,15,15,0,0,0,0,0,0
154479,18,5,clinic,35950,94,6,DAY,1,700,443.0,6.0,3,185,181,0,1,1,1,0,0
154480,18,5,clinic,35950,94,6,DAY,1,700,443.0,1.0,2,17,16,0,1,1,0,1,0
154480,18,5,clinic,35950,94,6,DAY,1,700,443.0,1.0,3,187,184,0,0,0,0,0,0
154481,18,2,clinic,35950,94,6,NIGHT,1,720,504.0,3.0,3,148,145,0,1,1,1,0,0
154482,18,2,clinic,35950,94,6,NIGHT,1,720,504.0,4.0,3,141,138,0,1,1,1,0,0
154483,18,2,clinic,35950,94,6,NIGHT,1,720,504.0,3.0,3,11,10,0,1,0,1,0,0
154483,18,2,clinic,35950,94,6,NIGHT,1,720,504.0,3.0,4,147,143,0,1,1,1,0,0
154484,18,4,clinic,30438,76,6,DAY,1,660,418.0,1.0,3,150,149,0,1,1,1,0,0
154485,18,4,clinic,30438,76,6,DAY,1,660,418.0,4.0,3,150,149,0,1,1,1,0,0
154486,286,45,clinic,36000,95,6,DAY,1,660,400.0,3.0,2,1,0,1,0,0,0,0,0
154487,18,9,hospi,36059,96,6,DAY,1,700,468.0,0.0,1,82,0,82,0,0,0,0,0
154488,18,9,hospi,36059,96,6,DAY,1,700,408.0,3.0,1,2,0,2,0,0,0,0,0
154488,18,9,hospi,36059,96,6,DAY,1,700,408.0,3.0,2,78,0,78,0,0,0,0,0
154489,18,9,hospi,36059,96,6,DAY,1,700,408.0,5.0,1,3,0,3,0,0,0,0,0
154489,18,9,hospi,36059,96,6,DAY,1,700,408.0,5.0,2,84,2,82,0,0,0,0,0
154491,18,32,clinic,1941,6,17,DAY,1,650,411.0,3.0,4,7,7,0,0,0,0,0,0
154492,18,32,clinic,1941,6,17,DAY,1,650,411.0,3.0,0,6,5,0,1,1,0,1,1
154493,18,32,clinic,1941,6,17,DAY,2,650,411.0,4.0,4,10,7,0,2,4,0,4,4
154494,18,2,clinic,30438,76,6,DAY,1,660,418.0,1.0,2,150,150,0,0,0,0,0,0
154495,18,4,ehpad_rh,31701,79,6,DAY,1,600,380.0,3.0,2,164,162,0,0,0,0,0,0
154496,18,4,ehpad_rh,31701,79,6,DAY,1,540,342.0,3.0,4,20,19,0,1,1,1,0,0
154497,18,11,labo,35935,93,6,DAY,1,300,225.0,1.0,2,202,200,0,1,1,0,1,0
154498,18,11,labo,35935,93,6,DAY,1,300,225.0,2.0,2,193,191,0,1,1,0,1,0
154499,18,11,labo,35935,93,6,DAY,1,300,225.0,5.0,2,120,115,0,4,1,3,1,0
154500,18,11,labo,35935,93,6,DAY,1,300,225.0,1.0,4,90,84,0,5,1,4,1,0
154501,18,11,labo,35935,93,6,DAY,1,300,225.0,2.0,4,90,84,0,4,1,3,1,0
154502,18,32,clinic,36025,96,6,DAY,1,600,340.0,3.0,0,1,0,0,1,1,0,1,1
154503,18,11,labo,30438,76,6,DAY,1,270,202.0,1.0,1,1,0,1,0,0,0,0,0
154503,18,11,labo,30438,76,6,DAY,1,270,202.0,1.0,2,235,1,231,1,0,1,0,0
154504,18,11,labo,30438,76,6,DAY,1,270,202.0,2.0,1,1,1,0,0,0,0,0,0
154504,18,11,labo,30438,76,6,DAY,1,270,202.0,2.0,2,230,226,0,0,0,0,0,0
154505,18,11,labo,30438,76,6,DAY,1,270,202.0,3.0,2,180,176,0,1,1,0,1,1
154506,18,11,labo,30438,76,6,DAY,1,270,202.0,4.0,2,180,177,0,1,1,0,1,1
154507,18,11,labo,30438,76,6,DAY,1,270,202.0,5.0,2,234,231,0,1,0,1,0,0
154508,18,4,clinic,30438,76,6,DAY,1,660,418.0,5.0,2,217,214,0,1,0,1,0,0
154509,18,4,clinic,30438,76,6,DAY,1,660,480.0,6.0,3,30,29,0,1,1,0,1,0
154510,18,4,clinic,30438,76,6,DAY,1,660,480.0,0.0,3,80,79,0,1,1,1,0,0
154511,18,28,clinic,31719,79,6,DAY,1,660,497.0,0.0,3,70,68,0,1,1,0,2,0
154512,18,28,clinic,31750,79,6,NIGHT,1,660,524.0,5.0,0,110,109,0,1,1,0,1,0
154513,18,28,clinic,31750,79,6,NIGHT,1,660,524.0,2.0,4,1,0,0,1,1,0,1,0
154514,18,44,hea_hou,30438,76,6,NIGHT,1,640,536.0,3.0,3,50,49,0,1,1,0,1,0
154515,18,8,clinic,30438,76,6,DAY,1,660,456.0,5.0,2,50,49,0,1,1,0,1,1
154516,18,8,clinic,30438,76,6,DAY,1,660,456.0,4.0,3,50,49,0,1,1,0,1,1
154517,18,44,clinic,31719,79,6,NIGHT,1,660,497.0,3.0,0,113,108,0,2,1,1,1,0
154518,18,44,clinic,31719,79,6,NIGHT,1,660,497.0,3.0,4,1,0,0,1,1,0,1,1
154519,18,44,clinic,31719,79,6,NIGHT,1,660,497.0,3.0,0,1,0,0,1,1,0,1,1
154520,18,44,clinic,31719,79,6,NIGHT,1,660,497.0,0.0,0,1,0,0,1,1,0,1,1
154521,18,44,clinic,31719,79,6,NIGHT,1,660,497.0,4.0,0,1,0,0,1,1,0,1,1
154522,18,44,clinic,31719,79,6,NIGHT,1,660,497.0,2.0,0,1,0,0,1,1,0,1,1
154523,18,32,clinic,35813,92,6,NIGHT,1,720,450.0,0.0,1,60,0,60,0,0,0,0,0
154524,18,32,clinic,31856,79,6,NIGHT,1,690,460.0,1.0,3,20,19,0,1,1,0,1,1
154525,18,4,clinic,31856,79,6,NIGHT,2,690,460.0,3.0,4,150,147,0,3,2,1,2,0
154526,18,4,clinic,31856,79,6,NIGHT,2,690,460.0,4.0,4,162,159,0,2,2,0,2,1
154527,18,28,clinic,31719,79,6,NIGHT,1,660,497.0,1.0,1,199,197,0,1,1,1,0,0
154528,18,28,clinic,31719,79,6,NIGHT,1,660,497.0,2.0,1,180,177,0,1,1,1,0,0
154529,18,28,clinic,31750,79,6,DAY,1,660,456.0,1.0,3,148,146,0,1,1,0,1,1
154530,18,30,clinic,35806,92,6,NIGHT,1,660,443.0,3.0,1,2,0,2,0,0,0,0,0
154530,18,30,clinic,35806,92,6,NIGHT,1,660,443.0,3.0,2,45,0,45,0,0,0,0,0
154531,18,4,clinic,31856,79,6,NIGHT,1,690,460.0,0.0,3,194,192,0,1,1,1,0,0
154532,18,2,hospi,36059,96,6,NIGHT,1,700,468.0,1.0,4,1,0,0,1,1,0,1,1
154533,18,2,hospi,36059,96,6,NIGHT,1,700,468.0,2.0,4,1,0,0,1,1,0,1,1
154534,18,2,hospi,36059,96,6,NIGHT,1,700,468.0,3.0,4,1,0,0,1,1,0,1,1
154535,18,2,hospi,36059,96,6,NIGHT,1,700,468.0,1.0,0,1,0,0,1,1,0,1,1
154536,18,2,hospi,36059,96,6,NIGHT,1,700,468.0,2.0,0,1,0,0,1,1,0,1,1
154537,18,2,hospi,36059,96,6,NIGHT,1,700,468.0,5.0,0,1,0,0,1,1,0,1,1
154538,18,2,hospi,36059,96,6,NIGHT,1,700,468.0,6.0,0,1,0,0,1,1,0,1,1
154539,18,5,clinic,31750,79,6,NIGHT,1,660,469.0,6.0,0,124,120,0,1,1,0,1,0
154540,18,5,clinic,30438,76,6,DAY,1,660,418.0,3.0,2,12,12,0,0,0,0,0,0
154540,18,5,clinic,30438,76,6,DAY,1,660,418.0,3.0,3,23,23,0,0,0,0,0,0
154540,18,5,clinic,30438,76,6,DAY,1,660,418.0,3.0,4,163,161,0,0,0,0,0,0
154541,18,2,clinic,30438,76,6,DAY,2,660,418.0,5.0,1,9,0,8,1,1,0,1,1
154541,18,2,clinic,30438,76,6,DAY,2,660,418.0,5.0,2,154,3,149,0,0,0,0,0
154542,18,2,clinic,30438,76,6,DAY,1,660,418.0,2.0,1,4,0,4,0,0,0,0,0
154542,18,2,clinic,30438,76,6,DAY,1,660,418.0,2.0,2,12,0,12,0,0,0,0,0
154542,18,2,clinic,30438,76,6,DAY,1,660,418.0,2.0,3,144,3,139,0,0,0,0,0
154543,18,2,clinic,30438,76,6,DAY,1,660,418.0,3.0,1,8,0,8,0,0,0,0,0
154543,18,2,clinic,30438,76,6,DAY,1,660,418.0,3.0,2,13,0,13,0,0,0,0,0
154543,18,2,clinic,30438,76,6,DAY,1,660,418.0,3.0,3,144,0,142,0,0,0,0,0
154544,18,2,clinic,30438,76,6,DAY,1,660,418.0,4.0,3,30,29,0,1,1,1,0,0
154545,18,2,clinic,30438,76,6,DAY,1,660,480.0,6.0,3,90,89,0,1,1,1,0,0
154546,18,2,clinic,30438,76,6,DAY,1,660,480.0,0.0,3,30,29,0,1,1,1,0,0
154547,18,4,clinic,30438,76,6,DAY,1,660,418.0,1.0,2,218,214,0,1,1,1,0,0
154548,18,4,clinic,30438,76,6,DAY,1,660,418.0,4.0,3,205,201,0,1,1,1,0,0
154549,18,4,clinic,30438,76,6,DAY,1,660,418.0,2.0,3,30,28,0,1,1,1,0,0
154550,18,4,clinic,30438,76,6,DAY,1,660,418.0,5.0,1,9,9,0,0,0,0,0,0
154550,18,4,clinic,30438,76,6,DAY,1,660,418.0,5.0,2,218,215,0,1,1,0,1,0
154551,18,4,clinic,30438,76,6,DAY,1,660,418.0,3.0,2,5,4,0,1,1,1,0,0
154551,18,4,clinic,30438,76,6,DAY,1,660,418.0,3.0,3,204,202,0,0,0,0,0,0
154552,18,4,clinic,30438,76,6,DAY,1,660,418.0,1.0,3,194,191,0,1,1,1,0,0
154553,18,4,clinic,30438,76,6,DAY,1,660,480.0,6.0,2,210,208,0,1,1,1,0,0
154554,18,8,clinic,30438,76,6,DAY,1,660,456.0,5.0,2,1,0,0,1,1,0,1,1
154555,18,42,clinic,33838,85,17,DAY,1,580,350.0,2.0,1,17,17,0,0,0,0,0,0
154556,18,44,hea_hou,30438,76,6,DAY,1,660,440.0,4.0,2,1,0,0,1,1,0,1,0
154557,18,28,clinic,31719,79,6,DAY,1,660,432.0,2.0,3,20,19,0,1,1,0,1,0
154558,18,32,clinic,35813,92,6,DAY,1,420,252.0,3.0,1,161,159,0,0,0,0,0,0
154559,18,32,clinic,35813,92,6,DAY,1,420,252.0,5.0,2,169,169,0,0,0,0,0,0
154560,18,32,clinic,35813,92,6,DAY,1,420,252.0,1.0,2,161,161,0,0,0,0,0,0
154561,18,32,clinic,35813,92,6,DAY,1,420,252.0,2.0,3,159,159,0,0,0,0,0,0
154562,18,32,clinic,35813,92,6,DAY,1,420,252.0,3.0,3,161,160,0,1,0,1,0,0
154563,18,32,clinic,35813,92,6,DAY,1,420,252.0,4.0,3,110,109,0,1,1,0,1,0
154564,18,32,clinic,35813,92,6,DAY,1,420,252.0,5.0,3,159,159,0,0,0,0,0,0
154565,18,32,clinic,35813,92,6,DAY,1,420,252.0,1.0,3,150,150,0,0,0,0,0,0
154566,18,32,clinic,35813,92,6,DAY,1,600,360.0,6.0,4,142,142,0,0,0,0,0,0
154567,18,32,clinic,35813,92,6,DAY,1,600,360.0,1.0,4,141,141,0,0,0,0,0,0
154568,18,32,clinic,35813,92,6,DAY,1,600,360.0,4.0,4,139,139,0,0,0,0,0,0
154569,18,32,clinic,35813,92,6,DAY,1,600,360.0,5.0,4,142,142,0,0,0,0,0,0
154570,18,32,clinic,35813,92,6,DAY,1,600,360.0,2.0,4,136,136,0,0,0,0,0,0
154571,18,32,clinic,35813,92,6,DAY,1,600,450.0,0.0,4,142,142,0,0,0,0,0,0
154572,18,32,clinic,35813,92,6,DAY,1,600,360.0,6.0,4,142,142,0,0,0,0,0,0
154573,18,32,clinic,35813,92,6,DAY,1,360,216.0,5.0,0,133,133,0,0,0,0,0,0
154574,18,32,clinic,35813,92,6,DAY,1,600,360.0,4.0,4,148,148,0,0,0,0,0,0
154575,18,32,clinic,35813,92,6,DAY,1,600,360.0,5.0,4,144,144,0,0,0,0,0,0
154576,18,32,clinic,35813,92,6,DAY,1,600,360.0,3.0,4,143,143,0,0,0,0,0,0
154577,18,32,clinic,35813,92,6,DAY,1,600,360.0,6.0,4,133,133,0,0,0,0,0,0
154578,18,32,clinic,35813,92,6,DAY,1,600,360.0,1.0,4,137,137,0,0,0,0,0,0
154579,18,32,clinic,35813,92,6,DAY,1,600,360.0,4.0,0,131,131,0,0,0,0,0,0
154580,18,4,clinic,35813,92,6,DAY,1,600,360.0,6.0,0,121,121,0,0,0,0,0,0
154581,18,32,clinic,1941,6,17,DAY,1,650,411.0,4.0,0,1,0,0,1,1,0,1,0
154582,18,32,clinic,8576,25,14,NIGHT,1,720,468.0,2.0,0,26,0,0,0,0,0,0,0
154583,18,32,clinic,8576,25,14,NIGHT,1,720,468.0,3.0,0,25,0,0,0,0,0,0,0
154584,18,32,clinic,8576,25,14,NIGHT,1,720,468.0,1.0,0,17,0,0,0,0,0,0,0
154585,18,32,clinic,8576,25,14,NIGHT,1,720,468.0,6.0,0,4,0,0,0,0,0,0,0
154587,18,32,clinic,8576,25,14,NIGHT,1,720,468.0,5.0,0,1,0,0,0,0,0,0,0
154588,18,32,clinic,36025,96,6,DAY,1,600,391.0,0.0,2,1,0,0,1,1,0,1,0
154589,18,11,labo,35935,93,6,DAY,1,300,225.0,1.0,2,11,10,0,1,1,0,1,0
154590,18,11,labo,35935,93,6,DAY,1,300,225.0,2.0,3,193,190,0,2,1,1,1,0
154591,18,11,labo,35935,93,6,DAY,1,300,225.0,5.0,3,11,10,0,1,1,0,1,0
154592,18,32,ssr,35918,93,6,NIGHT,1,660,460.0,0.0,3,198,196,0,1,1,1,0,0
154593,18,4,ssr,35918,93,6,DAY,1,660,384.0,2.0,1,192,0,192,0,0,0,0,0
154594,18,4,ssr,35918,93,6,DAY,1,660,384.0,3.0,1,198,0,196,0,0,0,0,0
154595,18,4,ssr,35918,93,6,DAY,1,660,384.0,5.0,1,11,0,11,0,0,0,0,0
154595,18,4,ssr,35918,93,6,DAY,1,660,384.0,5.0,2,193,2,190,0,0,0,0,0
154596,18,4,ssr,35918,93,6,DAY,1,660,442.0,6.0,3,168,166,0,1,1,0,1,0
154597,18,32,ssr,35918,93,6,DAY,1,660,384.0,3.0,1,201,0,200,0,0,0,0,0
154598,18,32,ssr,35918,93,6,DAY,1,660,384.0,5.0,3,50,49,0,1,1,0,1,0
154599,18,4,ssr,35918,93,6,DAY,1,660,384.0,5.0,4,40,39,0,1,1,1,0,0
154600,18,4,ssr,35918,93,6,DAY,1,660,384.0,4.0,0,60,59,0,1,1,0,1,1
154601,18,4,ssr,35918,93,6,DAY,1,660,384.0,5.0,0,30,29,0,1,1,0,1,0
154602,18,4,ssr,35918,93,6,DAY,1,660,384.0,2.0,0,151,145,0,1,0,1,0,0
154603,18,4,ssr,35918,93,6,DAY,1,660,384.0,3.0,0,30,28,0,1,1,1,0,0
154604,18,4,ssr,35918,93,6,DAY,1,660,442.0,6.0,4,70,68,0,1,1,1,0,0
154605,18,4,ssr,35918,93,6,DAY,1,660,442.0,6.0,4,149,147,0,1,1,1,0,0
154606,18,4,ssr,35918,93,6,DAY,1,660,442.0,0.0,4,158,154,0,2,1,2,0,0
154607,18,4,ssr,35918,93,6,DAY,1,660,442.0,6.0,0,147,142,0,2,1,1,1,1
154608,18,4,ssr,35918,93,6,DAY,1,660,442.0,0.0,0,143,138,0,2,1,1,1,1
154609,18,4,ssr,35918,93,6,DAY,2,660,384.0,4.0,4,80,78,0,2,2,2,0,0
154610,18,4,ssr,35918,93,6,DAY,2,660,384.0,2.0,4,167,163,0,2,2,2,0,0
154611,18,4,ssr,35918,93,6,DAY,2,660,384.0,3.0,4,177,173,0,0,0,0,0,0
154612,18,4,ssr,35918,93,6,DAY,2,660,384.0,2.0,4,60,58,0,2,2,1,1,0
154613,18,4,ssr,35918,93,6,DAY,2,660,384.0,3.0,4,170,163,0,3,3,2,1,0
154614,18,4,ssr,35918,93,6,DAY,2,660,384.0,5.0,0,147,143,0,1,1,0,1,0
154614,18,4,ssr,35918,93,6,DAY,2,660,384.0,5.0,4,15,15,0,0,0,0,0,0
154615,18,4,ssr,35918,93,6,DAY,2,660,384.0,2.0,0,146,143,0,2,2,1,1,1
154616,18,4,ssr,35918,93,6,DAY,2,660,384.0,4.0,0,60,58,0,2,2,1,1,0
154617,18,4,ssr,35918,93,6,DAY,2,660,384.0,4.0,0,126,122,0,2,2,1,1,0
154618,18,4,ssr,35918,93,6,DAY,2,660,442.0,0.0,0,153,149,0,2,2,0,2,0
154619,18,4,ssr,35918,93,6,DAY,3,660,384.0,4.0,4,170,165,0,1,1,0,1,1
154620,18,4,ssr,35918,93,6,DAY,3,660,384.0,5.0,4,171,165,0,2,2,1,1,0
154621,18,4,ssr,35918,93,6,DAY,3,660,384.0,1.0,4,168,164,0,1,1,1,0,0
154622,18,4,ssr,35918,93,6,DAY,3,660,384.0,1.0,0,155,152,0,0,0,0,0,0
154622,18,4,ssr,35918,93,6,DAY,3,660,384.0,1.0,4,5,5,0,0,0,0,0,0
154623,18,4,ssr,35918,93,6,DAY,3,660,384.0,3.0,0,161,158,0,0,0,0,0,0
154624,18,4,ssr,35918,93,6,DAY,3,660,384.0,1.0,0,152,148,0,0,0,0,0,0
154625,18,4,ssr,35918,93,6,DAY,3,660,442.0,6.0,0,148,142,0,3,2,3,0,0
154625,18,4,ssr,35918,93,6,DAY,3,660,442.0,6.0,4,13,13,0,0,0,0,0,0
154626,18,32,ssr,35918,93,6,DAY,1,660,384.0,4.0,4,160,158,0,1,1,0,1,0
154627,18,32,ssr,35918,93,6,DAY,1,660,384.0,5.0,4,165,163,0,1,1,0,1,1
154628,18,32,ssr,35918,93,6,DAY,1,660,384.0,1.0,4,162,159,0,1,1,0,1,1
154629,18,32,ssr,35918,93,6,DAY,1,660,384.0,2.0,4,50,48,0,1,1,0,1,0
154630,18,32,ssr,35918,93,6,DAY,1,660,384.0,3.0,4,50,48,0,1,1,0,1,0
154631,18,32,ssr,35918,93,6,DAY,1,660,384.0,5.0,4,158,155,0,1,1,0,1,1
154632,18,32,ssr,35918,93,6,DAY,1,660,384.0,4.0,0,20,19,0,1,1,1,0,0
154633,18,32,ssr,35918,93,6,DAY,1,660,384.0,1.0,0,20,19,0,1,1,1,0,0
154634,18,32,ssr,35918,93,6,DAY,1,660,384.0,4.0,0,146,145,0,1,1,0,1,0
154635,18,32,ssr,35918,93,6,DAY,1,660,384.0,2.0,0,20,18,0,1,1,1,0,0
154636,18,32,ssr,35918,93,6,DAY,1,660,442.0,6.0,4,50,48,0,1,1,0,1,0
154637,18,32,ssr,35918,93,6,DAY,1,660,442.0,0.0,4,50,48,0,1,1,0,1,0
154638,18,32,ssr,35918,93,6,DAY,1,660,442.0,6.0,0,20,19,0,1,1,1,0,0
154639,18,32,ssr,35918,93,6,DAY,1,660,442.0,0.0,0,20,19,0,1,1,1,0,0
154640,18,32,ssr,35918,93,6,DAY,2,660,442.0,6.0,4,151,148,0,2,2,0,2,0
154641,18,32,ssr,35918,93,6,DAY,2,660,442.0,0.0,4,151,147,0,3,2,2,1,0
154642,18,32,ssr,35918,93,6,DAY,2,660,442.0,6.0,0,138,134,0,2,2,0,2,0
154643,18,32,ssr,35918,93,6,DAY,2,660,442.0,0.0,0,135,131,0,2,2,1,1,0
154644,18,32,ssr,35918,93,6,DAY,2,660,384.0,1.0,4,168,163,0,2,2,1,1,1
154645,18,32,ssr,35918,93,6,DAY,2,660,384.0,1.0,0,153,148,0,1,1,0,1,0
154646,18,32,ssr,35918,93,6,DAY,3,660,384.0,5.0,0,146,141,0,3,3,1,2,0
154647,286,45,clinic,36000,95,6,DAY,1,660,400.0,1.0,2,1,0,1,0,0,0,0,0
154648,286,45,clinic,36000,95,6,DAY,1,660,400.0,1.0,3,1,1,0,0,0,0,0,0
154649,18,32,clinic,35813,92,6,NIGHT,1,720,450.0,5.0,0,137,137,0,0,0,0,0,0
154650,18,32,clinic,35813,92,6,NIGHT,1,720,450.0,1.0,0,138,137,0,1,1,0,1,0
154651,18,32,clinic,35813,92,6,NIGHT,1,720,450.0,5.0,3,30,29,0,1,1,0,1,0
154652,18,32,clinic,35813,92,6,NIGHT,1,720,450.0,5.0,0,80,79,0,1,1,0,1,0
154653,18,32,clinic,35813,92,6,NIGHT,1,720,450.0,6.0,0,8,7,0,1,1,1,0,0
154654,18,32,clinic,35813,92,6,NIGHT,1,720,450.0,0.0,0,8,7,0,1,1,1,0,0
154655,18,28,other_ms,35981,95,6,DAY,1,580,437.0,0.0,4,20,19,0,1,1,0,1,0
154656,18,28,other_ms,35981,95,6,DAY,1,580,437.0,0.0,0,155,153,0,1,1,0,1,0
154657,18,28,other_ms,35981,95,6,DAY,1,580,380.0,1.0,4,50,49,0,1,1,0,1,0
154658,18,28,other_ms,35981,95,6,DAY,1,580,380.0,6.0,0,163,157,0,1,1,0,1,0
154658,18,28,other_ms,35981,95,6,DAY,1,580,380.0,6.0,4,11,11,0,0,0,0,0,0
154659,18,28,other_ms,35981,95,6,DAY,1,580,380.0,1.0,0,50,49,0,1,1,0,1,0
154660,18,32,clinic,35813,92,6,NIGHT,1,720,450.0,6.0,0,60,59,0,1,1,0,1,0
154661,18,44,clinic,35938,94,6,NIGHT,1,690,529.0,1.0,1,60,0,60,0,0,0,0,0
154662,18,44,clinic,31750,79,6,NIGHT,1,660,469.0,4.0,3,6,6,0,0,0,0,0,0
154662,18,44,clinic,31750,79,6,NIGHT,1,660,469.0,4.0,4,129,125,0,0,0,0,0,0
154663,18,44,clinic,31750,79,6,NIGHT,1,660,469.0,2.0,4,125,122,0,1,1,0,1,0
154664,18,44,clinic,31750,79,6,NIGHT,1,660,469.0,0.0,0,110,107,0,1,1,0,1,0
154665,18,44,clinic,31750,79,6,NIGHT,1,660,469.0,3.0,0,109,106,0,1,1,0,1,0
154666,18,44,clinic,31750,79,6,NIGHT,1,660,469.0,1.0,0,107,105,0,0,0,0,0,0
154667,18,5,clinic,35933,93,6,DAY,1,660,481.0,0.0,4,161,158,0,1,1,1,0,0
154668,18,28,clinic,35933,93,6,DAY,1,660,396.0,1.0,0,145,142,0,1,1,1,0,0
154669,18,32,clinic,35813,92,6,DAY,1,600,360.0,4.0,4,100,98,0,1,1,0,1,0
154670,18,32,clinic,35813,92,6,DAY,1,600,360.0,5.0,4,100,98,0,1,1,0,1,0
154671,18,32,clinic,35813,92,6,DAY,1,600,360.0,3.0,4,158,155,0,0,0,0,0,0
154672,18,32,clinic,35813,92,6,DAY,1,600,360.0,6.0,4,146,141,0,1,0,1,0,0
154673,18,32,clinic,35813,92,6,DAY,1,600,360.0,1.0,4,152,149,0,0,0,0,0,0
154674,18,32,clinic,35813,92,6,DAY,1,600,360.0,4.0,4,146,142,0,0,0,0,0,0
154675,18,32,clinic,35813,92,6,DAY,1,600,360.0,5.0,0,136,134,0,0,0,0,0,0
154675,18,32,clinic,35813,92,6,DAY,1,600,360.0,5.0,4,3,3,0,0,0,0,0,0
154676,18,4,clinic,35813,92,6,DAY,1,600,360.0,6.0,0,134,130,0,0,0,0,0,0
154677,18,32,clinic,35813,92,6,DAY,1,600,360.0,6.0,4,141,140,0,0,0,0,0,0
154678,18,32,clinic,35813,92,6,DAY,1,600,360.0,1.0,4,144,142,0,0,0,0,0,0
154679,18,32,clinic,35813,92,6,DAY,1,600,360.0,5.0,4,144,142,0,0,0,0,0,0
154680,18,32,clinic,35813,92,6,DAY,1,600,360.0,3.0,4,133,132,0,0,0,0,0,0
154681,18,32,clinic,35813,92,6,DAY,1,600,360.0,6.0,0,136,133,0,0,0,0,0,0
154681,18,32,clinic,35813,92,6,DAY,1,600,360.0,6.0,4,14,14,0,0,0,0,0,0
154682,18,32,clinic,35813,92,6,DAY,1,600,360.0,1.0,0,140,136,0,0,0,0,0,0
154682,18,32,clinic,35813,92,6,DAY,1,600,360.0,1.0,4,5,5,0,0,0,0,0,0
154683,18,32,clinic,35813,92,6,DAY,1,600,360.0,4.0,0,147,143,0,0,0,0,0,0
154684,18,32,clinic,35813,92,6,DAY,1,600,360.0,5.0,0,135,133,0,0,0,0,0,0
154685,18,32,clinic,35813,92,6,DAY,1,600,360.0,2.0,0,122,120,0,0,0,0,0,0
154686,18,32,clinic,35813,92,6,DAY,1,600,360.0,3.0,0,116,115,0,0,0,0,0,0
154687,18,32,clinic,35813,92,6,DAY,1,600,450.0,0.0,4,142,141,0,0,0,0,0,0
154688,18,32,clinic,35813,92,6,DAY,1,600,360.0,6.0,3,6,6,0,0,0,0,0,0
154688,18,32,clinic,35813,92,6,DAY,1,600,360.0,6.0,4,151,149,0,0,0,0,0,0
154689,18,32,clinic,35813,92,6,DAY,1,360,216.0,4.0,3,7,7,0,0,0,0,0,0
154689,18,32,clinic,35813,92,6,DAY,1,360,216.0,4.0,4,146,145,0,0,0,0,0,0
154690,18,32,clinic,35813,92,6,DAY,1,360,216.0,5.0,3,2,2,0,0,0,0,0,0
154690,18,32,clinic,35813,92,6,DAY,1,360,216.0,5.0,4,147,146,0,0,0,0,0,0
154691,18,32,clinic,35813,92,6,DAY,1,360,216.0,1.0,4,141,140,0,0,0,0,0,0
154692,18,32,clinic,35813,92,6,DAY,1,360,216.0,2.0,4,145,144,0,0,0,0,0,0
154693,18,32,clinic,35813,92,6,DAY,1,360,216.0,3.0,4,143,142,0,0,0,0,0,0
154694,18,32,clinic,35813,92,6,DAY,1,360,216.0,4.0,4,144,142,0,0,0,0,0,0
154695,18,32,clinic,35813,92,6,DAY,1,360,216.0,5.0,4,144,142,0,0,0,0,0,0
154696,18,32,clinic,35813,92,6,DAY,1,360,216.0,1.0,4,152,149,0,0,0,0,0,0
154697,18,32,clinic,35813,92,6,DAY,1,360,216.0,2.0,4,139,137,0,0,0,0,0,0
154698,18,32,clinic,35813,92,6,DAY,1,360,216.0,3.0,4,147,143,0,0,0,0,0,0
154699,18,32,clinic,35813,92,6,DAY,1,360,216.0,4.0,4,146,142,0,0,0,0,0,0
154700,18,32,clinic,35813,92,6,DAY,1,360,216.0,5.0,0,136,134,0,0,0,0,0,0
154700,18,32,clinic,35813,92,6,DAY,1,360,216.0,5.0,4,3,3,0,0,0,0,0,0
154701,18,32,clinic,35813,92,6,DAY,1,360,216.0,5.0,0,146,142,0,0,0,0,0,0
154702,18,32,clinic,35813,92,6,DAY,1,420,252.0,3.0,1,162,0,160,0,0,0,0,0
154703,18,32,clinic,35813,92,6,DAY,1,420,252.0,5.0,1,2,2,0,0,0,0,0,0
154703,18,32,clinic,35813,92,6,DAY,1,420,252.0,5.0,2,169,167,0,1,1,0,1,0
154704,18,32,clinic,35813,92,6,DAY,1,420,252.0,1.0,2,165,163,0,1,1,0,1,0
154705,18,32,clinic,35813,92,6,DAY,1,420,252.0,2.0,2,160,159,0,0,0,0,0,0
154706,18,32,clinic,35813,92,6,DAY,1,420,252.0,3.0,1,3,3,0,0,0,0,0,0
154706,18,32,clinic,35813,92,6,DAY,1,420,252.0,3.0,2,15,14,0,0,0,0,0,0
154706,18,32,clinic,35813,92,6,DAY,1,420,252.0,3.0,3,162,158,0,1,0,1,0,0
154707,18,32,clinic,35813,92,6,DAY,1,420,252.0,4.0,3,163,162,0,0,0,0,0,0
154708,18,32,clinic,35813,92,6,DAY,1,420,252.0,5.0,3,158,157,0,0,0,0,0,0
154709,18,32,clinic,35813,92,6,DAY,1,420,252.0,1.0,3,148,147,0,0,0,0,0,0
154710,18,30,clinic,31750,79,6,NIGHT,1,660,469.0,2.0,1,44,0,44,0,0,0,0,0
154711,18,28,clinic,31750,79,6,DAY,1,660,524.0,0.0,2,172,169,0,1,1,1,0,0
154712,18,44,clinic,31750,79,6,DAY,1,660,408.0,1.0,2,142,140,0,0,0,0,0,0
154713,18,44,clinic,31719,79,6,DAY,1,660,497.0,0.0,3,149,147,0,0,0,0,0,0
154714,18,28,clinic,31719,79,6,NIGHT,1,660,497.0,6.0,2,170,168,0,1,1,0,1,0
154715,18,28,clinic,31719,79,6,NIGHT,1,660,497.0,6.0,3,90,89,0,1,1,0,1,1
154716,18,28,clinic,31719,79,6,NIGHT,1,660,497.0,0.0,3,80,79,0,1,1,0,1,1
154717,18,28,clinic,31719,79,6,DAY,1,660,432.0,3.0,2,5,5,0,0,0,0,0,0
154717,18,28,clinic,31719,79,6,DAY,1,660,432.0,3.0,3,180,178,0,0,0,0,0,0
154718,18,28,clinic,31719,79,6,DAY,1,660,432.0,4.0,3,183,181,0,0,0,0,0,0
154719,18,32,clinic,35813,92,6,NIGHT,1,720,450.0,5.0,4,120,118,0,1,1,0,1,0
154720,18,28,clinic,31750,79,6,NIGHT,1,660,524.0,3.0,1,1,0,0,1,1,0,1,0
154721,18,29,clinic,4440,13,17,DAY,1,540,341.0,5.0,2,1,0,0,1,1,0,1,0
154722,18,5,ssr,12591,34,14,DAY,1,480,272.0,1.0,0,13,0,13,0,0,0,0,0
154722,18,5,ssr,12591,34,14,DAY,1,480,272.0,5.0,1,1,0,1,0,0,0,0,0
154722,18,5,ssr,12591,34,14,DAY,1,480,272.0,5.0,2,33,0,32,0,0,0,0,0
154723,18,5,ssr,12591,34,14,DAY,1,450,293.0,0.0,0,14,0,13,0,0,0,0,0
154723,18,5,ssr,12591,34,14,DAY,1,450,293.0,4.0,1,34,0,33,0,0,0,0,0
154724,18,5,ssr,12591,34,14,DAY,1,480,272.0,3.0,1,1,0,1,0,0,0,0,0
154724,18,5,ssr,12591,34,14,DAY,1,480,272.0,6.0,0,13,0,13,0,0,0,0,0
154725,18,32,clinic,35813,92,6,NIGHT,1,720,450.0,0.0,0,83,82,0,1,1,0,1,0
154726,18,32,clinic,35813,92,6,NIGHT,1,720,450.0,3.0,0,74,73,0,1,1,0,1,0
154727,18,32,clinic,35813,92,6,NIGHT,1,720,450.0,4.0,0,73,72,0,1,1,0,1,0
154728,18,32,clinic,35813,92,6,DAY,1,600,360.0,3.0,3,159,156,0,0,0,0,0,0
154729,286,45,clinic,36000,95,6,DAY,1,660,400.0,1.0,4,1,1,0,0,0,0,0,0
154730,18,4,ehpad_rh,31899,79,6,DAY,1,600,400.0,4.0,4,1,0,0,1,1,0,1,1
154731,18,4,ehpad_rh,31899,79,6,DAY,1,600,400.0,3.0,4,1,0,0,1,1,0,1,1
154732,18,4,ehpad_rh,31899,79,6,DAY,1,600,400.0,4.0,4,1,0,0,1,1,0,1,1
154733,18,4,ehpad_rh,31899,79,6,DAY,1,600,400.0,3.0,0,1,0,0,1,1,0,1,1
154734,18,4,ehpad_rh,31899,79,6,DAY,1,600,400.0,4.0,0,1,0,0,1,1,0,1,1
154735,18,4,ehpad_rh,31899,79,6,DAY,1,600,400.0,4.0,4,1,0,0,1,1,0,1,0
154736,18,4,ehpad_rh,31899,79,6,DAY,1,600,400.0,1.0,4,1,0,0,1,1,0,1,1
154737,18,4,ehpad_rh,31899,79,6,DAY,1,600,400.0,2.0,4,1,0,0,1,1,0,1,1
154738,18,4,ehpad_rh,31899,79,6,DAY,1,600,400.0,3.0,4,1,0,0,1,1,0,1,0
154739,18,4,ehpad_rh,31899,79,6,DAY,1,600,400.0,4.0,4,1,0,0,1,1,0,1,0
154740,18,4,ehpad_rh,31899,79,6,DAY,1,600,400.0,1.0,0,1,0,0,1,1,0,1,0
154741,18,4,ehpad_rh,31899,79,6,DAY,1,600,400.0,3.0,0,1,0,0,1,1,0,1,0
154742,18,4,ehpad_rh,31899,79,6,DAY,1,600,400.0,6.0,4,11,10,0,1,1,0,1,0
154743,18,4,ehpad_rh,31899,79,6,DAY,1,600,400.0,1.0,4,11,10,0,1,1,0,1,0
154744,18,4,ehpad_rh,31899,79,6,DAY,1,600,400.0,3.0,4,11,10,0,1,1,0,1,1
154745,18,4,ehpad_rh,31899,79,6,DAY,1,600,400.0,4.0,4,11,10,0,1,1,0,1,0
154746,18,4,ehpad_rh,31899,79,6,DAY,1,600,400.0,5.0,4,11,10,0,1,1,0,1,0
154747,18,4,ehpad_rh,31899,79,6,DAY,1,600,400.0,6.0,4,11,10,0,1,1,0,1,0
154748,18,4,ehpad_rh,31899,79,6,DAY,1,600,400.0,1.0,4,11,10,0,1,1,0,1,0
154749,18,4,ehpad_rh,31899,79,6,DAY,1,600,400.0,2.0,4,11,10,0,1,1,0,1,0
154750,18,4,ehpad_rh,31899,79,6,DAY,1,600,400.0,3.0,4,11,10,0,1,1,0,1,0
154751,18,4,ehpad_rh,31899,79,6,DAY,1,600,400.0,4.0,4,11,10,0,1,1,0,1,0
154752,18,4,ehpad_rh,31899,79,6,DAY,1,600,400.0,1.0,0,11,10,0,1,1,0,1,0
154753,18,4,ehpad_rh,31899,79,6,DAY,1,600,400.0,4.0,0,11,10,0,1,1,0,1,0
154754,18,4,ehpad_rh,31899,79,6,DAY,1,600,400.0,5.0,0,11,10,0,1,1,0,1,0
154755,18,4,ehpad_rh,31899,79,6,DAY,1,600,400.0,1.0,0,11,10,0,1,1,0,1,1
154756,18,4,ehpad_rh,31899,79,6,DAY,1,600,400.0,2.0,0,11,10,0,1,1,0,1,0
154757,18,4,ehpad_rh,31899,79,6,DAY,1,600,400.0,3.0,0,11,10,0,1,1,0,1,0
154758,18,4,ehpad_rh,31899,79,6,DAY,1,600,400.0,4.0,0,11,10,0,1,1,0,1,0
154759,18,4,ehpad_rh,31899,79,6,DAY,1,600,460.0,0.0,4,1,0,0,1,1,0,1,0
154760,18,4,ehpad_rh,31899,79,6,DAY,1,600,460.0,0.0,4,1,0,0,1,1,0,1,1
154761,18,4,ehpad_rh,31899,79,6,DAY,1,600,460.0,0.0,0,80,79,0,1,1,0,1,0
154762,18,4,ehpad_rh,31899,79,6,DAY,1,600,400.0,4.0,0,131,124,0,1,1,0,1,0
154762,18,4,ehpad_rh,31899,79,6,DAY,1,600,400.0,4.0,4,1,1,0,0,0,0,0,0
154763,18,4,ehpad_rh,31899,79,6,DAY,1,600,400.0,5.0,0,60,59,0,1,1,0,1,0
154764,18,32,clinic,31856,79,6,NIGHT,1,690,460.0,6.0,3,179,177,0,1,1,1,0,0
154765,18,32,clinic,31856,79,6,NIGHT,1,690,460.0,0.0,3,199,197,0,1,1,1,0,0
154766,18,4,clinic,31856,79,6,NIGHT,1,690,460.0,2.0,2,154,151,0,1,1,1,0,0
154766,18,4,clinic,31856,79,6,NIGHT,1,690,460.0,2.0,3,30,30,0,0,0,0,0,0
154767,18,11,labo,30438,76,6,DAY,1,270,202.0,3.0,1,1,0,0,1,1,0,1,0
154768,18,11,labo,35917,93,6,DAY,1,270,202.0,4.0,1,1,0,0,1,1,0,1,0
154769,18,32,clinic,36025,96,6,DAY,1,600,391.0,0.0,0,114,108,0,1,1,0,1,0
154769,18,32,clinic,36025,96,6,DAY,1,600,391.0,0.0,4,9,9,0,0,0,0,0,0
154770,18,32,clinic,36025,96,6,DAY,1,600,340.0,1.0,0,114,108,0,1,0,1,0,0
154770,18,32,clinic,36025,96,6,DAY,1,600,340.0,1.0,3,2,1,0,0,0,0,0,0
154770,18,32,clinic,36025,96,6,DAY,1,600,340.0,1.0,4,37,34,0,1,1,1,0,0
154771,18,32,clinic,36025,96,6,DAY,1,600,340.0,3.0,4,131,125,0,1,1,1,0,0
154772,18,42,hospi,35958,94,6,DAY,1,450,262.0,3.0,1,189,0,188,0,0,0,0,0
154773,18,44,hea_hou,30438,76,6,DAY,1,480,320.0,3.0,1,199,0,198,0,0,0,0,0
154774,18,44,hea_hou,30438,76,6,DAY,1,420,280.0,3.0,1,199,0,198,0,0,0,0,0
154775,18,28,clinic,31719,79,6,DAY,1,540,360.0,3.0,1,183,0,183,0,0,0,0,0
154776,18,28,clinic,31719,79,6,DAY,1,480,324.0,3.0,1,183,0,183,0,0,0,0,0
154777,18,9,clinic,31719,79,6,NIGHT,1,660,497.0,1.0,3,95,95,0,0,0,0,0,0
154778,18,9,clinic,31719,79,6,DAY,1,660,432.0,3.0,2,95,95,0,0,0,0,0,0
154779,18,9,clinic,31719,79,6,DAY,1,660,432.0,3.0,3,84,84,0,0,0,0,0,0
154780,18,28,clinic,31719,79,6,DAY,1,660,497.0,6.0,2,185,185,0,0,0,0,0,0
154781,18,28,clinic,31719,79,6,DAY,1,660,497.0,6.0,3,171,169,0,0,0,0,0,0
154782,18,28,clinic,31719,79,6,NIGHT,1,660,497.0,6.0,2,201,201,0,0,0,0,0,0
154783,18,28,clinic,31719,79,6,NIGHT,1,660,497.0,1.0,3,186,184,0,0,0,0,0,0
154784,18,28,clinic,31719,79,6,NIGHT,1,660,497.0,3.0,3,187,186,0,0,0,0,0,0
154785,18,28,clinic,31719,79,6,DAY,1,660,432.0,2.0,2,185,184,0,0,0,0,0,0
154786,18,28,clinic,31719,79,6,DAY,1,660,432.0,5.0,3,179,179,0,0,0,0,0,0
154787,18,28,clinic,31719,79,6,DAY,1,660,432.0,1.0,3,110,107,0,1,1,0,1,0
154788,18,28,clinic,31719,79,6,DAY,1,660,432.0,3.0,3,110,108,0,1,1,0,1,1
154789,18,19,clinic,31856,79,6,NIGHT,1,690,460.0,3.0,1,136,0,135,0,0,0,0,0
154790,18,19,clinic,31856,79,6,NIGHT,1,690,460.0,4.0,1,141,1,139,0,0,0,0,0
154791,18,5,ssr,12591,34,14,DAY,1,480,272.0,4.0,1,44,0,43,0,0,0,0,0
154792,18,5,ssr,12591,34,14,DAY,1,480,272.0,4.0,1,2,0,2,0,0,0,0,0
154792,18,5,ssr,12591,34,14,DAY,1,480,272.0,4.0,2,3,1,2,0,0,0,0,0
154792,18,5,ssr,12591,34,14,DAY,1,480,272.0,4.0,3,46,0,43,0,0,0,0,0
154793,18,5,ssr,12591,34,14,DAY,1,480,272.0,4.0,2,2,2,0,0,0,0,0,0
154793,18,5,ssr,12591,34,14,DAY,1,480,272.0,4.0,3,20,20,0,0,0,0,0,0
154794,18,5,ssr,12591,34,14,DAY,1,480,272.0,4.0,4,19,18,0,1,1,1,0,0
154795,18,5,ssr,12591,34,14,DAY,1,480,272.0,4.0,4,26,25,0,1,0,1,0,0
154796,18,5,ssr,12591,34,14,DAY,1,480,272.0,4.0,0,18,18,0,0,0,0,0,0
154796,18,5,ssr,12591,34,14,DAY,1,480,272.0,4.0,4,4,4,0,0,0,0,0,0
154797,18,5,ssr,12591,34,14,DAY,1,480,272.0,4.0,0,19,19,0,0,0,0,0,0
154798,18,5,ssr,12591,34,14,DAY,1,540,306.0,1.0,2,44,0,43,0,0,0,0,0
154799,18,5,ssr,12591,34,14,DAY,1,540,306.0,2.0,1,1,0,1,0,0,0,0,0
154799,18,5,ssr,12591,34,14,DAY,1,540,306.0,2.0,2,43,0,41,0,0,0,0,0
154800,18,5,ssr,12591,34,14,DAY,1,540,306.0,3.0,1,3,0,3,0,0,0,0,0
154800,18,5,ssr,12591,34,14,DAY,1,540,306.0,3.0,2,44,0,43,0,0,0,0,0
154801,18,5,ssr,12591,34,14,DAY,1,540,306.0,1.0,2,3,0,3,0,0,0,0,0
154801,18,5,ssr,12591,34,14,DAY,1,540,306.0,1.0,3,27,0,27,0,0,0,0,0
154802,18,5,ssr,12591,34,14,DAY,1,540,306.0,2.0,1,2,0,2,0,0,0,0,0
154802,18,5,ssr,12591,34,14,DAY,1,540,306.0,2.0,2,2,0,2,0,0,0,0,0
154802,18,5,ssr,12591,34,14,DAY,1,540,306.0,2.0,3,26,1,25,0,0,0,0,0
154803,18,5,ssr,12591,34,14,DAY,1,540,306.0,3.0,1,1,1,0,0,0,0,0,0
154803,18,5,ssr,12591,34,14,DAY,1,540,306.0,3.0,2,1,0,0,0,0,0,0,0
154803,18,5,ssr,12591,34,14,DAY,1,540,306.0,3.0,3,27,27,0,0,0,0,0,0
154804,18,5,ssr,12591,34,14,DAY,1,540,306.0,1.0,2,2,2,0,0,0,0,0,0
154804,18,5,ssr,12591,34,14,DAY,1,540,306.0,1.0,3,4,4,0,0,0,0,0,0
154804,18,5,ssr,12591,34,14,DAY,1,540,306.0,1.0,4,14,13,0,1,1,1,0,0
154805,18,5,ssr,12591,34,14,DAY,1,540,306.0,2.0,4,16,15,0,1,1,1,0,0
154806,18,5,ssr,12591,34,14,DAY,1,540,306.0,3.0,3,4,4,0,0,0,0,0,0
154806,18,5,ssr,12591,34,14,DAY,1,540,306.0,3.0,4,18,18,0,0,0,0,0,0
154807,18,5,ssr,12591,34,14,DAY,1,540,306.0,1.0,3,2,2,0,0,0,0,0,0
154807,18,5,ssr,12591,34,14,DAY,1,540,306.0,1.0,4,25,25,0,0,0,0,0,0
154808,18,5,ssr,12591,34,14,DAY,1,540,306.0,2.0,3,2,2,0,0,0,0,0,0
154808,18,5,ssr,12591,34,14,DAY,1,540,306.0,2.0,4,25,24,0,0,0,0,0,0
154809,18,5,ssr,12591,34,14,DAY,1,540,306.0,3.0,4,26,25,0,0,0,0,0,0
154810,18,5,ssr,12591,34,14,DAY,1,540,306.0,1.0,0,14,14,0,0,0,0,0,0
154810,18,5,ssr,12591,34,14,DAY,1,540,306.0,1.0,4,6,6,0,0,0,0,0,0
154811,18,5,ssr,12591,34,14,DAY,1,540,306.0,2.0,0,14,14,0,0,0,0,0,0
154811,18,5,ssr,12591,34,14,DAY,1,540,306.0,2.0,4,6,6,0,0,0,0,0,0
154812,18,5,ssr,12591,34,14,DAY,1,540,306.0,3.0,0,17,17,0,0,0,0,0,0
154812,18,5,ssr,12591,34,14,DAY,1,540,306.0,3.0,4,5,5,0,0,0,0,0,0
154813,18,5,ssr,12591,34,14,DAY,1,540,306.0,1.0,0,21,21,0,0,0,0,0,0
154813,18,5,ssr,12591,34,14,DAY,1,540,306.0,1.0,4,1,1,0,0,0,0,0,0
154814,18,5,ssr,12591,34,14,DAY,1,540,306.0,2.0,0,20,19,0,0,0,0,0,0
154814,18,5,ssr,12591,34,14,DAY,1,540,306.0,2.0,4,1,1,0,0,0,0,0,0
154815,18,5,ssr,12591,34,14,DAY,1,540,306.0,3.0,0,18,18,0,0,0,0,0,0
154815,18,5,ssr,12591,34,14,DAY,1,540,306.0,3.0,4,1,1,0,0,0,0,0,0
154816,18,5,ssr,12591,34,14,DAY,1,345,195.0,5.0,1,1,0,1,0,0,0,0,0
154816,18,5,ssr,12591,34,14,DAY,1,345,195.0,5.0,2,43,0,42,0,0,0,0,0
154817,18,5,ssr,12591,34,14,DAY,1,700,396.0,1.0,0,21,21,0,0,0,0,0,0
154817,18,5,ssr,12591,34,14,DAY,1,700,396.0,1.0,4,1,1,0,0,0,0,0,0
154818,18,5,ssr,12591,34,14,DAY,1,700,396.0,5.0,4,18,17,0,1,1,1,0,0
154819,18,5,ssr,12591,34,14,DAY,1,700,396.0,3.0,3,4,4,0,0,0,0,0,0
154819,18,5,ssr,12591,34,14,DAY,1,700,396.0,3.0,4,18,18,0,0,0,0,0,0
154820,18,5,ssr,12591,34,14,DAY,1,700,396.0,5.0,3,2,2,0,0,0,0,0,0
154820,18,5,ssr,12591,34,14,DAY,1,700,396.0,5.0,4,23,21,0,1,0,1,0,0
154821,18,5,ssr,12591,34,14,DAY,1,700,396.0,2.0,0,20,19,0,0,0,0,0,0
154821,18,5,ssr,12591,34,14,DAY,1,700,396.0,2.0,4,1,1,0,0,0,0,0,0
154822,18,5,ssr,12591,34,14,DAY,1,700,396.0,3.0,0,18,18,0,0,0,0,0,0
154822,18,5,ssr,12591,34,14,DAY,1,700,396.0,3.0,4,1,1,0,0,0,0,0,0
154823,18,4,clinic,30438,76,6,DAY,1,660,480.0,6.0,1,11,0,11,0,0,0,0,0
154823,18,4,clinic,30438,76,6,DAY,1,660,480.0,6.0,2,213,2,210,0,0,0,0,0
154824,18,32,clinic,35813,92,6,DAY,1,600,360.0,2.0,4,149,146,0,0,0,0,0,0
154825,18,9,hospi,30438,76,6,NIGHT,1,660,440.0,1.0,3,114,114,0,0,0,0,0,0
154826,18,4,clinic,31856,79,6,NIGHT,1,690,460.0,3.0,1,180,0,179,0,0,0,0,0
154827,18,4,ssr,35918,93,6,DAY,1,660,384.0,4.0,3,80,79,0,1,1,1,0,0
154828,18,28,clinic,31750,79,6,NIGHT,1,660,524.0,0.0,2,180,179,0,1,1,1,0,0
154829,18,5,clinic,31750,79,6,NIGHT,1,660,469.0,5.0,1,2,2,0,0,0,0,0,0
154829,18,5,clinic,31750,79,6,NIGHT,1,660,469.0,5.0,2,170,167,0,0,0,0,0,0
154830,18,5,clinic,31750,79,6,DAY,1,660,408.0,4.0,1,161,0,159,0,0,0,0,0
154831,18,41,hospi,16756,45,12,DAY,1,430,338.0,3.0,1,2,0,2,0,0,0,0,0
154831,18,41,hospi,16756,45,12,DAY,1,430,338.0,3.0,2,67,0,67,0,0,0,0,0
154832,18,41,hospi,16756,45,12,DAY,1,430,338.0,4.0,3,66,65,0,1,1,0,1,0
154833,18,41,hospi,16756,45,12,DAY,1,430,338.0,5.0,1,1,0,1,0,0,0,0,0
154833,18,41,hospi,16756,45,12,DAY,1,430,338.0,5.0,2,2,0,2,0,0,0,0,0
154833,18,41,hospi,16756,45,12,DAY,1,430,338.0,5.0,3,64,3,60,0,0,0,0,0
154834,18,41,hospi,16756,45,12,DAY,1,430,338.0,2.0,3,65,64,0,1,1,0,1,0
154835,18,41,hospi,16756,45,12,DAY,1,430,338.0,3.0,3,60,59,0,1,1,0,1,0
154836,18,41,hospi,16756,45,12,DAY,1,430,338.0,6.0,1,1,1,0,0,0,0,0,0
154836,18,41,hospi,16756,45,12,DAY,1,430,338.0,6.0,2,65,65,0,0,0,0,0,0
154837,18,41,hospi,16756,45,12,DAY,1,430,338.0,0.0,2,68,67,0,1,0,1,0,0
154838,18,41,hospi,16756,45,12,DAY,1,430,338.0,1.0,1,2,1,1,0,0,0,0,0
154838,18,41,hospi,16756,45,12,DAY,1,430,338.0,1.0,2,4,0,4,0,0,0,0,0
154838,18,41,hospi,16756,45,12,DAY,1,430,338.0,1.0,3,59,0,58,0,0,0,0,0
154839,18,4,hospi,35941,94,6,DAY,1,450,262.0,5.0,4,166,161,0,0,0,0,0,0
154840,18,4,hospi,35941,94,6,DAY,1,450,262.0,6.0,0,148,143,0,0,0,0,0,0
154840,18,4,hospi,35941,94,6,DAY,1,450,262.0,6.0,4,11,10,0,0,0,0,0,0
154840,18,4,hospi,35941,94,6,DAY,1,720,420.0,6.0,4,22,21,0,0,0,0,0,0
154841,18,32,clinic,1941,6,17,DAY,1,650,411.0,5.0,1,7,7,0,0,0,0,0,0
154842,18,44,clinic,31750,79,6,NIGHT,1,660,469.0,3.0,1,151,0,149,0,0,0,0,0
154843,18,4,ehpad_rh,30438,76,6,DAY,1,600,400.0,4.0,1,242,242,0,0,0,0,0,0
154844,18,4,ehpad_rh,30438,76,6,DAY,1,600,400.0,2.0,2,160,158,0,1,1,1,0,0
154845,18,28,clinic,31750,79,6,DAY,1,660,456.0,4.0,1,178,0,177,0,0,0,0,0
154846,18,5,clinic,31750,79,6,DAY,1,660,408.0,4.0,1,161,0,160,0,0,0,0,0
154847,18,44,clinic,31750,79,6,NIGHT,1,660,469.0,5.0,0,1,0,0,1,1,0,1,0
154848,18,44,clinic,31750,79,6,NIGHT,1,660,469.0,6.0,0,1,0,0,1,1,0,1,0
154849,18,44,clinic,31750,79,6,NIGHT,1,660,469.0,0.0,0,1,0,0,1,1,0,1,0
154850,18,28,hospi,30438,76,6,NIGHT,1,660,440.0,5.0,1,60,60,0,0,0,0,0,0
154850,18,28,hospi,30438,76,6,NIGHT,1,660,440.0,5.0,2,90,89,0,1,1,0,1,0
154851,18,44,hea_hou,30438,76,6,NIGHT,1,640,536.0,0.0,3,50,49,0,1,1,0,1,0
154852,18,42,hospi,35958,94,6,NIGHT,1,600,402.0,2.0,3,174,170,0,2,0,2,0,0
154853,18,32,ssr,35918,93,6,NIGHT,1,690,460.0,3.0,1,30,0,30,0,0,0,0,0
154855,18,32,hospi,35941,94,6,DAY,1,540,315.0,4.0,1,199,0,199,0,0,0,0,0
154856,18,32,hospi,35941,94,6,DAY,1,480,280.0,4.0,1,199,0,199,0,0,0,0,0
154857,18,28,clinic,31750,79,6,NIGHT,1,660,524.0,1.0,3,80,79,0,1,1,1,0,0
154858,18,28,clinic,31750,79,6,NIGHT,1,660,524.0,3.0,3,70,69,0,1,1,0,1,0
154859,18,28,clinic,31750,79,6,DAY,1,660,456.0,5.0,2,1,1,0,0,0,0,0,0
154859,18,28,clinic,31750,79,6,DAY,1,660,456.0,5.0,3,167,166,0,1,1,0,1,1
154860,18,28,clinic,31750,79,6,NIGHT,1,660,524.0,3.0,2,80,79,0,1,1,1,0,0
154861,18,30,clinic,31750,79,6,NIGHT,1,660,469.0,1.0,3,47,46,0,1,1,0,1,0
154862,18,44,clinic,31750,79,6,NIGHT,1,660,469.0,1.0,3,147,144,0,1,1,0,1,0
154863,18,44,clinic,31750,79,6,NIGHT,1,660,469.0,3.0,3,80,79,0,0,0,0,0,0
154864,18,9,clinic,31750,79,6,NIGHT,1,660,469.0,6.0,1,1,0,1,0,0,0,0,0
154864,18,9,clinic,31750,79,6,NIGHT,1,660,469.0,6.0,2,99,1,98,0,0,0,0,0
154865,18,9,clinic,31750,79,6,NIGHT,1,660,469.0,0.0,2,105,105,0,0,0,0,0,0
154866,18,9,clinic,31750,79,6,NIGHT,1,660,469.0,2.0,3,92,91,0,1,1,0,1,1
154867,18,9,clinic,31750,79,6,NIGHT,1,660,469.0,3.0,3,80,79,0,0,0,0,0,0
154868,18,5,clinic,31750,79,6,NIGHT,1,660,469.0,5.0,1,177,176,0,1,1,1,0,0
154869,18,5,clinic,31750,79,6,NIGHT,1,660,469.0,1.0,2,5,5,0,0,0,0,0,0
154869,18,5,clinic,31750,79,6,NIGHT,1,660,469.0,1.0,3,166,163,0,0,0,0,0,0
154870,18,5,clinic,31750,79,6,NIGHT,1,660,469.0,2.0,3,160,158,0,1,1,1,0,0
154871,18,5,clinic,31750,79,6,DAY,1,660,408.0,2.0,2,4,4,0,0,0,0,0,0
154871,18,5,clinic,31750,79,6,DAY,1,660,408.0,2.0,3,151,149,0,0,0,0,0,0
154872,18,4,ssr,30438,76,6,DAY,1,675,490.0,5.0,1,218,4,213,0,0,0,0,0
154873,18,4,ehpad_rh,35916,93,6,DAY,1,600,480.0,5.0,3,120,119,0,1,1,0,1,0
154874,18,44,clinic,31750,79,6,NIGHT,1,660,469.0,4.0,4,1,0,0,1,1,0,1,0
154875,18,44,clinic,31750,79,6,NIGHT,1,660,469.0,5.0,4,1,0,0,1,1,0,1,0
154876,18,44,clinic,31750,79,6,NIGHT,1,660,469.0,6.0,4,1,0,0,1,1,0,1,0
154877,18,9,clinic,31719,79,6,DAY,1,660,432.0,3.0,2,2,2,0,0,0,0,0,0
154877,18,9,clinic,31719,79,6,DAY,1,660,432.0,3.0,3,88,88,0,0,0,0,0,0
154878,18,44,clinic,31719,79,6,DAY,1,660,497.0,0.0,2,2,2,0,0,0,0,0,0
154878,18,44,clinic,31719,79,6,DAY,1,660,497.0,0.0,3,154,152,0,0,0,0,0,0
154879,18,28,clinic,31719,79,6,DAY,1,660,497.0,6.0,1,193,2,190,0,0,0,0,0
154880,18,28,clinic,31719,79,6,DAY,1,660,497.0,6.0,2,2,2,0,0,0,0,0,0
154880,18,28,clinic,31719,79,6,DAY,1,660,497.0,6.0,3,180,178,0,0,0,0,0,0
154881,18,28,clinic,31719,79,6,DAY,1,660,432.0,5.0,2,1,1,0,0,0,0,0,0
154881,18,28,clinic,31719,79,6,DAY,1,660,432.0,5.0,3,185,184,0,1,1,0,1,0
154882,18,28,clinic,31719,79,6,DAY,1,660,432.0,2.0,3,178,175,0,1,1,1,0,0
154883,18,28,clinic,31719,79,6,DAY,1,660,432.0,3.0,3,166,163,0,1,1,0,1,0
154884,18,28,clinic,31750,79,6,NIGHT,1,660,524.0,0.0,2,1,0,0,1,1,0,1,0
154885,18,32,clinic,1941,6,17,DAY,1,650,411.0,5.0,0,4,4,0,0,0,0,0,0
154886,18,32,clinic,1941,6,17,DAY,1,650,411.0,5.0,0,4,3,0,1,1,1,0,0
154887,18,32,clinic,1941,6,17,DAY,1,600,437.0,6.0,0,3,3,0,0,0,0,0,0
154888,18,32,clinic,1941,6,17,DAY,1,600,437.0,0.0,0,3,3,0,0,0,0,0,0
154889,18,32,clinic,1941,6,17,DAY,1,600,437.0,6.0,0,3,3,0,0,0,0,0,0
154890,18,32,clinic,1941,6,17,DAY,1,650,411.0,2.0,0,3,3,0,0,0,0,0,0
154891,18,32,clinic,1941,6,17,DAY,1,650,411.0,1.0,0,5,4,0,1,1,1,0,0
154892,18,32,clinic,1941,6,17,DAY,1,600,437.0,0.0,0,4,3,0,1,1,1,0,0
154893,18,32,clinic,1941,6,17,DAY,1,600,437.0,6.0,0,2,2,0,0,0,0,0,0
154894,18,44,clinic,31750,79,6,NIGHT,1,660,469.0,5.0,1,163,162,0,1,1,1,0,0
154895,18,4,ehpad_rh,30438,76,6,DAY,1,600,400.0,4.0,1,244,0,244,0,0,0,0,0
154897,18,44,hea_hou,30438,76,6,NIGHT,1,640,536.0,4.0,1,60,59,0,1,1,1,0,0
154898,18,44,hea_hou,30438,76,6,NIGHT,1,640,536.0,1.0,2,11,10,0,1,1,1,0,0
154899,18,28,clinic,35806,92,6,DAY,1,660,385.0,4.0,3,179,173,0,1,1,0,1,0
154900,18,28,clinic,35806,92,6,DAY,1,660,385.0,5.0,3,176,170,0,1,1,0,1,0
154901,18,28,clinic,35806,92,6,DAY,1,660,385.0,6.0,3,2,2,0,0,0,0,0,0
154901,18,28,clinic,35806,92,6,DAY,1,660,385.0,6.0,4,158,156,0,1,1,1,0,0
154902,18,28,clinic,35806,92,6,DAY,1,660,385.0,1.0,4,140,137,0,1,1,1,0,0
154903,18,28,clinic,35806,92,6,DAY,1,660,385.0,2.0,4,140,137,0,1,1,1,0,0
154904,18,28,clinic,35806,92,6,DAY,1,660,385.0,3.0,3,6,5,0,1,1,0,1,0
154904,18,28,clinic,35806,92,6,DAY,1,660,385.0,3.0,4,161,156,0,0,0,0,0,0
154905,18,28,clinic,35806,92,6,DAY,1,660,385.0,4.0,3,2,2,0,0,0,0,0,0
154905,18,28,clinic,35806,92,6,DAY,1,660,385.0,4.0,4,162,156,0,1,1,0,1,0
154906,18,28,clinic,35806,92,6,DAY,1,660,385.0,5.0,4,154,151,0,1,1,1,0,0
154907,18,28,clinic,35806,92,6,DAY,1,660,385.0,6.0,3,7,7,0,0,0,0,0,0
154907,18,28,clinic,35806,92,6,DAY,1,660,385.0,6.0,4,160,152,0,2,1,1,1,0
154908,18,28,clinic,35806,92,6,DAY,1,660,385.0,1.0,4,173,167,0,1,1,0,1,0
154909,18,28,clinic,35806,92,6,DAY,1,660,385.0,2.0,4,171,165,0,1,1,0,1,0
154910,18,28,clinic,35806,92,6,DAY,1,660,385.0,3.0,4,171,164,0,1,1,0,1,0
154911,18,28,clinic,35806,92,6,DAY,1,660,385.0,4.0,4,170,163,0,1,1,1,0,0
154912,18,28,clinic,35806,92,6,DAY,1,660,385.0,5.0,4,165,158,0,1,1,0,1,0
154913,18,28,clinic,35806,92,6,DAY,1,660,385.0,6.0,4,167,161,0,1,1,0,1,0
154914,18,28,clinic,35806,92,6,DAY,1,660,385.0,1.0,0,141,135,0,1,1,0,1,0
154914,18,28,clinic,35806,92,6,DAY,1,660,385.0,1.0,4,5,5,0,0,0,0,0,0
154915,18,28,clinic,35806,92,6,DAY,1,660,385.0,2.0,0,144,138,0,1,1,0,1,0
154915,18,28,clinic,35806,92,6,DAY,1,660,385.0,2.0,4,4,4,0,0,0,0,0,0
154916,18,28,clinic,35806,92,6,DAY,1,660,385.0,3.0,0,143,137,0,1,1,0,1,0
154916,18,28,clinic,35806,92,6,DAY,1,660,385.0,3.0,4,4,4,0,0,0,0,0,0
154917,18,28,clinic,35806,92,6,DAY,1,660,385.0,4.0,0,150,144,0,0,0,0,0,0
154917,18,28,clinic,35806,92,6,DAY,1,660,385.0,4.0,4,18,17,0,1,1,0,1,0
154918,18,28,clinic,35806,92,6,DAY,1,660,385.0,5.0,0,149,143,0,1,1,0,1,0
154918,18,28,clinic,35806,92,6,DAY,1,660,385.0,5.0,4,14,14,0,0,0,0,0,0
154919,18,28,clinic,35806,92,6,DAY,1,660,385.0,6.0,0,144,137,0,1,1,0,1,0
154919,18,28,clinic,35806,92,6,DAY,1,660,385.0,6.0,4,10,10,0,0,0,0,0,0
154920,18,28,clinic,35806,92,6,DAY,1,660,385.0,1.0,0,136,133,0,1,1,0,0,0
154921,18,28,clinic,35806,92,6,DAY,1,660,385.0,2.0,0,141,135,0,1,1,0,0,0
154922,18,28,clinic,35806,92,6,DAY,1,660,385.0,3.0,0,131,128,0,1,1,0,0,0
154923,18,28,clinic,35806,92,6,DAY,1,660,385.0,4.0,0,135,129,0,1,1,0,0,0
154924,18,28,clinic,35806,92,6,DAY,1,660,443.0,0.0,3,1,1,0,0,0,0,0,0
154924,18,28,clinic,35806,92,6,DAY,1,660,443.0,0.0,4,161,159,0,1,1,1,0,0
154925,18,28,clinic,35806,92,6,DAY,1,660,443.0,0.0,4,152,145,0,2,1,2,0,0
154926,18,28,clinic,35806,92,6,DAY,1,660,443.0,0.0,0,144,139,0,0,0,0,0,0
154926,18,28,clinic,35806,92,6,DAY,1,660,443.0,0.0,4,12,11,0,1,1,0,1,0
154927,18,28,clinic,35806,92,6,DAY,1,660,443.0,0.0,0,139,133,0,1,1,1,0,0
154928,18,28,clinic,31719,79,6,NIGHT,1,660,497.0,6.0,1,1,1,0,0,0,0,0,0
154928,18,28,clinic,31719,79,6,NIGHT,1,660,497.0,6.0,2,207,205,0,1,1,1,0,0
154929,18,28,clinic,35806,92,6,NIGHT,1,660,443.0,4.0,3,174,171,0,1,1,0,1,1
154930,18,28,clinic,35806,92,6,NIGHT,1,660,443.0,5.0,3,90,90,0,0,0,0,0,0
154930,18,28,clinic,35806,92,6,NIGHT,1,660,443.0,5.0,4,80,77,0,1,1,1,0,0
154931,18,28,clinic,35806,92,6,NIGHT,1,660,443.0,6.0,3,3,3,0,0,0,0,0,0
154931,18,28,clinic,35806,92,6,NIGHT,1,660,443.0,6.0,4,169,165,0,2,1,2,0,0
154932,18,28,clinic,35806,92,6,NIGHT,1,660,443.0,0.0,4,172,168,0,1,1,0,1,1
154933,18,28,clinic,35806,92,6,NIGHT,1,660,443.0,1.0,4,162,158,0,1,1,1,0,0
154934,18,28,clinic,35806,92,6,NIGHT,1,660,443.0,2.0,4,31,30,0,1,1,0,1,0
154935,18,28,clinic,35806,92,6,NIGHT,1,660,443.0,3.0,4,162,158,0,1,1,1,0,0
154936,18,28,clinic,35806,92,6,NIGHT,1,660,443.0,4.0,4,31,30,0,1,1,0,1,0
154937,18,28,clinic,35806,92,6,NIGHT,1,660,443.0,5.0,4,140,136,0,1,1,1,0,0
154938,18,28,clinic,35806,92,6,NIGHT,1,660,443.0,6.0,4,150,146,0,1,1,1,0,0
154939,18,28,clinic,35806,92,6,NIGHT,1,660,443.0,0.0,4,100,97,0,1,1,1,0,0
154940,18,28,clinic,35806,92,6,NIGHT,1,660,443.0,1.0,4,158,153,0,2,1,2,0,0
154941,18,28,clinic,35806,92,6,NIGHT,1,660,443.0,2.0,4,154,150,0,1,1,1,0,0
154942,18,28,clinic,35806,92,6,NIGHT,1,660,443.0,3.0,4,130,127,0,1,1,1,0,0
154943,18,28,clinic,35806,92,6,NIGHT,1,660,443.0,4.0,4,153,149,0,1,1,1,0,0
154944,18,28,clinic,35806,92,6,NIGHT,1,660,443.0,5.0,4,31,30,0,1,1,0,1,0
154945,18,28,clinic,35806,92,6,NIGHT,1,660,443.0,6.0,0,31,30,0,1,1,0,1,0
154946,18,28,clinic,35806,92,6,NIGHT,1,660,443.0,0.0,0,151,148,0,1,1,1,0,0
154946,18,28,clinic,35806,92,6,NIGHT,1,660,443.0,0.0,4,3,3,0,0,0,0,0,0
154947,18,28,clinic,35806,92,6,NIGHT,1,660,443.0,1.0,0,151,147,0,2,1,1,1,0
154948,18,28,clinic,35806,92,6,NIGHT,1,660,443.0,2.0,0,151,148,0,1,1,1,0,0
154949,18,28,clinic,35806,92,6,NIGHT,1,660,443.0,3.0,0,130,126,0,1,1,1,0,0
154950,18,28,clinic,35806,92,6,NIGHT,1,660,443.0,4.0,0,20,19,0,1,1,1,0,0
154951,18,28,clinic,35806,92,6,NIGHT,1,660,443.0,5.0,0,20,19,0,1,1,1,0,0
154952,18,28,clinic,35806,92,6,NIGHT,1,660,443.0,6.0,0,31,30,0,1,1,0,1,0
154953,18,28,clinic,35806,92,6,NIGHT,1,660,443.0,0.0,0,148,143,0,1,1,1,0,0
154954,18,28,clinic,35806,92,6,NIGHT,1,660,443.0,1.0,0,145,141,0,1,1,0,0,0
154955,18,28,clinic,35806,92,6,NIGHT,1,660,443.0,2.0,0,31,30,0,1,1,0,1,0
154956,18,28,clinic,35806,92,6,NIGHT,1,660,443.0,3.0,0,31,30,0,1,1,0,1,0
154957,18,28,clinic,35806,92,6,NIGHT,1,660,443.0,4.0,0,31,30,0,1,1,0,1,0
154958,18,5,clinic,35806,92,6,DAY,1,660,385.0,5.0,1,166,1,164,0,0,0,0,0
154959,18,5,clinic,35806,92,6,DAY,1,660,385.0,6.0,1,164,163,0,1,1,1,0,0
154960,18,5,clinic,35806,92,6,DAY,1,660,443.0,0.0,2,164,163,0,1,1,1,0,0
154961,18,41,hospi,16756,45,12,DAY,1,430,338.0,6.0,1,1,1,0,0,0,0,0,0
154961,18,41,hospi,16756,45,12,DAY,1,430,338.0,6.0,2,65,65,0,0,0,0,0,0
154962,18,8,clinic,30438,76,6,DAY,1,660,456.0,4.0,4,137,136,0,1,1,1,0,0
154963,18,8,clinic,30438,76,6,DAY,1,660,456.0,4.0,4,137,136,0,1,1,0,1,0
154964,18,8,clinic,30438,76,6,DAY,1,660,456.0,6.0,4,132,130,0,1,1,0,1,1
154965,18,8,clinic,30438,76,6,DAY,1,660,456.0,3.0,0,129,128,0,1,1,1,0,0
154966,18,8,clinic,30438,76,6,DAY,1,660,456.0,4.0,0,130,129,0,1,1,1,0,0
154967,18,8,clinic,30438,76,6,DAY,1,660,456.0,1.0,0,115,113,0,2,1,2,0,0
154968,18,8,clinic,30438,76,6,DAY,2,660,456.0,5.0,0,120,118,0,2,2,1,1,0
154969,18,8,clinic,30438,76,6,DAY,2,660,456.0,2.0,0,114,112,0,2,2,1,1,0
154970,18,8,clinic,30438,76,6,DAY,2,660,456.0,3.0,0,113,111,0,2,2,1,1,1
154971,18,8,clinic,30438,76,6,DAY,2,660,456.0,4.0,0,112,110,0,2,2,1,1,0
154972,18,32,clinic,1941,6,17,DAY,1,600,437.0,6.0,0,4,4,0,0,0,0,0,0
154973,18,32,clinic,1941,6,17,DAY,1,600,437.0,0.0,0,3,3,0,0,0,0,0,0
154974,18,32,clinic,1941,6,17,DAY,1,600,437.0,6.0,0,5,0,0,0,0,0,0,0
154975,18,32,clinic,1941,6,17,DAY,1,600,437.0,6.0,0,5,5,0,0,0,0,0,0
154976,18,30,clinic,31750,79,6,NIGHT,1,660,469.0,4.0,1,47,0,47,0,0,0,0,0
154977,18,9,clinic,31750,79,6,NIGHT,1,660,469.0,5.0,1,102,0,102,0,0,0,0,0
154978,18,5,clinic,30438,76,6,DAY,1,690,414.0,6.0,1,219,218,0,0,0,0,0,0
154979,18,5,clinic,30438,76,6,DAY,1,690,414.0,6.0,1,221,2,218,0,0,0,0,0
154980,18,32,clinic,35813,92,6,DAY,1,600,360.0,2.0,0,143,139,0,0,0,0,0,0
154980,18,32,clinic,35813,92,6,DAY,1,600,360.0,2.0,4,3,3,0,0,0,0,0,0
154981,18,32,clinic,35813,92,6,DAY,1,600,360.0,3.0,0,141,137,0,0,0,0,0,0
154981,18,32,clinic,35813,92,6,DAY,1,600,360.0,3.0,4,2,2,0,0,0,0,0,0
154982,18,32,clinic,35813,92,6,DAY,1,600,360.0,6.0,0,131,127,0,0,0,0,0,0
154983,18,32,clinic,35813,92,6,DAY,1,600,360.0,4.0,0,146,142,0,0,0,0,0,0
154984,18,32,clinic,35813,92,6,DAY,1,600,450.0,0.0,0,132,128,0,0,0,0,0,0
154985,18,4,ssr,35918,93,6,DAY,1,660,442.0,6.0,1,197,2,193,1,0,1,0,0
154986,18,4,ssr,35918,93,6,DAY,1,660,442.0,0.0,1,1,1,0,0,0,0,0,0
154986,18,4,ssr,35918,93,6,DAY,1,660,442.0,0.0,2,202,201,0,1,1,1,0,0
154987,18,4,ssr,35918,93,6,DAY,1,660,384.0,1.0,1,2,0,2,0,0,0,0,0
154987,18,4,ssr,35918,93,6,DAY,1,660,384.0,1.0,2,201,2,196,0,0,0,0,0
154988,18,9,clinic,31719,79,6,DAY,1,660,432.0,4.0,4,80,79,0,1,1,0,1,0
154989,18,9,clinic,31719,79,6,DAY,1,660,432.0,5.0,4,79,78,0,1,1,0,1,0
154990,18,9,clinic,31719,79,6,DAY,1,660,497.0,0.0,4,80,79,0,1,1,0,1,0
154991,18,9,clinic,31719,79,6,DAY,1,660,497.0,6.0,4,73,72,0,1,1,1,0,0
154992,18,9,clinic,31719,79,6,DAY,1,660,497.0,0.0,0,65,64,0,1,1,0,1,0
154992,18,9,clinic,31719,79,6,DAY,1,660,497.0,0.0,4,3,3,0,0,0,0,0,0
154993,18,9,clinic,31719,79,6,DAY,1,660,432.0,4.0,0,73,72,0,1,1,0,1,0
154993,18,9,clinic,31719,79,6,DAY,1,660,432.0,4.0,4,1,1,0,0,0,0,0,0
154994,18,9,clinic,31719,79,6,DAY,1,660,432.0,5.0,0,72,71,0,1,1,0,1,0
154995,18,44,clinic,31719,79,6,DAY,1,660,497.0,6.0,4,128,125,0,1,1,0,1,1
154996,18,44,clinic,31719,79,6,DAY,1,660,432.0,5.0,4,142,138,0,0,0,0,0,0
154997,18,28,clinic,31719,79,6,DAY,1,660,432.0,4.0,3,178,175,0,1,1,1,0,0
154998,18,28,clinic,31719,79,6,DAY,1,660,432.0,5.0,3,176,173,0,1,1,0,1,1
154999,18,28,clinic,31719,79,6,DAY,1,660,432.0,5.0,4,167,163,0,1,1,1,0,0
155000,18,28,clinic,31719,79,6,DAY,1,660,432.0,1.0,4,173,168,0,1,1,0,1,0
155001,18,28,clinic,31719,79,6,DAY,1,660,432.0,2.0,4,153,152,0,1,1,0,1,0
155002,18,28,clinic,31719,79,6,DAY,1,660,432.0,3.0,4,166,161,0,1,1,0,1,0
155003,18,28,clinic,31719,79,6,DAY,1,660,432.0,4.0,4,147,145,0,1,1,1,0,0
155004,18,28,clinic,31719,79,6,DAY,1,660,432.0,5.0,4,157,153,0,1,1,0,1,0
155005,18,28,clinic,31719,79,6,DAY,1,660,432.0,1.0,0,149,147,0,1,1,0,1,0
155005,18,28,clinic,31719,79,6,DAY,1,660,432.0,1.0,4,1,1,0,0,0,0,0,0
155006,18,28,clinic,31719,79,6,DAY,1,660,432.0,2.0,0,152,150,0,1,1,0,1,0
155007,18,28,clinic,31719,79,6,DAY,1,660,432.0,4.0,0,152,150,0,1,1,0,1,0
155008,18,28,clinic,31719,79,6,DAY,1,660,432.0,5.0,0,149,148,0,1,1,0,1,0
155009,18,28,clinic,31719,79,6,DAY,1,660,432.0,3.0,0,136,133,0,1,1,0,1,0
155010,18,28,clinic,31719,79,6,DAY,1,660,432.0,4.0,0,136,134,0,1,1,0,1,0
155011,18,28,clinic,31719,79,6,DAY,1,660,497.0,6.0,4,153,150,0,1,1,1,0,0
155012,18,28,clinic,31719,79,6,DAY,1,660,497.0,0.0,4,150,147,0,1,1,1,0,0
155013,18,28,clinic,31719,79,6,DAY,1,660,497.0,6.0,4,152,149,0,1,1,1,0,0
155014,18,30,clinic,31750,79,6,NIGHT,1,660,469.0,4.0,3,48,46,0,1,0,1,0,0
155015,18,30,clinic,31750,79,6,NIGHT,1,660,469.0,6.0,3,1,1,0,0,0,0,0,0
155015,18,30,clinic,31750,79,6,NIGHT,1,660,469.0,6.0,4,40,39,0,1,1,0,1,1
155016,18,30,clinic,31750,79,6,NIGHT,1,660,469.0,1.0,4,43,42,0,1,1,1,0,0
155017,18,30,clinic,31750,79,6,NIGHT,1,660,469.0,5.0,3,1,1,0,0,0,0,0,0
155017,18,30,clinic,31750,79,6,NIGHT,1,660,469.0,5.0,4,40,38,0,1,0,1,0,0
155018,18,30,clinic,31750,79,6,NIGHT,1,660,469.0,6.0,4,40,38,0,1,0,1,0,0
155019,18,30,clinic,31750,79,6,NIGHT,1,660,469.0,0.0,4,42,41,0,0,0,0,0,0
155020,18,30,clinic,31750,79,6,NIGHT,1,660,469.0,1.0,4,38,37,0,1,1,0,1,1
155021,18,30,clinic,31750,79,6,NIGHT,1,660,469.0,2.0,4,37,36,0,1,1,0,1,1
155022,18,30,clinic,31750,79,6,NIGHT,1,660,469.0,3.0,4,35,34,0,1,1,0,1,1
155023,18,30,clinic,31750,79,6,NIGHT,1,660,469.0,4.0,4,38,37,0,0,0,0,0,0
155024,18,30,clinic,31750,79,6,NIGHT,1,660,469.0,5.0,4,38,37,0,0,0,0,0,0
155025,18,30,clinic,31750,79,6,NIGHT,1,660,469.0,0.0,0,35,34,0,1,0,1,0,0
155025,18,30,clinic,31750,79,6,NIGHT,1,660,469.0,0.0,4,4,3,0,0,0,0,0,0
155026,18,30,clinic,31750,79,6,NIGHT,1,660,469.0,1.0,0,36,35,0,1,0,1,0,0
155026,18,30,clinic,31750,79,6,NIGHT,1,660,469.0,1.0,4,3,2,0,0,0,0,0,0
155027,18,30,clinic,31750,79,6,NIGHT,1,660,469.0,2.0,0,38,37,0,1,1,0,1,0
155028,18,30,clinic,31750,79,6,NIGHT,1,660,469.0,3.0,0,37,36,0,1,1,0,1,0
155029,18,30,clinic,31750,79,6,NIGHT,1,660,469.0,4.0,0,35,34,0,1,1,0,1,0
155030,18,30,clinic,31750,79,6,NIGHT,1,660,469.0,5.0,0,36,35,0,1,1,0,1,0
155031,18,30,clinic,31750,79,6,NIGHT,1,660,469.0,0.0,0,38,37,0,0,0,0,0,0
155032,18,30,clinic,31750,79,6,NIGHT,1,660,469.0,1.0,0,36,35,0,0,0,0,0,0
155033,18,30,clinic,31750,79,6,NIGHT,1,660,469.0,2.0,0,36,35,0,0,0,0,0,0
155034,18,30,clinic,31750,79,6,NIGHT,1,660,469.0,4.0,0,36,35,0,0,0,0,0,0
155035,18,9,clinic,31750,79,6,NIGHT,1,660,469.0,5.0,3,30,30,0,0,0,0,0,0
155035,18,9,clinic,31750,79,6,NIGHT,1,660,469.0,5.0,4,30,28,0,1,1,0,1,0
155036,18,9,clinic,31750,79,6,NIGHT,1,660,469.0,6.0,4,60,58,0,1,1,0,1,0
155037,18,9,clinic,31750,79,6,NIGHT,1,660,469.0,4.0,4,78,76,0,1,1,1,0,0
155038,18,9,clinic,31750,79,6,NIGHT,1,660,469.0,0.0,0,68,68,0,0,0,0,0,0
155038,18,9,clinic,31750,79,6,NIGHT,1,660,469.0,0.0,4,12,10,0,0,0,0,0,0
155039,18,9,clinic,31750,79,6,NIGHT,1,660,469.0,2.0,0,72,71,0,1,1,1,0,0
155040,18,9,clinic,31750,79,6,NIGHT,1,660,469.0,4.0,0,70,68,0,1,1,1,0,0
155041,18,9,clinic,31750,79,6,NIGHT,1,660,469.0,2.0,0,68,66,0,2,1,1,1,0
155042,18,9,clinic,31750,79,6,NIGHT,1,660,469.0,4.0,0,64,62,0,1,1,0,1,0
155043,18,9,clinic,31750,79,6,DAY,1,660,408.0,1.0,0,63,63,0,0,0,0,0,0
155043,18,9,clinic,31750,79,6,DAY,1,660,408.0,1.0,4,12,10,0,0,0,0,0,0
155044,18,9,clinic,31750,79,6,DAY,1,660,408.0,2.0,0,66,66,0,0,0,0,0,0
155044,18,9,clinic,31750,79,6,DAY,1,660,408.0,2.0,4,13,11,0,0,0,0,0,0
155045,18,9,clinic,31750,79,6,DAY,1,660,408.0,1.0,0,70,69,0,0,0,0,0,0
155045,18,9,clinic,31750,79,6,DAY,1,660,408.0,1.0,4,2,2,0,0,0,0,0,0
155046,18,44,clinic,31750,79,6,DAY,1,660,408.0,1.0,3,1,1,0,0,0,0,0,0
155046,18,44,clinic,31750,79,6,DAY,1,660,408.0,1.0,4,130,126,0,0,0,0,0,0
155047,18,44,clinic,31750,79,6,DAY,1,660,408.0,2.0,4,114,113,0,1,1,0,1,1
155048,18,44,clinic,31750,79,6,DAY,1,660,408.0,5.0,4,127,124,0,0,0,0,0,0
155049,18,44,clinic,31750,79,6,DAY,1,660,469.0,0.0,0,105,103,0,0,0,0,0,0
155049,18,44,clinic,31750,79,6,DAY,1,660,469.0,0.0,4,4,3,0,1,1,1,0,0
155050,18,44,clinic,31750,79,6,NIGHT,1,660,469.0,4.0,3,135,131,0,1,1,0,1,0
155051,18,44,clinic,31750,79,6,NIGHT,1,660,469.0,6.0,2,2,2,0,0,0,0,0,0
155051,18,44,clinic,31750,79,6,NIGHT,1,660,469.0,6.0,3,13,12,0,0,0,0,0,0
155051,18,44,clinic,31750,79,6,NIGHT,1,660,469.0,6.0,4,128,124,0,0,0,0,0,0
155052,18,44,clinic,31750,79,6,NIGHT,1,660,469.0,0.0,2,1,1,0,0,0,0,0,0
155052,18,44,clinic,31750,79,6,NIGHT,1,660,469.0,0.0,3,16,15,0,0,0,0,0,0
155052,18,44,clinic,31750,79,6,NIGHT,1,660,469.0,0.0,4,128,125,0,0,0,0,0,0
155053,18,44,clinic,31750,79,6,NIGHT,1,660,469.0,1.0,4,128,125,0,1,1,0,1,0
155054,18,44,clinic,31750,79,6,NIGHT,1,660,469.0,3.0,4,124,121,0,1,1,0,1,0
155055,18,44,clinic,31750,79,6,NIGHT,1,660,469.0,6.0,3,4,4,0,0,0,0,0,0
155055,18,44,clinic,31750,79,6,NIGHT,1,660,469.0,6.0,4,132,128,0,0,0,0,0,0
155056,18,44,clinic,31750,79,6,NIGHT,1,660,469.0,6.0,0,30,29,0,0,0,0,0,0
155056,18,44,clinic,31750,79,6,NIGHT,1,660,469.0,6.0,4,101,97,0,0,0,0,0,0
155057,18,44,clinic,31750,79,6,NIGHT,1,660,469.0,0.0,0,115,113,0,0,0,0,0,0
155057,18,44,clinic,31750,79,6,NIGHT,1,660,469.0,0.0,4,14,12,0,1,1,0,1,0
155058,18,44,clinic,31750,79,6,NIGHT,1,660,469.0,1.0,0,114,113,0,1,1,0,1,1
155059,18,44,clinic,31750,79,6,NIGHT,1,660,469.0,2.0,0,118,117,0,1,1,0,1,0
155060,18,44,clinic,31750,79,6,NIGHT,1,660,469.0,6.0,0,122,118,0,0,0,0,0,0
155060,18,44,clinic,31750,79,6,NIGHT,1,660,469.0,6.0,4,8,8,0,0,0,0,0,0
155061,18,44,clinic,31750,79,6,NIGHT,1,660,469.0,2.0,0,110,108,0,1,1,0,1,0
155062,18,44,clinic,31750,79,6,NIGHT,1,660,469.0,4.0,0,103,101,0,1,1,0,1,0
155063,18,2,clinic,31750,79,6,DAY,1,660,408.0,5.0,4,117,114,0,0,0,0,0,0
155064,18,2,clinic,31750,79,6,DAY,1,660,469.0,6.0,4,115,111,0,1,0,1,0,0
155065,18,2,clinic,31750,79,6,DAY,1,660,469.0,0.0,0,98,95,0,1,1,1,0,0
155065,18,2,clinic,31750,79,6,DAY,1,660,469.0,0.0,4,9,9,0,0,0,0,0,0
155066,18,2,clinic,31750,79,6,NIGHT,1,660,469.0,0.0,2,1,1,0,0,0,0,0,0
155066,18,2,clinic,31750,79,6,NIGHT,1,660,469.0,0.0,3,13,12,0,0,0,0,0,0
155066,18,2,clinic,31750,79,6,NIGHT,1,660,469.0,0.0,4,121,118,0,0,0,0,0,0
155067,18,2,clinic,31750,79,6,NIGHT,1,660,469.0,3.0,4,105,104,0,1,1,0,1,0
155068,18,2,clinic,31750,79,6,NIGHT,1,660,469.0,4.0,4,110,106,0,1,1,0,1,0
155069,18,2,clinic,31750,79,6,NIGHT,1,660,469.0,6.0,0,30,30,0,0,0,0,0,0
155069,18,2,clinic,31750,79,6,NIGHT,1,660,469.0,6.0,4,88,84,0,0,0,0,0,0
155070,18,2,clinic,31750,79,6,NIGHT,1,660,469.0,0.0,0,107,105,0,0,0,0,0,0
155070,18,2,clinic,31750,79,6,NIGHT,1,660,469.0,0.0,4,13,12,0,0,0,0,0,0
155071,18,2,clinic,31750,79,6,NIGHT,1,660,469.0,3.0,0,108,105,0,1,1,0,1,0
155072,18,28,clinic,31750,79,6,DAY,1,660,456.0,4.0,2,1,1,0,0,0,0,0,0
155072,18,28,clinic,31750,79,6,DAY,1,660,456.0,4.0,3,163,160,0,1,1,1,0,0
155073,18,28,clinic,31750,79,6,NIGHT,1,660,524.0,1.0,4,20,19,0,1,1,1,0,0
155074,18,28,clinic,31750,79,6,NIGHT,1,660,524.0,1.0,4,60,59,0,1,1,1,0,0
155075,18,28,clinic,31750,79,6,NIGHT,1,660,524.0,1.0,0,20,19,0,1,1,1,0,0
155076,18,28,clinic,31750,79,6,NIGHT,1,660,524.0,2.0,0,145,143,0,2,1,2,0,0
155077,18,28,clinic,31750,79,6,NIGHT,1,660,524.0,3.0,0,80,78,0,1,1,1,0,0
155078,18,28,clinic,31750,79,6,DAY,1,660,456.0,5.0,2,3,2,0,1,0,1,0,0
155078,18,28,clinic,31750,79,6,DAY,1,660,456.0,5.0,3,163,160,0,1,1,0,1,0
155079,18,28,clinic,31750,79,6,DAY,1,660,456.0,3.0,3,6,5,0,1,1,1,0,0
155079,18,28,clinic,31750,79,6,DAY,1,660,456.0,3.0,4,149,146,0,0,0,0,0,0
155080,18,28,clinic,31750,79,6,DAY,1,660,456.0,4.0,4,60,59,0,1,1,0,1,0
155081,18,28,clinic,31750,79,6,DAY,1,660,456.0,3.0,4,149,146,0,1,1,0,1,0
155082,18,28,clinic,31750,79,6,DAY,1,660,456.0,3.0,0,136,132,0,1,1,0,1,0
155082,18,28,clinic,31750,79,6,DAY,1,660,456.0,3.0,4,9,9,0,0,0,0,0,0
155083,18,28,clinic,31750,79,6,NIGHT,1,660,524.0,5.0,3,30,29,0,1,1,1,0,0
155083,18,28,clinic,31750,79,6,NIGHT,1,660,524.0,5.0,4,30,30,0,0,0,0,0,0
155084,18,28,clinic,31750,79,6,NIGHT,1,660,524.0,5.0,4,60,59,0,1,1,0,1,0
155085,18,28,clinic,31750,79,6,NIGHT,1,660,524.0,5.0,4,60,59,0,1,1,1,0,0
155086,18,28,clinic,31750,79,6,NIGHT,1,660,524.0,1.0,0,80,78,0,1,1,1,0,0
155087,18,28,clinic,31750,79,6,NIGHT,1,660,524.0,2.0,0,80,78,0,1,1,1,0,0
155088,18,28,clinic,31750,79,6,NIGHT,1,660,524.0,5.0,0,130,127,0,1,1,0,1,1
155089,18,28,clinic,31750,79,6,NIGHT,1,660,524.0,1.0,0,80,78,0,1,1,1,0,0
155090,18,28,clinic,31750,79,6,NIGHT,1,660,524.0,2.0,0,80,78,0,1,1,1,0,0
155091,18,28,clinic,31750,79,6,NIGHT,1,660,524.0,3.0,0,80,78,0,1,1,1,0,0
155092,18,5,clinic,31750,79,6,DAY,1,660,408.0,5.0,2,4,4,0,0,0,0,0,0
155092,18,5,clinic,31750,79,6,DAY,1,660,408.0,5.0,3,147,144,0,0,0,0,0,0
155093,18,5,clinic,31750,79,6,DAY,1,660,408.0,4.0,4,137,134,0,0,0,0,0,0
155094,18,5,clinic,31750,79,6,NIGHT,1,660,469.0,4.0,3,154,149,0,2,1,2,0,0
155095,18,5,clinic,31750,79,6,NIGHT,1,660,469.0,5.0,3,116,115,0,1,1,0,1,0
155095,18,5,clinic,31750,79,6,NIGHT,1,660,469.0,5.0,4,30,30,0,0,0,0,0,0
155096,18,5,clinic,31750,79,6,NIGHT,1,660,469.0,1.0,3,1,0,0,1,1,0,1,1
155096,18,5,clinic,31750,79,6,NIGHT,1,660,469.0,1.0,4,142,139,0,0,0,0,0,0
155097,18,5,clinic,31750,79,6,NIGHT,1,660,469.0,3.0,4,90,89,0,1,1,1,0,0
155098,18,5,clinic,31750,79,6,NIGHT,1,660,469.0,4.0,4,129,127,0,1,1,1,0,0
155099,18,5,clinic,31750,79,6,NIGHT,1,660,469.0,0.0,0,128,125,0,1,0,1,0,0
155099,18,5,clinic,31750,79,6,NIGHT,1,660,469.0,0.0,4,18,17,0,0,0,0,0,0
155100,18,5,clinic,31750,79,6,NIGHT,1,660,469.0,1.0,0,90,89,0,1,1,1,0,0
155101,18,5,clinic,31750,79,6,NIGHT,1,660,469.0,2.0,0,125,122,0,1,1,1,0,0
155102,18,28,clinic,31750,79,6,DAY,1,660,456.0,1.0,2,8,8,0,0,0,0,0,0
155102,18,28,clinic,31750,79,6,DAY,1,660,456.0,1.0,3,154,151,0,0,0,0,0,0
155103,18,28,clinic,31719,79,6,DAY,1,660,497.0,0.0,0,70,69,0,1,1,1,0,0
155104,18,32,clinic,35813,92,6,NIGHT,1,720,450.0,0.0,4,10,9,0,1,1,0,1,0
155105,18,32,clinic,35813,92,6,NIGHT,1,720,450.0,3.0,4,80,79,0,1,1,1,0,0
155106,18,32,clinic,35813,92,6,NIGHT,1,720,450.0,4.0,4,80,79,0,1,1,1,0,0
155107,18,32,clinic,35813,92,6,NIGHT,1,720,450.0,1.0,4,80,79,0,1,1,1,0,0
155108,18,32,clinic,35813,92,6,NIGHT,1,720,450.0,2.0,4,80,79,0,1,1,1,0,0
155109,18,32,clinic,35813,92,6,NIGHT,1,720,450.0,6.0,4,80,79,0,1,1,0,1,0
155110,18,32,clinic,35813,92,6,NIGHT,1,720,450.0,0.0,0,80,79,0,1,1,0,1,0
155111,18,32,clinic,35813,92,6,NIGHT,1,720,450.0,3.0,0,80,80,0,0,0,0,0,0
155112,18,32,clinic,35813,92,6,NIGHT,1,720,450.0,4.0,0,149,145,0,1,1,0,1,0
155113,18,32,clinic,35813,92,6,NIGHT,1,720,450.0,1.0,0,80,80,0,0,0,0,0,0
155114,18,32,clinic,35813,92,6,NIGHT,1,720,450.0,2.0,0,80,80,0,0,0,0,0,0
155115,18,32,clinic,35813,92,6,NIGHT,1,720,450.0,4.0,2,10,10,0,0,0,0,0,0
155116,18,32,clinic,35813,92,6,NIGHT,1,720,450.0,5.0,1,30,30,0,0,0,0,0,0
155117,18,32,clinic,35813,92,6,NIGHT,1,720,450.0,1.0,0,80,80,0,0,0,0,0,0
155118,18,32,clinic,35813,92,6,NIGHT,1,720,450.0,0.0,0,80,80,0,0,0,0,0,0
155119,18,4,hospi,35941,94,6,DAY,1,720,420.0,6.0,1,201,0,200,0,0,0,0,0
155120,18,4,hospi,35941,94,6,DAY,1,720,420.0,6.0,1,2,2,0,0,0,0,0,0
155120,18,4,hospi,35941,94,6,DAY,1,720,420.0,6.0,2,8,8,0,0,0,0,0,0
155120,18,4,hospi,35941,94,6,DAY,1,720,420.0,6.0,3,179,177,0,0,0,0,0,0
155121,18,8,clinic,30438,76,6,DAY,1,525,371.0,5.0,1,174,0,174,0,0,0,0,0
155122,286,45,clinic,36000,95,6,DAY,1,660,400.0,3.0,3,1,1,0,0,0,0,0,0
155123,18,28,clinic,35806,92,6,NIGHT,1,660,443.0,6.0,4,164,157,0,3,1,3,0,0
155124,18,28,clinic,35806,92,6,NIGHT,1,660,443.0,0.0,4,161,160,0,1,1,0,1,0
155125,18,42,hospi,16756,45,12,NIGHT,1,580,518.0,3.0,1,3,0,3,0,0,0,0,0
155125,18,42,hospi,16756,45,12,NIGHT,1,580,518.0,3.0,2,71,0,68,0,0,0,0,0
155126,18,42,hospi,16756,45,12,NIGHT,1,580,518.0,4.0,2,1,0,0,1,1,0,1,0
155127,18,42,hospi,16756,45,12,NIGHT,1,580,518.0,5.0,3,1,0,0,1,1,0,1,0
155128,18,42,hospi,16756,45,12,NIGHT,1,580,518.0,6.0,3,1,0,0,1,1,0,1,0
155129,18,42,hospi,16756,45,12,NIGHT,1,580,518.0,0.0,3,1,0,0,1,1,0,1,0
155130,18,42,clinic,33838,85,17,DAY,1,580,400.0,6.0,1,15,15,0,0,0,0,0,0
155131,18,42,clinic,33838,85,17,DAY,1,580,400.0,0.0,2,15,15,0,0,0,0,0,0
155132,18,30,clinic,31750,79,6,NIGHT,1,660,469.0,5.0,1,47,0,47,0,0,0,0,0
155133,18,32,clinic,36025,96,6,DAY,1,600,340.0,5.0,3,133,129,0,1,1,1,0,0
155134,18,32,clinic,36025,96,6,DAY,1,600,340.0,1.0,4,128,123,0,1,1,1,0,0
155135,18,32,clinic,36025,96,6,DAY,1,600,340.0,2.0,4,130,125,0,1,1,1,0,0
155136,18,28,hospi,30438,76,6,NIGHT,1,660,440.0,4.0,3,50,48,0,2,1,1,1,1
155137,18,28,hospi,30438,76,6,NIGHT,1,660,440.0,1.0,4,30,29,0,1,1,0,1,1
155138,18,28,hospi,30438,76,6,NIGHT,1,660,440.0,2.0,4,30,29,0,1,1,0,1,1
155139,18,28,hospi,30438,76,6,NIGHT,1,660,440.0,2.0,4,50,49,0,1,1,0,1,1
155140,18,28,hospi,30438,76,6,NIGHT,1,660,440.0,5.0,4,50,49,0,1,1,0,1,1
155141,18,28,hospi,30438,76,6,NIGHT,1,660,440.0,2.0,0,50,49,0,1,1,0,1,1
155142,18,28,hospi,30438,76,6,NIGHT,1,660,440.0,3.0,0,50,49,0,1,1,0,1,1
155143,18,28,hospi,30438,76,6,NIGHT,1,660,440.0,2.0,0,50,49,0,1,1,0,1,1
155144,18,9,hospi,30438,76,6,NIGHT,1,660,440.0,5.0,3,115,111,0,1,1,0,1,0
155145,18,9,hospi,30438,76,6,NIGHT,1,660,440.0,0.0,3,7,7,0,0,0,0,0,0
155145,18,9,hospi,30438,76,6,NIGHT,1,660,440.0,0.0,4,101,100,0,1,1,0,1,0
155146,18,9,hospi,30438,76,6,NIGHT,1,660,440.0,1.0,4,50,49,0,1,1,0,1,0
155147,18,9,hospi,30438,76,6,NIGHT,1,660,440.0,2.0,4,50,49,0,1,1,0,1,1
155148,18,9,hospi,30438,76,6,NIGHT,1,660,440.0,5.0,4,102,99,0,1,1,0,1,0
155149,18,9,hospi,30438,76,6,NIGHT,1,660,440.0,0.0,4,92,92,0,0,0,0,0,0
155150,18,4,ssr,30438,76,6,DAY,1,675,490.0,5.0,3,50,48,0,2,1,1,1,1
155151,18,4,ssr,30438,76,6,DAY,1,675,490.0,1.0,4,60,58,0,1,1,1,0,0
155152,18,4,ssr,30438,76,6,DAY,1,675,490.0,3.0,4,60,59,0,1,1,1,0,0
155153,18,4,ssr,30438,76,6,DAY,1,675,490.0,4.0,4,60,59,0,1,1,1,0,0
155154,18,4,ssr,30438,76,6,DAY,2,675,490.0,5.0,4,168,163,0,3,2,1,2,0
155155,18,44,ssr,30438,76,6,DAY,1,675,490.0,3.0,4,50,49,0,1,1,1,0,0
155156,18,44,ssr,30438,76,6,DAY,1,675,490.0,4.0,4,143,140,0,0,0,0,0,0
155157,18,32,ssr,30438,76,6,DAY,1,675,490.0,3.0,4,40,38,0,2,1,2,0,0
155158,18,32,ssr,30438,76,6,DAY,1,675,490.0,4.0,4,90,88,0,2,1,1,1,1
155159,18,4,ssr,30438,76,6,DAY,1,675,490.0,6.0,3,40,38,0,1,1,0,1,1
155160,18,4,ssr,30438,76,6,DAY,1,675,490.0,3.0,4,50,47,0,2,1,1,1,1
155161,18,4,ssr,30438,76,6,DAY,1,675,490.0,4.0,4,60,58,0,1,1,1,0,0
155162,18,4,ssr,30438,76,6,DAY,1,675,490.0,5.0,4,60,58,0,1,1,1,0,0
155163,18,4,ssr,30438,76,6,DAY,1,675,490.0,2.0,4,60,58,0,2,2,3,0,0
155164,18,4,ssr,30438,76,6,DAY,1,675,490.0,3.0,4,168,166,0,2,1,2,0,0
155165,18,4,ssr,30438,76,6,DAY,1,675,490.0,4.0,4,168,166,0,1,1,0,1,0
155166,18,4,ssr,30438,76,6,DAY,1,675,490.0,5.0,4,168,167,0,1,1,0,1,0
155167,18,4,ssr,30438,76,6,DAY,1,675,490.0,6.0,4,60,59,0,1,1,0,1,0
155168,18,4,ssr,30438,76,6,DAY,1,675,490.0,3.0,0,90,89,0,1,1,0,1,1
155169,18,4,ssr,30438,76,6,DAY,1,675,490.0,4.0,0,90,89,0,1,1,0,1,1
155170,18,4,ssr,30438,76,6,DAY,1,675,490.0,5.0,0,70,69,0,1,1,1,0,0
155171,18,4,hospi,35941,94,6,DAY,1,450,262.0,2.0,4,173,169,0,0,0,0,0,0
155172,18,4,hospi,35941,94,6,DAY,1,450,262.0,3.0,0,157,152,0,0,0,0,0,0
155172,18,4,hospi,35941,94,6,DAY,1,720,420.0,3.0,4,1,0,0,1,1,0,1,1
155173,18,4,hospi,35941,94,6,DAY,1,450,262.0,4.0,0,141,135,0,1,0,1,0,0
155174,18,32,hospi,35941,94,6,DAY,1,450,262.0,5.0,2,5,5,0,0,0,0,0,0
155174,18,32,hospi,35941,94,6,DAY,1,450,262.0,5.0,3,180,176,0,0,0,0,0,0
155175,18,32,hospi,35941,94,6,DAY,1,450,262.0,3.0,3,16,15,0,0,0,0,0,0
155175,18,32,hospi,35941,94,6,DAY,1,450,262.0,3.0,4,170,165,0,0,0,0,0,0
155175,18,32,hospi,35941,94,6,DAY,1,720,420.0,3.0,2,15,14,0,1,1,0,1,0
155175,18,32,hospi,35941,94,6,DAY,1,720,420.0,3.0,3,6,6,0,0,0,0,0,0
155176,18,32,hospi,35941,94,6,DAY,1,450,262.0,4.0,3,16,15,0,0,0,0,0,0
155176,18,32,hospi,35941,94,6,DAY,1,450,262.0,4.0,4,164,158,0,0,0,0,0,0
155176,18,32,hospi,35941,94,6,DAY,1,720,420.0,4.0,2,11,10,0,1,1,0,1,0
155176,18,32,hospi,35941,94,6,DAY,1,720,420.0,4.0,3,11,11,0,0,0,0,0,0
155177,18,32,hospi,35941,94,6,DAY,1,450,262.0,1.0,4,177,173,0,0,0,0,0,0
155178,18,32,hospi,35941,94,6,DAY,1,450,262.0,4.0,4,157,152,0,1,1,0,1,0
155179,18,32,hospi,35941,94,6,DAY,1,450,262.0,3.0,0,150,145,0,1,1,1,0,0
155179,18,32,hospi,35941,94,6,DAY,1,450,262.0,3.0,4,17,17,0,0,0,0,0,0
155180,18,32,hospi,35941,94,6,DAY,1,450,262.0,4.0,0,153,147,0,1,1,0,1,1
155180,18,32,hospi,35941,94,6,DAY,1,450,262.0,4.0,4,12,12,0,0,0,0,0,0
155181,18,32,hospi,35941,94,6,DAY,1,720,420.0,1.0,0,144,139,0,1,1,0,1,0
155181,18,32,hospi,35941,94,6,DAY,1,720,420.0,1.0,4,3,3,0,0,0,0,0,0
155182,18,32,hospi,35941,94,6,DAY,1,720,420.0,2.0,0,149,144,0,1,1,0,1,0
155182,18,32,hospi,35941,94,6,DAY,1,720,420.0,2.0,4,2,2,0,0,0,0,0,0
155183,18,44,clinic,31719,79,6,NIGHT,1,660,497.0,6.0,1,1,0,0,1,1,0,1,0
155184,18,32,clinic,1941,6,17,NIGHT,1,720,524.0,3.0,0,5,4,0,1,1,1,0,0
155185,18,4,clinic,1941,6,17,NIGHT,1,720,524.0,5.0,0,5,5,0,0,0,0,0,0
155186,18,5,clinic,35938,94,6,NIGHT,1,690,529.0,5.0,1,30,30,0,0,0,0,0,0
155187,18,4,ehpad_rh,30438,76,6,DAY,1,600,400.0,6.0,1,240,0,240,0,0,0,0,0
155188,18,4,ehpad_rh,30438,76,6,DAY,1,600,400.0,1.0,2,240,237,0,0,0,0,0,0
155189,18,4,ehpad_rh,30438,76,6,DAY,1,600,400.0,4.0,2,40,39,0,1,1,0,1,0
155190,18,4,ehpad_rh,30438,76,6,DAY,1,600,400.0,5.0,2,181,179,0,2,2,0,4,0
155191,18,4,ehpad_rh,30438,76,6,DAY,1,600,400.0,2.0,3,20,19,0,1,1,0,1,0
155192,18,4,ehpad_rh,30438,76,6,DAY,1,600,400.0,3.0,3,70,69,0,1,1,1,0,0
155193,18,4,ehpad_rh,30438,76,6,DAY,1,600,460.0,0.0,1,246,244,0,2,2,0,4,0
155195,18,9,clinic,31750,79,6,NIGHT,1,660,469.0,0.0,2,104,0,104,0,0,0,0,0
155196,18,32,clinic,35813,92,6,NIGHT,1,720,450.0,1.0,0,147,142,0,1,1,0,1,0
155196,18,32,clinic,35813,92,6,NIGHT,1,720,450.0,1.0,4,4,4,0,0,0,0,0,0
155197,18,32,clinic,35813,92,6,NIGHT,1,720,450.0,1.0,0,40,39,0,1,1,0,1,0
155198,18,32,clinic,35813,92,6,NIGHT,1,720,450.0,6.0,0,89,88,0,1,1,0,1,0
155199,18,32,clinic,35813,92,6,NIGHT,1,720,450.0,5.0,0,40,39,0,1,1,0,1,0
155200,18,32,clinic,35813,92,6,NIGHT,1,720,450.0,5.0,0,40,39,0,1,1,0,1,0
155201,18,32,clinic,35813,92,6,NIGHT,1,720,450.0,5.0,0,10,9,0,1,1,0,1,0
155202,18,32,clinic,35813,92,6,NIGHT,1,720,450.0,5.0,0,10,9,0,1,1,0,1,0
155203,18,32,clinic,35813,92,6,NIGHT,1,720,450.0,5.0,0,58,57,0,1,1,0,1,0
155204,18,32,clinic,35813,92,6,NIGHT,1,720,450.0,1.0,0,40,39,0,1,1,0,1,0
155205,18,32,clinic,35813,92,6,NIGHT,1,720,450.0,5.0,0,45,44,0,1,1,0,1,0
155206,18,32,clinic,35813,92,6,NIGHT,1,720,450.0,6.0,0,40,39,0,1,1,0,1,0
155207,18,32,clinic,35813,92,6,NIGHT,1,720,450.0,0.0,0,40,39,0,1,1,0,1,0
155208,18,32,clinic,35813,92,6,NIGHT,1,720,450.0,3.0,0,24,23,0,1,1,0,1,0
155209,18,32,clinic,35813,92,6,NIGHT,1,720,450.0,5.0,0,18,17,0,1,1,0,1,0
155210,18,32,clinic,35813,92,6,NIGHT,1,720,450.0,5.0,0,14,13,0,1,1,0,1,0
155211,18,32,clinic,35813,92,6,NIGHT,1,720,450.0,1.0,0,40,39,0,1,1,0,1,0
155212,18,32,clinic,35813,92,6,NIGHT,1,720,450.0,5.0,0,86,83,0,1,1,1,0,0
155213,18,32,clinic,35813,92,6,NIGHT,1,720,450.0,4.0,0,40,39,0,1,1,0,1,0
155214,18,32,clinic,35813,92,6,NIGHT,1,720,450.0,1.0,0,38,37,0,1,1,0,1,0
155215,18,32,clinic,35813,92,6,NIGHT,1,720,450.0,5.0,0,17,16,0,1,1,0,1,0
155216,18,32,clinic,35813,92,6,NIGHT,1,720,450.0,1.0,0,10,9,0,1,1,0,1,0
155217,18,32,clinic,35813,92,6,NIGHT,1,720,450.0,1.0,0,10,9,0,1,1,0,1,0
155218,18,32,clinic,35813,92,6,NIGHT,1,720,450.0,5.0,0,59,58,0,1,1,0,1,0
155219,18,32,clinic,35813,92,6,NIGHT,1,720,450.0,4.0,0,40,39,0,1,1,0,1,0
155220,18,32,clinic,35813,92,6,NIGHT,1,720,450.0,3.0,0,24,23,0,1,1,0,1,0
155221,18,32,clinic,35813,92,6,NIGHT,1,720,450.0,4.0,0,22,21,0,1,1,0,1,0
155222,18,32,clinic,35813,92,6,NIGHT,1,720,450.0,5.0,0,73,69,0,0,0,0,0,0
155223,18,32,clinic,35813,92,6,NIGHT,1,720,450.0,1.0,0,14,13,0,1,1,0,1,0
155224,18,32,clinic,35813,92,6,NIGHT,1,720,450.0,6.0,0,10,9,0,1,1,0,1,0
155225,18,32,clinic,35813,92,6,NIGHT,1,720,450.0,0.0,0,10,9,0,1,1,0,1,0
155226,18,28,clinic,35806,92,6,DAY,1,660,385.0,6.0,1,1,0,0,1,1,0,1,0
155227,18,29,clinic,33838,85,17,DAY,1,420,257.0,5.0,3,9,8,0,0,0,0,0,0
155229,18,28,clinic,35806,92,6,DAY,1,660,443.0,0.0,1,1,0,0,1,1,0,1,0
155230,18,28,clinic,31750,79,6,NIGHT,1,660,524.0,1.0,4,50,49,0,1,1,1,0,0
155231,18,28,clinic,31750,79,6,NIGHT,1,660,524.0,1.0,0,140,139,0,1,1,1,0,0
155232,18,32,ssr,35918,93,6,DAY,1,660,442.0,6.0,4,156,155,0,1,1,0,1,0
155233,18,32,ssr,35918,93,6,DAY,1,660,442.0,0.0,4,50,49,0,1,1,0,1,0
155234,18,32,ssr,35918,93,6,DAY,1,660,442.0,0.0,0,147,145,0,0,0,0,0,0
155235,18,32,ssr,35918,93,6,DAY,1,660,384.0,1.0,0,140,138,0,0,0,0,0,0
155235,18,32,ssr,35918,93,6,DAY,1,660,384.0,1.0,4,17,17,0,0,0,0,0,0
155236,18,32,ssr,35918,93,6,DAY,1,660,384.0,5.0,0,152,151,0,0,0,0,0,0
155237,18,32,ssr,35918,93,6,DAY,1,660,384.0,2.0,0,150,146,0,0,0,0,0,0
155238,18,32,ssr,35918,93,6,DAY,1,660,384.0,5.0,1,1,0,0,1,1,0,1,0
155239,18,4,ssr,35918,93,6,DAY,1,660,384.0,3.0,0,140,137,0,0,0,0,0,0
155240,18,4,ssr,35918,93,6,DAY,1,660,384.0,4.0,0,140,137,0,0,0,0,0,0
155241,18,32,ssr,35918,93,6,DAY,1,660,442.0,6.0,1,2,0,0,2,2,0,4,0
155242,18,28,clinic,35933,93,6,DAY,1,660,396.0,1.0,0,158,155,0,0,0,0,0,0
155243,18,32,ssr,35918,93,6,DAY,1,660,384.0,2.0,0,1,0,0,1,1,0,1,0
155244,18,5,clinic,35806,92,6,DAY,1,660,385.0,4.0,2,163,162,0,1,1,1,0,0
155245,18,4,ssr,30438,76,6,DAY,1,675,490.0,4.0,3,1,0,0,1,1,0,1,0
155246,18,4,ssr,30438,76,6,DAY,1,675,490.0,6.0,4,1,0,0,1,1,0,1,0
155247,18,4,ssr,30438,76,6,DAY,1,675,490.0,0.0,4,1,0,0,1,1,0,1,0
155248,18,4,ssr,30438,76,6,DAY,1,675,490.0,3.0,4,1,0,0,1,1,0,1,0
155249,18,4,ssr,30438,76,6,DAY,1,675,490.0,4.0,4,1,0,0,1,1,0,1,0
155250,18,4,ssr,30438,76,6,DAY,1,675,490.0,3.0,0,1,0,0,1,1,0,1,0
155251,18,4,ssr,30438,76,6,DAY,1,675,490.0,4.0,0,1,0,0,1,1,0,1,0
155252,18,4,ssr,30438,76,6,DAY,1,675,490.0,6.0,0,1,0,0,1,1,0,1,0
155253,18,4,ssr,30438,76,6,DAY,1,675,490.0,0.0,0,1,0,0,1,1,0,1,0
155254,18,4,ssr,30438,76,6,DAY,1,675,490.0,3.0,0,1,0,0,1,1,0,1,0
155255,18,4,ssr,30438,76,6,DAY,1,675,490.0,4.0,0,1,0,0,1,1,0,1,0
155256,18,44,ssr,30438,76,6,DAY,1,675,490.0,6.0,3,1,0,0,1,1,0,1,0
155257,18,44,ssr,30438,76,6,DAY,1,675,490.0,0.0,4,1,0,0,1,1,0,1,0
155258,18,44,ssr,30438,76,6,DAY,1,675,490.0,6.0,4,1,0,0,1,1,0,1,0
155259,18,44,ssr,30438,76,6,DAY,1,675,490.0,0.0,4,1,0,0,1,1,0,1,0
155260,18,4,ssr,30438,76,6,DAY,1,675,490.0,6.0,3,1,0,0,1,1,0,1,0
155261,18,4,ssr,30438,76,6,DAY,1,675,490.0,0.0,4,1,0,0,1,1,0,1,0
155262,18,4,ssr,30438,76,6,DAY,1,675,490.0,3.0,4,1,0,0,1,1,0,1,0
155263,18,4,ssr,30438,76,6,DAY,1,675,490.0,4.0,4,1,0,0,1,1,0,1,0
155264,18,4,ssr,30438,76,6,DAY,1,675,490.0,5.0,4,1,0,0,1,1,0,1,0
155265,18,4,ssr,30438,76,6,DAY,1,675,490.0,1.0,4,1,0,0,1,1,0,1,0
155266,18,4,ssr,30438,76,6,DAY,1,675,490.0,2.0,4,1,0,0,1,1,0,1,0
155267,18,4,ssr,30438,76,6,DAY,1,675,490.0,6.0,4,1,0,0,1,1,0,1,0
155268,18,4,ssr,30438,76,6,DAY,1,675,490.0,0.0,4,1,0,0,1,1,0,1,0
155269,18,4,ssr,30438,76,6,DAY,1,675,490.0,1.0,0,1,0,0,1,1,0,1,0
155270,18,4,ssr,30438,76,6,DAY,1,675,490.0,2.0,0,1,0,0,1,1,0,1,0
155271,18,4,ssr,30438,76,6,DAY,1,675,490.0,1.0,4,1,0,0,1,1,0,1,1
155272,18,4,ssr,30438,76,6,DAY,1,675,490.0,4.0,4,1,0,0,1,1,0,1,1
155273,18,4,ssr,30438,76,6,DAY,1,675,490.0,5.0,4,1,0,0,1,1,0,1,1
155274,18,4,ssr,30438,76,6,DAY,1,675,490.0,2.0,4,1,0,0,1,1,0,1,1
155275,18,4,ssr,30438,76,6,DAY,1,675,490.0,5.0,0,1,0,0,1,1,0,1,1
155276,18,32,ssr,30438,76,6,DAY,1,675,490.0,3.0,4,1,0,0,1,1,0,1,1
155277,18,19,clinic,31856,79,6,NIGHT,1,690,460.0,3.0,3,137,136,0,0,0,0,0,0
155278,18,4,clinic,31856,79,6,NIGHT,1,690,460.0,6.0,4,130,126,0,3,1,2,1,1
155279,18,4,clinic,31856,79,6,NIGHT,1,690,460.0,3.0,4,130,129,0,1,1,0,1,1
155280,18,4,clinic,31856,79,6,NIGHT,1,690,460.0,0.0,4,130,128,0,2,1,1,1,1
155281,18,44,clinic,31856,79,6,NIGHT,1,690,460.0,3.0,3,165,162,0,1,1,1,0,0
155282,18,42,hospi,35958,94,6,DAY,1,450,262.0,1.0,1,198,1,195,0,0,0,0,0
155283,18,32,ssr,35918,93,6,DAY,1,660,384.0,2.0,2,50,49,0,1,1,0,1,0
155284,18,44,hea_hou,30438,76,6,DAY,1,660,440.0,4.0,2,197,193,0,1,1,0,1,1
155285,18,28,clinic,31750,79,6,DAY,1,660,456.0,5.0,2,150,149,0,1,1,1,0,0
155286,18,4,ssr,30438,76,6,DAY,1,675,490.0,2.0,0,1,0,0,1,1,0,1,0
155287,18,4,ssr,30438,76,6,DAY,1,675,490.0,3.0,0,1,0,0,1,1,0,1,0
155288,18,44,ssr,30438,76,6,DAY,1,675,490.0,0.0,3,1,0,0,1,1,0,1,0
155289,18,44,ssr,30438,76,6,DAY,1,675,490.0,3.0,4,1,0,0,1,1,0,1,0
155290,18,44,ssr,30438,76,6,DAY,1,675,490.0,4.0,4,1,0,0,1,1,0,1,0
155291,18,44,ssr,30438,76,6,DAY,1,675,490.0,5.0,4,1,0,0,1,1,0,1,0
155292,18,44,ssr,30438,76,6,DAY,1,675,490.0,1.0,4,1,0,0,1,1,0,1,0
155293,18,44,ssr,30438,76,6,DAY,1,675,490.0,2.0,4,1,0,0,1,1,0,1,1
155294,18,44,ssr,30438,76,6,DAY,1,675,490.0,5.0,4,1,0,0,1,1,0,1,1
155295,18,44,ssr,30438,76,6,DAY,1,675,490.0,0.0,4,1,0,0,1,1,0,1,1
155296,18,44,ssr,30438,76,6,DAY,1,675,490.0,3.0,0,1,0,0,1,1,0,1,1
155297,18,44,ssr,30438,76,6,DAY,1,675,490.0,4.0,0,1,0,0,1,1,0,1,1
155298,18,44,ssr,30438,76,6,DAY,1,675,490.0,5.0,0,1,0,0,1,1,0,1,0
155299,18,44,ssr,30438,76,6,DAY,1,675,490.0,1.0,0,1,0,0,1,1,0,1,0
155300,18,44,ssr,30438,76,6,DAY,1,675,490.0,4.0,0,1,0,0,1,1,0,1,0
155301,18,4,ssr,30438,76,6,DAY,1,675,490.0,0.0,3,1,0,0,1,1,0,1,0
155302,18,4,ssr,30438,76,6,DAY,1,675,490.0,3.0,0,1,0,0,1,1,0,1,0
155303,18,44,ssr,30438,76,6,DAY,1,675,490.0,5.0,3,2,0,0,2,2,0,4,0
155304,18,44,ssr,30438,76,6,DAY,1,675,490.0,6.0,3,1,0,0,1,1,0,1,0
155305,18,44,ssr,30438,76,6,DAY,1,675,490.0,3.0,4,1,0,0,1,1,0,1,0
155306,18,44,ssr,30438,76,6,DAY,1,675,490.0,4.0,4,1,0,0,1,1,0,1,0
155307,18,44,ssr,30438,76,6,DAY,1,675,490.0,5.0,4,1,0,0,1,1,0,1,0
155308,18,44,ssr,30438,76,6,DAY,1,675,490.0,1.0,4,1,0,0,1,1,0,1,0
155309,18,44,ssr,30438,76,6,DAY,1,675,490.0,2.0,4,1,0,0,1,1,0,1,0
155310,18,44,ssr,30438,76,6,DAY,1,675,490.0,6.0,4,1,0,0,1,1,0,1,0
155311,18,44,ssr,30438,76,6,DAY,1,675,490.0,0.0,4,1,0,0,1,1,0,1,0
155312,18,44,ssr,30438,76,6,DAY,1,675,490.0,4.0,0,1,0,0,1,1,0,1,0
155313,18,44,ssr,30438,76,6,DAY,1,675,490.0,5.0,0,1,0,0,1,1,0,1,0
155314,18,44,ssr,30438,76,6,DAY,1,675,490.0,1.0,0,1,0,0,1,1,0,1,0
155315,18,44,ssr,30438,76,6,DAY,1,675,490.0,2.0,0,1,0,0,1,1,0,1,0
155317,18,8,clinic,35957,94,6,DAY,1,600,432.0,1.0,1,90,89,0,1,1,0,1,0
155318,18,8,clinic,35957,94,6,DAY,1,600,432.0,5.0,2,140,138,0,1,1,0,1,1
155319,18,4,ssr,30438,76,6,DAY,1,675,490.0,6.0,3,180,176,0,1,1,0,1,0
155320,18,44,clinic,31750,79,6,NIGHT,1,660,469.0,5.0,3,1,0,0,1,1,0,1,0
155321,18,44,clinic,31750,79,6,NIGHT,1,660,469.0,2.0,4,1,0,0,1,1,0,1,0
155322,18,44,clinic,31750,79,6,NIGHT,1,660,469.0,4.0,4,1,0,0,1,1,0,1,0
155323,18,44,clinic,31750,79,6,NIGHT,1,660,469.0,5.0,4,1,0,0,1,1,0,1,0
155324,18,44,clinic,31750,79,6,NIGHT,1,660,469.0,2.0,4,31,30,0,1,1,0,1,0
155325,18,44,clinic,31750,79,6,NIGHT,1,660,469.0,3.0,4,1,0,0,1,1,0,1,1
155326,18,44,clinic,31750,79,6,NIGHT,1,660,469.0,4.0,4,1,0,0,1,1,0,1,1
155327,18,44,clinic,31750,79,6,NIGHT,1,660,469.0,5.0,4,1,0,0,1,1,0,1,1
155328,18,44,clinic,31750,79,6,NIGHT,1,660,469.0,3.0,0,1,0,0,1,1,0,1,0
155329,18,44,clinic,31750,79,6,NIGHT,1,660,469.0,4.0,0,1,0,0,1,1,0,1,0
155330,18,44,clinic,31750,79,6,NIGHT,1,660,469.0,5.0,0,1,0,0,1,1,0,1,0
155331,18,44,clinic,31750,79,6,NIGHT,1,660,469.0,1.0,0,1,0,0,1,1,0,1,0
155332,18,44,clinic,31750,79,6,NIGHT,1,660,469.0,3.0,4,1,0,0,1,1,0,1,0
155333,18,44,clinic,31750,79,6,NIGHT,1,660,469.0,4.0,4,1,0,0,1,1,0,1,0
155334,18,44,clinic,31750,79,6,NIGHT,1,660,469.0,5.0,4,1,0,0,1,1,0,1,0
155335,18,44,clinic,31750,79,6,NIGHT,1,660,469.0,1.0,0,1,0,0,1,1,0,1,0
155336,18,9,clinic,31719,79,6,DAY,1,660,497.0,0.0,1,100,0,100,0,0,0,0,0
155337,18,28,clinic,31719,79,6,DAY,1,660,497.0,0.0,1,195,194,0,1,1,0,1,0
155338,18,4,clinic,31856,79,6,NIGHT,1,690,460.0,2.0,2,180,179,0,1,1,0,1,0
155339,18,28,clinic,35806,92,6,DAY,1,660,385.0,5.0,4,157,151,0,1,1,0,1,0
155340,18,28,clinic,31719,79,6,DAY,1,660,497.0,0.0,2,180,179,0,0,0,0,0,0
155341,18,28,clinic,31750,79,6,NIGHT,1,660,524.0,3.0,0,110,108,0,2,1,2,0,0
155342,18,28,clinic,31750,79,6,NIGHT,1,660,524.0,1.0,4,110,108,0,2,1,2,0,0
155343,18,28,clinic,31750,79,6,NIGHT,1,660,524.0,2.0,0,40,40,0,0,0,0,0,0
155343,18,28,clinic,31750,79,6,NIGHT,1,660,524.0,2.0,4,70,68,0,2,1,2,0,0
155344,18,28,clinic,31750,79,6,NIGHT,1,660,524.0,1.0,0,110,106,0,3,1,3,0,0
155345,18,28,clinic,31750,79,6,NIGHT,1,660,524.0,2.0,0,50,49,0,1,1,0,1,0
155346,18,28,clinic,31750,79,6,NIGHT,1,660,524.0,3.0,0,110,108,0,2,1,2,0,0
155347,18,28,clinic,35806,92,6,DAY,1,660,385.0,6.0,3,164,159,0,1,1,0,1,0
155348,18,44,hea_hou,30438,76,6,DAY,1,660,440.0,2.0,1,90,90,0,0,0,0,0,0
155350,18,44,hea_hou,30438,76,6,DAY,1,540,360.0,1.0,1,200,0,200,0,0,0,0,0
155351,18,5,clinic,35933,93,6,DAY,1,660,481.0,0.0,3,40,40,0,0,0,0,0,0
155352,18,28,clinic,31719,79,6,DAY,1,660,432.0,4.0,4,158,153,0,1,1,0,1,1
155353,18,4,ssr,35918,93,6,NIGHT,1,660,460.0,2.0,3,40,39,0,1,1,1,0,0
155354,18,4,ssr,35918,93,6,NIGHT,1,660,460.0,3.0,3,50,49,0,1,1,1,0,0
155355,18,4,ssr,35918,93,6,NIGHT,1,660,460.0,6.0,3,185,183,0,1,1,1,0,0
155356,18,4,ssr,35918,93,6,NIGHT,1,660,460.0,0.0,3,30,29,0,1,1,1,0,0
155357,18,4,ssr,35918,93,6,NIGHT,1,660,460.0,1.0,3,30,29,0,1,1,1,0,0
155358,18,4,ssr,35918,93,6,NIGHT,1,660,460.0,2.0,4,30,29,0,1,1,1,0,0
155359,18,4,ssr,35918,93,6,NIGHT,1,660,460.0,3.0,0,30,29,0,1,1,1,0,0
155360,18,4,ssr,35918,93,6,NIGHT,1,660,460.0,6.0,0,140,136,0,2,1,2,0,0
155361,18,4,ssr,35918,93,6,NIGHT,1,660,460.0,0.0,0,140,136,0,1,1,1,0,0
155362,18,4,ssr,35918,93,6,NIGHT,1,660,460.0,1.0,0,30,29,0,1,1,1,0,0
155363,18,4,ssr,35918,93,6,NIGHT,1,660,460.0,4.0,0,100,95,0,2,1,1,1,0
155364,18,32,ssr,35918,93,6,NIGHT,1,660,460.0,4.0,3,100,98,0,1,1,1,0,0
155365,18,32,ssr,35918,93,6,NIGHT,1,660,460.0,5.0,3,185,184,0,1,1,0,1,1
155366,18,32,ssr,35918,93,6,NIGHT,1,660,460.0,6.0,3,50,49,0,1,1,0,1,1
155367,18,32,ssr,35918,93,6,NIGHT,1,660,460.0,1.0,3,100,96,0,2,1,2,0,0
155368,18,32,ssr,35918,93,6,NIGHT,1,660,460.0,2.0,4,30,28,0,2,1,1,1,1
155369,18,32,ssr,35918,93,6,NIGHT,1,660,460.0,4.0,4,30,29,0,1,1,1,0,0
155370,18,32,ssr,35918,93,6,NIGHT,1,660,460.0,5.0,4,50,48,0,1,1,1,0,0
155371,18,32,ssr,35918,93,6,NIGHT,1,660,460.0,6.0,4,30,29,0,1,1,0,1,1
155372,18,32,ssr,35918,93,6,NIGHT,1,660,460.0,3.0,4,30,29,0,1,1,1,0,0
155373,18,32,ssr,35918,93,6,NIGHT,1,660,460.0,4.0,4,130,125,0,2,1,2,0,0
155374,18,32,ssr,35918,93,6,NIGHT,1,660,460.0,5.0,4,130,127,0,1,1,1,0,0
155375,18,32,ssr,35918,93,6,NIGHT,1,660,460.0,6.0,4,50,48,0,1,1,1,0,0
155376,18,32,ssr,35918,93,6,NIGHT,1,660,460.0,1.0,4,30,29,0,1,1,1,0,0
155377,18,32,ssr,35918,93,6,NIGHT,1,660,460.0,2.0,4,110,106,0,2,1,1,1,0
155378,18,32,ssr,35918,93,6,NIGHT,1,660,460.0,4.0,0,130,126,0,1,1,1,0,0
155379,18,32,ssr,35918,93,6,NIGHT,1,660,460.0,5.0,0,130,126,0,1,1,1,0,0
155380,18,32,ssr,35918,93,6,NIGHT,1,660,460.0,6.0,0,50,48,0,1,1,1,0,0
155381,18,32,ssr,35918,93,6,NIGHT,1,660,460.0,0.0,0,160,155,0,2,1,2,0,0
155382,18,32,ssr,35918,93,6,NIGHT,1,660,460.0,4.0,0,130,125,0,2,1,2,0,0
155383,18,32,ssr,35918,93,6,NIGHT,2,660,460.0,0.0,4,160,155,0,2,2,1,1,0
155384,18,4,ssr,35918,93,6,DAY,1,660,384.0,2.0,3,178,173,0,1,1,1,0,0
155385,18,4,ssr,35918,93,6,DAY,1,660,384.0,3.0,3,18,17,0,0,0,0,0,0
155385,18,4,ssr,35918,93,6,DAY,1,660,384.0,3.0,4,169,163,0,0,0,0,0,0
155386,18,4,ssr,35918,93,6,DAY,1,660,384.0,5.0,3,13,13,0,0,0,0,0,0
155386,18,4,ssr,35918,93,6,DAY,1,660,384.0,5.0,4,167,160,0,1,0,1,0,0
155387,18,4,ssr,35918,93,6,DAY,1,660,384.0,1.0,3,1,1,0,0,0,0,0,0
155387,18,4,ssr,35918,93,6,DAY,1,660,384.0,1.0,4,176,171,0,0,0,0,0,0
155388,18,4,ssr,35918,93,6,DAY,1,660,384.0,2.0,4,162,158,0,1,1,1,0,0
155389,18,4,ssr,35918,93,6,DAY,1,660,384.0,1.0,4,174,168,0,0,0,0,0,0
155390,18,4,ssr,35918,93,6,DAY,1,660,384.0,5.0,0,153,149,0,1,1,1,0,0
155391,18,4,ssr,35918,93,6,DAY,1,660,384.0,4.0,0,30,28,0,1,1,1,0,0
155392,18,4,ssr,35918,93,6,DAY,2,660,384.0,4.0,3,17,17,0,0,0,0,0,0
155392,18,4,ssr,35918,93,6,DAY,2,660,384.0,4.0,4,165,157,0,1,1,0,1,0
155393,18,4,ssr,35918,93,6,DAY,3,660,384.0,1.0,0,162,155,0,1,1,0,1,0
155393,18,4,ssr,35918,93,6,DAY,3,660,384.0,1.0,4,4,4,0,0,0,0,0,0
155394,18,4,ssr,35918,93,6,DAY,1,660,442.0,6.0,0,147,144,0,1,1,1,0,0
155395,18,32,ssr,35918,93,6,DAY,1,660,384.0,4.0,2,10,10,0,0,0,0,0,0
155395,18,32,ssr,35918,93,6,DAY,1,660,384.0,4.0,3,187,183,0,0,0,0,0,0
155396,18,32,ssr,35918,93,6,DAY,1,660,384.0,5.0,2,7,7,0,0,0,0,0,0
155396,18,32,ssr,35918,93,6,DAY,1,660,384.0,5.0,3,181,177,0,0,0,0,0,0
155397,18,32,ssr,35918,93,6,DAY,2,660,384.0,1.0,3,188,180,0,1,1,0,1,0
155398,18,32,ssr,35918,93,6,DAY,1,660,384.0,2.0,3,198,191,0,0,0,0,0,0
155399,18,32,ssr,35918,93,6,DAY,1,660,384.0,3.0,3,17,16,0,0,0,0,0,0
155399,18,32,ssr,35918,93,6,DAY,1,660,384.0,3.0,4,173,167,0,0,0,0,0,0
155400,18,32,ssr,35918,93,6,DAY,1,660,384.0,5.0,3,6,6,0,0,0,0,0,0
155400,18,32,ssr,35918,93,6,DAY,1,660,384.0,5.0,4,170,163,0,1,1,0,1,0
155401,18,32,ssr,35918,93,6,DAY,1,660,384.0,4.0,4,91,89,0,1,1,0,1,0
155402,18,32,ssr,35918,93,6,DAY,1,660,384.0,4.0,0,158,152,0,1,1,1,0,0
155402,18,32,ssr,35918,93,6,DAY,1,660,384.0,4.0,4,10,10,0,0,0,0,0,0
155403,18,32,ssr,35918,93,6,DAY,1,660,384.0,2.0,0,164,158,0,0,0,0,0,0
155403,18,32,ssr,35918,93,6,DAY,1,660,384.0,2.0,4,3,2,0,1,0,1,0,0
155404,18,32,ssr,35918,93,6,DAY,1,660,384.0,3.0,0,155,149,0,1,1,1,0,0
155405,18,32,ssr,35918,93,6,DAY,1,660,384.0,4.0,0,165,158,0,1,1,0,1,0
155406,18,32,ssr,35918,93,6,DAY,1,660,442.0,6.0,3,130,127,0,1,1,1,0,0
155407,18,32,ssr,35918,93,6,DAY,1,660,442.0,0.0,3,175,172,0,1,1,1,0,0
155408,18,32,ssr,35918,93,6,DAY,1,660,442.0,6.0,3,3,3,0,0,0,0,0,0
155408,18,32,ssr,35918,93,6,DAY,1,660,442.0,6.0,4,169,165,0,1,1,1,0,0
155409,18,32,ssr,35918,93,6,DAY,1,660,442.0,0.0,4,159,156,0,1,1,0,1,1
155410,18,32,ssr,35918,93,6,DAY,3,660,384.0,1.0,3,1,1,0,0,0,0,0,0
155410,18,32,ssr,35918,93,6,DAY,3,660,384.0,1.0,4,180,172,0,3,3,2,1,0
155411,18,32,ssr,35918,93,6,DAY,2,660,384.0,1.0,4,175,169,0,0,0,0,0,0
155412,18,32,ssr,35918,93,6,DAY,2,660,384.0,5.0,0,155,150,0,0,0,0,0,0
155412,18,32,ssr,35918,93,6,DAY,2,660,384.0,5.0,4,16,14,0,2,1,2,0,0
155413,18,32,ssr,35918,93,6,DAY,2,660,384.0,1.0,0,163,157,0,0,0,0,0,0
155413,18,32,ssr,35918,93,6,DAY,2,660,384.0,1.0,4,4,4,0,0,0,0,0,0
155414,18,32,ssr,35918,93,6,DAY,2,660,442.0,6.0,4,155,151,0,2,2,0,2,0
155415,18,32,ssr,35918,93,6,DAY,2,660,442.0,0.0,4,155,151,0,2,2,0,2,0
155416,18,32,ssr,35918,93,6,DAY,2,660,442.0,6.0,0,155,148,0,3,3,2,1,0
155416,18,32,ssr,35918,93,6,DAY,2,660,442.0,6.0,4,3,3,0,0,0,0,0,0
155417,18,32,ssr,35918,93,6,DAY,2,660,442.0,0.0,0,150,145,0,2,2,2,0,0
155418,18,44,ssr,30438,76,6,DAY,1,675,490.0,3.0,4,142,139,0,1,1,0,1,0
155419,18,44,ssr,30438,76,6,DAY,1,675,490.0,4.0,4,144,138,0,1,1,0,1,0
155420,18,4,ssr,30438,76,6,DAY,1,675,490.0,4.0,3,20,19,0,1,1,1,0,0
155421,18,4,ssr,30438,76,6,DAY,1,675,490.0,5.0,4,172,166,0,2,1,2,0,0
155422,18,4,ssr,30438,76,6,DAY,1,675,490.0,5.0,4,170,165,0,1,1,1,0,0
155423,18,8,clinic,35957,94,6,DAY,2,600,432.0,5.0,1,2,1,1,0,0,0,0,0
155423,18,8,clinic,35957,94,6,DAY,2,600,432.0,5.0,2,144,2,137,2,2,1,1,0
155425,18,42,clinic,33838,85,17,DAY,1,580,350.0,3.0,0,9,9,0,0,0,0,0,0
155425,18,42,clinic,33838,85,17,DAY,1,580,350.0,3.0,4,1,1,0,0,0,0,0,0
155426,18,28,clinic,31750,79,6,NIGHT,1,660,497.0,2.0,0,1,0,0,1,1,0,1,0
155427,18,5,ssr,12591,34,14,NIGHT,1,700,455.0,1.0,1,43,0,42,0,0,0,0,0
155428,18,4,clinic,30438,76,6,DAY,2,660,418.0,2.0,1,216,1,211,1,1,1,0,0
155429,18,4,clinic,30438,76,6,DAY,2,660,418.0,3.0,1,220,215,0,2,2,2,0,0
155430,18,2,clinic,30438,76,6,DAY,1,660,418.0,4.0,1,3,3,0,0,0,0,0,0
155430,18,2,clinic,30438,76,6,DAY,1,660,418.0,4.0,2,155,152,0,1,1,0,1,0
155431,18,44,hea_hou,30438,76,6,DAY,1,660,440.0,2.0,1,194,2,188,0,0,0,0,0
155432,18,44,hea_hou,30438,76,6,DAY,1,660,440.0,5.0,4,151,149,0,0,0,0,0,0
155433,18,44,hea_hou,30438,76,6,DAY,1,660,440.0,2.0,4,90,88,0,1,1,1,0,0
155434,18,44,hea_hou,30438,76,6,DAY,2,660,440.0,6.0,4,146,144,0,0,0,0,0,0
155435,18,44,hea_hou,30438,76,6,DAY,1,660,440.0,4.0,4,160,158,0,0,0,0,0,0
155436,18,44,hea_hou,30438,76,6,DAY,1,660,440.0,4.0,3,169,166,0,1,1,1,0,0
155437,18,44,hea_hou,30438,76,6,DAY,2,660,440.0,6.0,4,150,147,0,2,2,0,2,0
155438,18,44,hea_hou,30438,76,6,DAY,2,660,440.0,4.0,4,146,143,0,1,1,0,1,0
155439,18,44,hea_hou,30438,76,6,DAY,1,660,440.0,4.0,4,160,157,0,1,1,1,0,0
155440,18,4,clinic,30438,76,6,DAY,1,360,228.0,1.0,1,212,212,0,0,0,0,0,0
155441,18,5,clinic,35933,93,6,DAY,1,660,481.0,0.0,3,167,164,0,0,0,0,0,0
155442,18,5,clinic,35933,93,6,DAY,1,660,481.0,0.0,4,150,147,0,0,0,0,0,0
155443,18,5,clinic,35933,93,6,NIGHT,1,660,481.0,3.0,3,195,194,0,1,1,1,0,0
155444,18,5,clinic,35933,93,6,NIGHT,1,660,481.0,1.0,3,177,174,0,0,0,0,0,0
155445,18,5,clinic,35933,93,6,DAY,1,660,396.0,3.0,1,6,1,5,0,0,0,0,0
155445,18,5,clinic,35933,93,6,DAY,1,660,396.0,3.0,2,13,0,12,0,0,0,0,0
155445,18,5,clinic,35933,93,6,DAY,1,660,396.0,3.0,3,169,1,167,0,0,0,0,0
155446,18,5,clinic,35933,93,6,DAY,1,660,396.0,4.0,3,175,172,0,0,0,0,0,0
155447,18,5,clinic,35933,93,6,DAY,1,660,396.0,6.0,4,152,149,0,0,0,0,0,0
155448,18,5,clinic,35933,93,6,DAY,2,660,396.0,1.0,4,159,156,0,0,0,0,0,0
155449,18,30,clinic,35933,93,6,NIGHT,1,660,506.0,4.0,0,38,38,0,0,0,0,0,0
155450,18,30,clinic,35933,93,6,DAY,1,660,440.0,3.0,4,35,35,0,0,0,0,0,0
155451,18,30,clinic,35933,93,6,DAY,1,660,440.0,4.0,0,33,33,0,0,0,0,0,0
155452,18,30,clinic,35933,93,6,DAY,1,660,440.0,1.0,0,29,29,0,0,0,0,0,0
155453,18,30,clinic,35933,93,6,DAY,1,660,440.0,2.0,0,29,29,0,0,0,0,0,0
155454,18,8,clinic,30438,76,6,DAY,1,660,456.0,6.0,2,161,159,0,1,1,1,0,0
155455,18,8,clinic,30438,76,6,DAY,1,660,480.0,0.0,2,70,69,0,1,1,1,0,0
155456,18,2,clinic,35938,94,6,NIGHT,1,690,529.0,2.0,1,30,30,0,0,0,0,0,0
155457,18,28,clinic,31750,79,6,NIGHT,1,660,524.0,3.0,2,150,149,0,1,1,1,0,0
155458,18,5,clinic,31750,79,6,NIGHT,1,660,469.0,3.0,2,90,89,0,1,1,1,0,0
155459,18,44,clinic,31719,79,6,DAY,1,660,497.0,0.0,2,155,153,0,0,0,0,0,0
155460,18,28,clinic,31719,79,6,DAY,1,660,432.0,5.0,1,1,1,0,0,0,0,0,0
155460,18,28,clinic,31719,79,6,DAY,1,660,432.0,5.0,2,186,184,0,0,0,0,0,0
155461,18,28,clinic,31719,79,6,DAY,1,660,497.0,6.0,2,182,179,0,1,1,0,1,0
155462,18,28,clinic,31719,79,6,DAY,1,660,497.0,0.0,2,183,181,0,0,0,0,0,0
155463,18,28,clinic,31719,79,6,NIGHT,1,660,497.0,4.0,2,190,189,0,1,1,0,1,0
155464,18,9,hospi,36059,96,6,DAY,1,700,408.0,2.0,1,84,1,83,0,0,0,0,0
155465,18,9,hospi,36059,96,6,DAY,1,700,408.0,3.0,1,85,0,85,0,0,0,0,0
155466,18,44,hea_hou,30438,76,6,DAY,1,660,440.0,4.0,2,197,195,0,0,0,0,0,0
155467,18,2,clinic,35938,94,6,NIGHT,1,690,529.0,2.0,1,171,169,0,1,1,1,0,0
155468,18,2,clinic,35950,94,6,DAY,1,700,443.0,2.0,1,142,2,139,0,0,0,0,0
155469,18,4,hospi,35941,94,6,DAY,1,450,262.0,1.0,3,1,1,0,0,0,0,0,0
155469,18,4,hospi,35941,94,6,DAY,1,450,262.0,1.0,4,176,168,0,2,0,2,0,0
155469,18,4,hospi,35941,94,6,DAY,1,720,420.0,1.0,3,6,6,0,0,0,0,0,0
155470,18,4,hospi,35941,94,6,DAY,1,450,262.0,2.0,0,152,146,0,0,0,0,0,0
155472,18,28,clinic,31719,79,6,NIGHT,1,660,497.0,1.0,1,90,0,90,0,0,0,0,0
155473,18,28,other_ms,35981,95,6,DAY,1,580,380.0,3.0,1,209,206,0,1,1,0,1,1
155475,18,45,clinic,36000,95,6,DAY,1,660,400.0,5.0,4,22,22,0,0,0,0,0,0
155478,18,32,clinic,35813,92,6,DAY,1,600,360.0,3.0,3,15,15,0,0,0,0,0,0
155478,18,32,clinic,35813,92,6,DAY,1,600,360.0,3.0,4,150,146,0,1,1,0,1,0
155479,18,32,clinic,35813,92,6,DAY,1,600,360.0,6.0,3,9,9,0,0,0,0,0,0
155479,18,32,clinic,35813,92,6,DAY,1,600,360.0,6.0,4,151,148,0,0,0,0,0,0
155480,18,32,clinic,35813,92,6,DAY,1,600,360.0,1.0,3,2,2,0,0,0,0,0,0
155480,18,32,clinic,35813,92,6,DAY,1,600,360.0,1.0,4,161,157,0,0,0,0,0,0
155481,18,32,clinic,35813,92,6,DAY,1,600,360.0,4.0,4,162,158,0,0,0,0,0,0
155482,18,4,clinic,35813,92,6,DAY,1,600,360.0,6.0,0,137,133,0,0,0,0,0,0
155482,18,4,clinic,35813,92,6,DAY,1,600,360.0,6.0,4,11,11,0,0,0,0,0,0
155483,18,32,clinic,35813,92,6,DAY,1,360,216.0,1.0,3,2,2,0,0,0,0,0,0
155483,18,32,clinic,35813,92,6,DAY,1,360,216.0,1.0,4,161,157,0,0,0,0,0,0
155484,18,32,clinic,35813,92,6,DAY,1,360,216.0,3.0,3,1,1,0,0,0,0,0,0
155484,18,32,clinic,35813,92,6,DAY,1,360,216.0,3.0,4,161,156,0,0,0,0,0,0
155485,18,32,clinic,35813,92,6,DAY,1,360,216.0,4.0,4,162,158,0,0,0,0,0,0
155486,18,32,clinic,35813,92,6,DAY,1,360,216.0,1.0,4,158,154,0,0,0,0,0,0
155487,18,32,clinic,35813,92,6,DAY,1,360,216.0,2.0,4,164,160,0,0,0,0,0,0
155488,18,32,clinic,35813,92,6,DAY,1,360,216.0,3.0,4,160,156,0,0,0,0,0,0
155489,18,32,clinic,35813,92,6,DAY,1,360,216.0,4.0,0,138,135,0,0,0,0,0,0
155489,18,32,clinic,35813,92,6,DAY,1,360,216.0,4.0,4,22,21,0,0,0,0,0,0
155490,18,32,clinic,35813,92,6,DAY,1,360,216.0,5.0,0,138,134,0,0,0,0,0,0
155490,18,32,clinic,35813,92,6,DAY,1,360,216.0,5.0,4,19,19,0,0,0,0,0,0
155491,18,32,clinic,35813,92,6,DAY,1,360,216.0,1.0,0,144,140,0,1,1,1,0,0
155492,18,32,clinic,35813,92,6,DAY,1,360,216.0,2.0,0,143,139,0,1,1,0,1,0
155493,18,32,clinic,35813,92,6,DAY,1,360,216.0,3.0,0,140,136,0,1,1,1,0,0
155494,18,32,clinic,35813,92,6,DAY,1,360,216.0,4.0,0,147,143,0,0,0,0,0,0
155494,18,32,clinic,35813,92,6,DAY,1,360,216.0,4.0,4,1,1,0,0,0,0,0,0
155495,18,32,clinic,35813,92,6,DAY,1,600,360.0,6.0,2,3,3,0,0,0,0,0,0
155495,18,32,clinic,35813,92,6,DAY,1,600,360.0,6.0,3,163,160,0,0,0,0,0,0
155496,18,32,clinic,35813,92,6,DAY,1,600,360.0,6.0,4,161,157,0,0,0,0,0,0
155497,18,32,clinic,35813,92,6,DAY,1,600,360.0,1.0,4,158,154,0,0,0,0,0,0
155498,18,32,clinic,35813,92,6,DAY,1,600,360.0,4.0,0,138,135,0,0,0,0,0,0
155498,18,32,clinic,35813,92,6,DAY,1,600,360.0,4.0,4,22,20,0,1,0,1,0,0
155499,18,32,clinic,35813,92,6,DAY,1,600,360.0,2.0,3,2,2,0,0,0,0,0,0
155499,18,32,clinic,35813,92,6,DAY,1,600,360.0,2.0,4,161,157,0,0,0,0,0,0
155500,18,32,clinic,35813,92,6,DAY,1,600,360.0,4.0,0,138,135,0,0,0,0,0,0
155500,18,32,clinic,35813,92,6,DAY,1,600,360.0,4.0,4,21,19,0,1,1,0,1,0
155501,18,32,clinic,35813,92,6,DAY,1,600,360.0,2.0,4,164,160,0,0,0,0,0,0
155502,18,32,clinic,35813,92,6,DAY,1,600,360.0,3.0,4,159,154,0,1,1,0,1,0
155503,18,32,clinic,35813,92,6,DAY,1,600,360.0,6.0,0,136,132,0,0,0,0,0,0
155503,18,32,clinic,35813,92,6,DAY,1,600,360.0,6.0,4,12,12,0,0,0,0,0,0
155504,18,32,clinic,35813,92,6,DAY,1,600,450.0,0.0,0,140,135,0,1,1,0,1,0
155504,18,32,clinic,35813,92,6,DAY,1,600,450.0,0.0,4,6,6,0,0,0,0,0,0
155506,18,42,clinic,30438,76,6,DAY,1,540,306.0,2.0,1,30,30,0,0,0,0,0,0
155507,18,32,clinic,35813,92,6,DAY,1,420,252.0,3.0,1,180,1,177,0,0,0,0,0
155508,18,9,hospi,36059,96,6,DAY,1,700,408.0,1.0,2,79,78,0,0,0,0,0,0
155509,18,9,hospi,36059,96,6,DAY,1,700,408.0,2.0,2,3,3,0,0,0,0,0,0
155509,18,9,hospi,36059,96,6,DAY,1,700,408.0,2.0,3,78,77,0,0,0,0,0,0
155510,18,9,hospi,36059,96,6,DAY,1,700,408.0,3.0,2,4,4,0,0,0,0,0,0
155510,18,9,hospi,36059,96,6,DAY,1,700,408.0,3.0,3,74,73,0,0,0,0,0,0
155511,18,9,hospi,36059,96,6,DAY,1,700,408.0,5.0,3,77,75,0,0,0,0,0,0
155512,18,9,hospi,36059,96,6,DAY,1,700,408.0,6.0,4,70,69,0,0,0,0,0,0
155513,18,9,hospi,36059,96,6,DAY,1,700,408.0,3.0,4,67,66,0,0,0,0,0,0
155514,18,9,hospi,36059,96,6,DAY,1,700,408.0,4.0,4,68,67,0,0,0,0,0,0
155515,18,9,hospi,36059,96,6,DAY,1,700,408.0,5.0,4,68,67,0,0,0,0,0,0
155516,18,9,hospi,36059,96,6,DAY,1,700,408.0,2.0,0,62,61,0,0,0,0,0,0
155517,18,9,hospi,36059,96,6,DAY,2,700,408.0,1.0,4,67,65,0,0,0,0,0,0
155518,18,9,hospi,36059,96,6,DAY,1,700,468.0,0.0,4,61,60,0,1,1,0,1,0
155519,18,4,clinic,30438,76,6,DAY,1,660,418.0,1.0,2,200,197,0,1,1,0,1,1
155520,18,44,clinic,31750,79,6,NIGHT,1,660,469.0,1.0,4,1,0,0,1,1,0,1,1
155521,18,44,clinic,31750,79,6,NIGHT,1,660,469.0,2.0,0,1,0,0,1,1,0,1,1
155522,18,28,ssr,12591,34,14,DAY,1,700,396.0,5.0,2,1,0,0,1,1,0,1,1
155523,18,5,clinic,35806,92,6,DAY,1,660,385.0,4.0,2,164,163,0,1,1,1,0,0
155524,18,28,clinic,35806,92,6,NIGHT,1,660,443.0,5.0,4,10,9,0,1,1,1,0,0
155525,18,28,clinic,35806,92,6,NIGHT,1,660,443.0,0.0,0,151,150,0,1,1,1,0,0
155526,18,5,clinic,30438,76,6,DAY,1,660,418.0,2.0,1,1,0,0,1,1,0,1,0
155527,18,4,ehpad_rh,35915,93,6,DAY,1,660,456.0,2.0,1,1,0,0,1,1,0,1,0
155528,18,2,clinic,35938,94,6,DAY,2,570,380.0,2.0,1,156,0,155,0,0,0,0,0
155529,18,44,ssr,30438,76,6,DAY,1,495,370.0,2.0,1,177,0,176,0,0,0,0,0
155530,18,44,clinic,8576,25,14,DAY,1,720,408.0,3.0,2,5,0,0,0,0,0,0,0
155530,18,44,clinic,8576,25,14,DAY,1,720,408.0,3.0,3,63,1,0,0,0,0,0,0
155531,18,44,clinic,8576,25,14,DAY,1,720,408.0,2.0,3,3,3,0,0,0,0,0,0
155531,18,44,clinic,8576,25,14,DAY,1,720,408.0,2.0,4,63,58,0,0,0,0,0,0
155532,18,44,clinic,8576,25,14,DAY,1,720,408.0,6.0,3,1,0,0,0,0,0,0,0
155532,18,44,clinic,8576,25,14,DAY,1,720,408.0,6.0,4,64,2,0,0,0,0,0,0
155533,18,44,clinic,8576,25,14,DAY,1,720,408.0,3.0,4,65,58,0,0,0,0,0,0
155534,18,44,clinic,8576,25,14,DAY,1,720,408.0,4.0,4,68,59,0,0,0,0,0,0
155535,18,4,ehpad_rh,35915,93,6,DAY,1,660,524.0,6.0,2,90,89,0,1,1,0,1,1
155536,18,4,ehpad_rh,35915,93,6,DAY,1,660,524.0,0.0,2,80,79,0,1,1,0,1,1
155537,18,4,ehpad_rh,35915,93,6,DAY,1,660,456.0,5.0,2,120,118,0,1,1,0,1,0
155538,18,4,clinic,31856,79,6,NIGHT,1,690,460.0,3.0,4,1,0,0,1,1,0,1,0
155539,18,28,ssr,12591,34,14,DAY,1,420,238.0,3.0,2,1,0,0,0,0,0,0,0
155539,18,28,ssr,12591,34,14,DAY,1,420,238.0,3.0,3,24,0,24,0,0,0,0,0
155540,18,5,clinic,35951,94,6,NIGHT,1,700,537.0,2.0,1,220,219,0,1,1,0,1,0
155541,18,29,clinic,33838,85,17,DAY,1,525,353.0,5.0,4,8,8,0,0,0,0,0,0
155542,18,4,clinic,30438,76,6,DAY,2,660,418.0,2.0,4,176,172,0,2,2,0,2,1
155543,18,4,clinic,30438,76,6,DAY,2,660,418.0,4.0,4,191,186,0,2,2,1,1,0
155544,18,4,clinic,30438,76,6,DAY,2,660,418.0,2.0,4,173,169,0,2,2,0,2,1
155545,18,4,clinic,30438,76,6,DAY,2,660,418.0,3.0,4,184,179,0,2,2,0,2,1
155546,18,4,clinic,30438,76,6,DAY,2,660,418.0,5.0,0,166,163,0,1,1,0,1,0
155546,18,4,clinic,30438,76,6,DAY,2,660,418.0,5.0,4,16,15,0,1,1,0,1,0
155547,18,4,clinic,30438,76,6,DAY,2,660,418.0,1.0,0,164,159,0,3,2,2,1,0
155548,18,4,clinic,30438,76,6,DAY,2,660,418.0,2.0,0,70,68,0,2,2,0,2,0
155549,18,4,clinic,30438,76,6,DAY,1,660,418.0,4.0,4,60,59,0,1,1,1,0,0
155550,18,4,clinic,30438,76,6,DAY,1,660,418.0,5.0,4,60,59,0,1,1,1,0,0
155551,18,4,clinic,30438,76,6,DAY,1,660,418.0,5.0,4,171,166,0,2,1,1,1,0
155552,18,4,clinic,30438,76,6,DAY,1,660,418.0,3.0,0,160,156,0,1,1,0,1,0
155553,18,4,clinic,30438,76,6,DAY,1,660,418.0,4.0,0,50,49,0,1,1,0,1,0
155554,18,4,clinic,30438,76,6,DAY,1,660,480.0,6.0,4,60,59,0,1,1,0,1,0
155555,18,4,clinic,30438,76,6,DAY,1,660,480.0,6.0,4,50,49,0,1,1,1,0,0
155556,18,4,clinic,30438,76,6,DAY,1,660,480.0,0.0,4,50,49,0,1,1,1,0,0
155557,18,4,clinic,30438,76,6,DAY,1,660,480.0,6.0,0,50,49,0,1,1,0,1,0
155558,18,4,clinic,30438,76,6,DAY,1,660,418.0,5.0,3,60,59,0,1,1,0,1,0
155559,18,4,clinic,30438,76,6,DAY,1,660,418.0,1.0,4,168,165,0,1,1,1,0,0
155560,18,4,clinic,30438,76,6,DAY,1,660,418.0,4.0,4,177,173,0,1,1,0,1,0
155561,18,2,clinic,30438,76,6,DAY,1,660,418.0,4.0,3,147,144,0,1,1,1,0,0
155562,18,2,clinic,30438,76,6,DAY,1,660,418.0,1.0,3,70,69,0,1,1,1,0,0
155563,18,2,clinic,30438,76,6,DAY,1,660,418.0,2.0,3,70,69,0,1,1,1,0,0
155564,18,2,clinic,30438,76,6,DAY,1,660,418.0,4.0,3,2,1,0,1,1,0,1,0
155564,18,2,clinic,30438,76,6,DAY,1,660,418.0,4.0,4,132,130,0,0,0,0,0,0
155565,18,2,clinic,30438,76,6,DAY,1,660,418.0,5.0,4,131,128,0,1,1,0,1,0
155566,18,2,clinic,30438,76,6,DAY,1,660,418.0,1.0,4,131,128,0,1,1,1,0,0
155567,18,2,clinic,30438,76,6,DAY,1,660,418.0,2.0,4,133,130,0,1,1,1,0,0
155568,18,2,clinic,30438,76,6,DAY,1,660,418.0,3.0,4,136,133,0,1,0,1,0,0
155569,18,2,clinic,30438,76,6,DAY,1,660,418.0,5.0,4,137,135,0,0,0,0,0,0
155570,18,2,clinic,30438,76,6,DAY,1,660,418.0,1.0,4,128,124,0,2,1,1,1,1
155571,18,2,clinic,30438,76,6,DAY,1,660,418.0,2.0,4,134,132,0,1,1,0,1,0
155572,18,2,clinic,30438,76,6,DAY,1,660,418.0,3.0,4,134,132,0,1,1,0,1,0
155573,18,2,clinic,30438,76,6,DAY,1,660,418.0,4.0,4,130,127,0,1,1,0,1,1
155574,18,2,clinic,30438,76,6,DAY,1,660,418.0,1.0,0,117,115,0,1,1,0,1,0
155575,18,2,clinic,30438,76,6,DAY,1,660,418.0,2.0,0,117,115,0,1,1,0,1,0
155576,18,2,clinic,30438,76,6,DAY,1,660,418.0,3.0,0,116,114,0,1,1,0,1,0
155577,18,2,clinic,30438,76,6,DAY,1,660,418.0,4.0,0,131,129,0,0,0,0,0,0
155578,18,2,clinic,30438,76,6,DAY,1,660,480.0,6.0,4,70,69,0,1,1,0,1,0
155579,18,2,clinic,30438,76,6,DAY,1,660,480.0,0.0,4,70,69,0,1,1,0,1,0
155580,18,2,clinic,30438,76,6,DAY,1,660,480.0,6.0,4,135,133,0,0,0,0,0,0
155581,18,2,clinic,30438,76,6,DAY,1,660,480.0,6.0,0,80,79,0,1,1,1,0,0
155582,18,2,clinic,30438,76,6,DAY,1,660,480.0,0.0,0,80,79,0,1,1,1,0,0
155583,18,5,clinic,30438,76,6,DAY,1,660,418.0,4.0,3,70,69,0,1,1,0,1,1
155584,18,5,clinic,30438,76,6,DAY,1,660,418.0,5.0,3,20,19,0,1,1,0,1,1
155585,18,5,clinic,30438,76,6,DAY,1,660,418.0,1.0,4,50,49,0,1,1,1,0,0
155586,18,5,clinic,30438,76,6,DAY,1,660,418.0,1.0,4,165,162,0,1,1,1,0,0
155587,18,5,clinic,30438,76,6,DAY,1,660,418.0,2.0,4,50,49,0,1,1,0,1,0
155588,18,5,clinic,30438,76,6,DAY,1,660,418.0,3.0,4,50,49,0,1,1,0,1,0
155589,18,5,clinic,30438,76,6,DAY,1,660,418.0,5.0,0,50,49,0,1,1,1,0,0
155590,18,5,clinic,30438,76,6,DAY,1,660,418.0,1.0,0,50,49,0,1,1,1,0,0
155591,18,44,clinic,31750,79,6,NIGHT,1,660,469.0,1.0,4,1,0,0,1,1,0,1,0
155592,18,44,clinic,31750,79,6,NIGHT,1,660,469.0,2.0,4,1,0,0,1,1,0,1,0
155593,18,32,ssr,35918,93,6,NIGHT,1,660,460.0,4.0,3,1,0,0,1,1,0,1,0
155594,18,32,ssr,35918,93,6,NIGHT,1,660,460.0,1.0,3,1,0,0,1,1,0,1,0
155595,18,32,ssr,35918,93,6,NIGHT,1,660,460.0,2.0,3,1,0,0,1,1,0,1,0
155596,18,32,ssr,35918,93,6,NIGHT,1,660,460.0,3.0,4,1,0,0,1,1,0,1,0
155597,18,32,ssr,35918,93,6,NIGHT,1,660,460.0,4.0,4,1,0,0,1,1,0,1,0
155598,18,32,ssr,35918,93,6,NIGHT,1,660,460.0,1.0,4,1,0,0,1,1,0,1,0
155599,18,32,ssr,35918,93,6,NIGHT,1,660,460.0,5.0,0,1,0,0,1,1,0,1,0
155600,18,32,ssr,35918,93,6,NIGHT,1,660,460.0,6.0,0,1,0,0,1,1,0,1,0
155601,18,32,ssr,35918,93,6,NIGHT,1,660,460.0,0.0,0,1,0,0,1,1,0,1,0
155602,18,28,clinic,35806,92,6,NIGHT,2,660,443.0,3.0,3,16,0,0,0,0,0,0,0
155602,18,28,clinic,35806,92,6,NIGHT,2,660,443.0,3.0,4,175,4,0,3,2,2,1,0
155603,18,5,clinic,31750,79,6,NIGHT,1,660,469.0,1.0,3,90,89,0,1,1,0,1,0
155604,18,2,clinic,35950,94,6,DAY,1,620,418.0,3.0,1,159,0,158,0,0,0,0,0
155605,18,2,clinic,35950,94,6,DAY,1,620,418.0,4.0,1,154,3,148,0,0,0,0,0
155606,18,2,clinic,35950,94,6,DAY,1,620,418.0,5.0,1,1,0,1,0,0,0,0,0
155606,18,2,clinic,35950,94,6,DAY,1,620,418.0,5.0,2,145,2,141,0,0,0,0,0
155607,18,2,clinic,35950,94,6,DAY,1,620,418.0,1.0,1,2,1,1,0,0,0,0,0
155607,18,2,clinic,35950,94,6,DAY,1,620,418.0,1.0,2,148,2,143,0,0,0,0,0
155608,18,2,clinic,35950,94,6,DAY,1,620,418.0,2.0,1,2,0,2,0,0,0,0,0
155608,18,2,clinic,35950,94,6,DAY,1,620,418.0,2.0,2,150,2,145,0,0,0,0,0
155609,18,4,clinic,1941,6,17,NIGHT,1,720,524.0,6.0,2,8,8,0,0,0,0,0,0
155610,18,4,ehpad_rh,30438,76,6,DAY,1,600,400.0,3.0,1,240,239,0,1,1,1,0,0
155611,18,5,clinic,35938,94,6,NIGHT,1,700,552.0,2.0,1,1,0,0,1,1,0,1,0
155612,18,44,hea_hou,30438,76,6,DAY,1,660,440.0,5.0,4,153,148,0,1,0,1,0,0
155613,18,44,hea_hou,30438,76,6,DAY,1,660,440.0,6.0,4,145,143,0,1,1,0,1,0
155614,18,44,hea_hou,30438,76,6,DAY,1,660,440.0,2.0,2,180,178,0,1,1,1,0,0
155615,18,44,hea_hou,30438,76,6,DAY,1,660,440.0,3.0,3,166,162,0,0,0,0,0,0
155616,18,44,hea_hou,30438,76,6,DAY,1,660,440.0,2.0,4,153,151,0,1,1,0,1,0
155617,18,44,hea_hou,30438,76,6,DAY,1,660,440.0,3.0,2,12,12,0,0,0,0,0,0
155617,18,44,hea_hou,30438,76,6,DAY,1,660,440.0,3.0,3,160,158,0,0,0,0,0,0
155618,18,44,hea_hou,30438,76,6,DAY,2,660,440.0,4.0,4,149,143,0,2,1,1,1,0
155619,18,44,hea_hou,30438,76,6,DAY,1,660,440.0,1.0,4,149,146,0,2,1,2,0,0
155620,18,44,hea_hou,30438,76,6,DAY,1,660,440.0,4.0,4,146,144,0,1,1,0,1,0
155621,18,44,hea_hou,30438,76,6,DAY,1,660,440.0,4.0,0,129,126,0,1,1,0,1,0
155622,18,44,hea_hou,30438,76,6,DAY,1,660,440.0,1.0,2,177,173,0,1,1,1,0,0
155623,18,44,hea_hou,30438,76,6,DAY,1,660,552.0,0.0,4,147,144,0,2,1,2,0,0
155624,18,4,ehpad_rh,35915,93,6,DAY,1,660,456.0,5.0,2,223,219,0,1,1,1,0,0
155625,18,4,ehpad_rh,35915,93,6,DAY,1,660,524.0,6.0,2,170,168,0,1,1,1,0,0
155626,18,28,clinic,31750,79,6,DAY,1,660,456.0,3.0,1,177,0,176,0,0,0,0,0
155627,18,28,clinic,31750,79,6,DAY,1,660,456.0,4.0,1,174,2,170,0,0,0,0,0
155628,18,28,clinic,31750,79,6,DAY,1,660,456.0,3.0,1,177,0,176,0,0,0,0,0
155629,18,28,clinic,31750,79,6,DAY,1,660,456.0,4.0,1,174,171,0,1,1,1,0,0
155630,18,42,hospi,35958,94,6,NIGHT,1,720,483.0,4.0,3,1,0,0,1,1,0,1,0
155631,18,42,hospi,35958,94,6,NIGHT,1,720,483.0,5.0,3,1,0,0,1,1,0,1,0
155632,18,42,hospi,35958,94,6,NIGHT,1,720,483.0,1.0,3,1,0,0,1,1,0,1,0
155633,18,42,hospi,35958,94,6,NIGHT,1,720,483.0,1.0,4,1,0,0,1,1,0,1,0
155634,18,42,hospi,35958,94,6,NIGHT,1,720,483.0,2.0,4,159,155,0,1,1,0,1,0
155635,18,5,clinic,30438,76,6,DAY,1,675,416.0,5.0,1,3,1,2,0,0,0,0,0
155635,18,5,clinic,30438,76,6,DAY,1,675,416.0,5.0,2,202,2,198,0,0,0,0,0
155636,18,5,clinic,30438,76,6,DAY,1,675,416.0,5.0,1,3,1,2,0,0,0,0,0
155636,18,5,clinic,30438,76,6,DAY,1,675,416.0,5.0,2,202,2,198,0,0,0,0,0
155637,18,4,ssr,30438,76,6,DAY,1,675,490.0,5.0,3,1,0,0,1,1,0,1,1
155638,18,4,ssr,30438,76,6,DAY,1,675,490.0,1.0,3,1,0,0,1,1,0,1,1
155639,18,4,ssr,30438,76,6,DAY,1,675,490.0,2.0,4,1,0,0,1,1,0,1,1
155640,18,32,ssr,30438,76,6,DAY,1,675,490.0,3.0,4,1,0,0,1,1,0,1,1
155641,18,32,ssr,30438,76,6,DAY,1,675,490.0,4.0,4,1,0,0,1,1,0,1,1
155642,18,4,ssr,30438,76,6,DAY,1,675,490.0,3.0,3,180,174,0,1,1,0,1,0
155643,18,4,ssr,30438,76,6,DAY,1,675,490.0,4.0,3,60,60,0,0,0,0,0,0
155643,18,4,ssr,30438,76,6,DAY,1,675,490.0,4.0,4,120,114,0,1,1,1,0,0
155644,18,4,ssr,30438,76,6,DAY,1,675,490.0,5.0,4,177,172,0,1,1,1,0,0
155645,18,4,clinic,30438,76,6,DAY,1,660,418.0,5.0,4,170,165,0,1,1,0,1,0
155647,18,4,ssr,30438,76,6,DAY,1,495,370.0,3.0,1,214,0,213,0,0,0,0,0
155648,18,44,ssr,30438,76,6,DAY,1,495,370.0,3.0,1,186,0,185,0,0,0,0,0
155649,18,28,clinic,31719,79,6,DAY,2,660,432.0,4.0,1,192,190,0,0,0,0,0,0
155650,18,32,clinic,31856,79,6,NIGHT,1,690,460.0,1.0,2,194,193,0,1,1,1,0,0
155651,18,32,ssr,35918,93,6,NIGHT,1,660,460.0,0.0,0,150,145,0,2,1,2,0,0
155652,18,4,ssr,30438,76,6,DAY,1,675,490.0,5.0,1,1,0,0,1,1,0,1,0
155653,18,4,ssr,30438,76,6,DAY,1,675,490.0,5.0,1,1,0,0,1,1,0,1,1
155654,18,8,clinic,30438,76,6,DAY,1,660,456.0,4.0,1,1,0,0,1,1,0,1,0
155656,18,42,clinic,33838,85,17,DAY,1,400,245.0,3.0,1,17,0,15,0,0,0,0,0
155657,18,4,clinic,30438,76,6,DAY,1,660,418.0,4.0,1,218,3,213,0,0,0,0,0
155658,18,4,clinic,30438,76,6,DAY,1,660,418.0,5.0,1,216,3,212,0,0,0,0,0
155659,18,5,clinic,35938,94,6,NIGHT,1,700,552.0,3.0,1,214,212,0,2,1,2,0,0
155660,18,28,clinic,31719,79,6,DAY,1,660,432.0,4.0,1,191,2,187,0,0,0,0,0
155661,18,28,clinic,31719,79,6,DAY,1,660,497.0,6.0,2,177,175,0,0,0,0,0,0
155662,18,28,clinic,31719,79,6,DAY,1,660,497.0,0.0,2,90,89,0,1,1,0,1,1
155663,18,44,clinic,31719,79,6,DAY,1,660,497.0,6.0,2,150,148,0,0,0,0,0,0
155664,18,44,clinic,31719,79,6,DAY,1,660,497.0,0.0,2,153,151,0,0,0,0,0,0
155665,18,42,clinic,33838,85,17,DAY,1,580,350.0,5.0,3,10,10,0,0,0,0,0,0
155666,18,4,ehpad_rh,35908,93,6,DAY,1,600,400.0,0.0,1,5,0,5,0,0,0,0,0
155666,18,4,ehpad_rh,35908,93,6,DAY,1,600,400.0,0.0,2,224,4,215,0,0,0,0,0
155667,18,44,hea_hou,30438,76,6,DAY,1,660,440.0,1.0,2,175,174,0,0,0,0,0,0
155668,18,4,ehpad_rh,35915,93,6,DAY,1,660,456.0,5.0,1,224,219,0,1,1,1,0,0
155669,18,4,ehpad_rh,35915,93,6,DAY,1,660,524.0,6.0,2,11,10,0,1,1,0,1,1
155670,18,32,clinic,8576,25,14,NIGHT,1,720,468.0,5.0,0,1,0,0,1,1,0,1,0
155671,18,32,clinic,8576,25,14,NIGHT,1,720,468.0,5.0,0,1,0,0,1,1,0,1,0
155672,18,4,ssr,30438,76,6,DAY,1,675,490.0,4.0,1,121,118,0,2,1,1,1,0
155673,18,4,ssr,35918,93,6,DAY,2,660,384.0,5.0,4,164,160,0,0,0,0,0,0
155674,18,4,ssr,35918,93,6,DAY,1,660,442.0,6.0,0,148,147,0,0,0,0,0,0
155674,18,4,ssr,35918,93,6,DAY,1,660,442.0,6.0,4,2,1,0,1,1,1,0,0
155675,18,28,clinic,35806,92,6,DAY,1,660,443.0,0.0,0,130,127,0,1,1,0,0,0
155676,18,42,clinic,33838,85,17,DAY,1,580,350.0,3.0,3,13,13,0,0,0,0,0,0
155677,18,42,clinic,33838,85,17,DAY,1,580,350.0,5.0,3,15,15,0,0,0,0,0,0
155678,18,30,clinic,31750,79,6,NIGHT,1,720,511.0,3.0,1,47,0,47,0,0,0,0,0
155679,18,44,clinic,31750,79,6,NIGHT,1,720,511.0,3.0,1,155,0,155,0,0,0,0,0
155680,18,4,clinic,30438,76,6,DAY,1,660,418.0,4.0,3,1,0,0,1,1,0,1,0
155681,18,28,clinic,35806,92,6,DAY,1,660,443.0,0.0,3,162,159,0,1,1,0,1,0
155682,18,28,clinic,35806,92,6,DAY,1,660,385.0,1.0,3,155,153,0,1,1,0,1,1
155683,18,44,ssr,30438,76,6,DAY,1,675,490.0,4.0,1,1,0,0,1,1,0,1,0
155684,1,28,teleconsult,12904,34,14,DAY,1,420,630.0,2.0,1,1,0,0,1,1,0,1,0
155685,18,5,clinic,35933,93,6,DAY,1,660,396.0,4.0,1,6,0,6,0,0,0,0,0
155685,18,5,clinic,35933,93,6,DAY,1,660,396.0,4.0,2,21,0,21,0,0,0,0,0
155685,18,5,clinic,35933,93,6,DAY,1,660,396.0,4.0,3,160,5,153,0,0,0,0,0
155686,18,5,clinic,35933,93,6,DAY,1,660,396.0,6.0,3,22,22,0,0,0,0,0,0
155686,18,5,clinic,35933,93,6,DAY,1,660,396.0,6.0,4,151,148,0,0,0,0,0,0
155687,18,5,clinic,35933,93,6,DAY,2,660,396.0,1.0,3,15,15,0,0,0,0,0,0
155687,18,5,clinic,35933,93,6,DAY,2,660,396.0,1.0,4,167,164,0,0,0,0,0,0
155688,18,5,clinic,35933,93,6,DAY,1,660,418.0,0.0,2,16,16,0,0,0,0,0,0
155688,18,5,clinic,35933,93,6,DAY,1,660,418.0,0.0,3,174,171,0,0,0,0,0,0
155689,18,5,clinic,35933,93,6,DAY,1,660,418.0,0.0,4,170,167,0,0,0,0,0,0
155690,18,5,clinic,35933,93,6,NIGHT,1,660,481.0,1.0,3,178,174,0,1,1,1,0,0
155691,18,5,clinic,35933,93,6,NIGHT,1,660,481.0,1.0,4,178,174,0,1,1,1,0,0
155692,18,5,clinic,35933,93,6,NIGHT,1,660,481.0,2.0,4,179,174,0,2,1,2,0,0
155693,18,30,clinic,35933,93,6,DAY,1,660,440.0,3.0,4,43,42,0,0,0,0,0,0
155694,18,30,clinic,35933,93,6,DAY,1,660,440.0,4.0,4,43,42,0,0,0,0,0,0
155695,18,30,clinic,35933,93,6,DAY,1,660,440.0,1.0,0,32,31,0,0,0,0,0,0
155695,18,30,clinic,35933,93,6,DAY,1,660,440.0,1.0,4,6,6,0,0,0,0,0,0
155696,18,30,clinic,35933,93,6,DAY,1,660,440.0,2.0,0,31,31,0,0,0,0,0,0
155696,18,30,clinic,35933,93,6,DAY,1,660,440.0,2.0,4,5,5,0,0,0,0,0,0
155697,18,30,clinic,35933,93,6,NIGHT,1,660,506.0,4.0,4,45,44,0,0,0,0,0,0
155698,18,5,clinic,35933,93,6,DAY,1,660,396.0,6.0,0,147,145,0,0,0,0,0,0
155698,18,5,clinic,35933,93,6,DAY,1,660,396.0,6.0,4,4,4,0,0,0,0,0,0
155699,18,5,clinic,35933,93,6,DAY,1,660,396.0,3.0,0,145,142,0,0,0,0,0,0
155700,18,5,clinic,35933,93,6,DAY,1,660,396.0,4.0,0,144,141,0,0,0,0,0,0
155701,18,5,clinic,35933,93,6,DAY,1,660,396.0,4.0,0,141,139,0,0,0,0,0,0
155702,18,5,clinic,35933,93,6,DAY,1,660,396.0,6.0,0,129,126,0,0,0,0,0,0
155703,18,5,clinic,35933,93,6,DAY,1,660,396.0,1.0,0,125,123,0,0,0,0,0,0
155704,18,5,clinic,35933,93,6,DAY,1,660,396.0,2.0,0,122,120,0,0,0,0,0,0
155705,18,5,clinic,35933,93,6,DAY,1,660,396.0,3.0,0,120,118,0,0,0,0,0,0
155706,18,5,clinic,35933,93,6,DAY,1,660,455.0,0.0,0,128,126,0,1,1,0,1,0
155707,18,5,clinic,35933,93,6,DAY,1,660,455.0,0.0,0,118,116,0,1,1,0,1,0
155708,18,5,clinic,35933,93,6,NIGHT,1,660,455.0,2.0,0,100,99,0,1,1,1,0,0
155709,18,5,clinic,35933,93,6,NIGHT,1,660,455.0,3.0,0,120,118,0,2,1,2,0,0
155710,18,5,clinic,35933,93,6,NIGHT,1,660,455.0,4.0,0,50,49,0,1,1,0,1,0
155711,18,5,clinic,35933,93,6,NIGHT,1,660,455.0,3.0,0,50,49,0,1,1,0,1,0
155712,18,5,clinic,35933,93,6,NIGHT,1,660,455.0,4.0,0,50,49,0,1,1,0,1,0
155713,18,5,clinic,35933,93,6,DAY,1,660,418.0,5.0,0,151,149,0,0,0,0,0,0
155713,18,5,clinic,35933,93,6,DAY,1,660,418.0,5.0,4,8,8,0,0,0,0,0,0
155714,18,5,clinic,35933,93,6,DAY,1,660,418.0,6.0,0,147,145,0,0,0,0,0,0
155714,18,5,clinic,35933,93,6,DAY,1,660,418.0,6.0,4,4,4,0,0,0,0,0,0
155715,18,5,clinic,35933,93,6,DAY,1,660,418.0,6.0,0,121,119,0,1,1,0,1,0
155716,18,5,clinic,35933,93,6,DAY,1,660,418.0,6.0,0,104,103,0,1,1,0,1,0
155717,18,5,clinic,35933,93,6,DAY,1,660,481.0,0.0,0,141,139,0,1,1,1,0,0
155718,18,5,clinic,35933,93,6,DAY,1,660,481.0,0.0,0,118,117,0,0,0,0,0,0
155719,18,5,clinic,35933,93,6,NIGHT,1,660,481.0,6.0,0,141,138,0,1,1,1,0,0
155720,18,5,clinic,35933,93,6,NIGHT,1,660,481.0,3.0,0,149,146,0,0,0,0,0,0
155721,18,28,clinic,35933,93,6,DAY,1,660,396.0,1.0,0,139,137,0,1,1,0,1,0
155722,18,28,clinic,35933,93,6,NIGHT,1,660,481.0,4.0,0,100,98,0,1,1,0,1,0
155723,18,28,clinic,35933,93,6,NIGHT,1,660,481.0,4.0,0,100,99,0,1,1,0,1,0
155724,18,28,clinic,35933,93,6,NIGHT,1,660,455.0,6.0,0,148,146,0,1,1,0,1,0
155725,18,28,clinic,35933,93,6,NIGHT,1,660,455.0,0.0,0,80,79,0,1,1,0,1,0
155726,18,28,clinic,35933,93,6,NIGHT,1,660,455.0,3.0,0,30,29,0,1,1,0,1,0
155727,18,28,clinic,35933,93,6,NIGHT,1,660,455.0,4.0,0,80,79,0,1,1,0,1,0
155728,18,28,clinic,35933,93,6,NIGHT,1,660,455.0,1.0,0,30,29,0,1,1,0,1,0
155729,18,28,clinic,35933,93,6,NIGHT,1,660,455.0,2.0,0,30,29,0,1,1,0,1,0
155730,18,28,clinic,35933,93,6,NIGHT,1,660,455.0,5.0,0,30,29,0,1,1,0,1,0
155731,18,28,clinic,35933,93,6,NIGHT,1,660,455.0,6.0,0,136,134,0,1,1,1,0,0
155732,18,28,clinic,35933,93,6,NIGHT,1,660,455.0,0.0,0,30,29,0,1,1,0,1,0
155733,18,28,clinic,35933,93,6,NIGHT,1,660,455.0,3.0,0,30,29,0,1,1,0,1,0
155734,18,28,clinic,35933,93,6,NIGHT,1,660,455.0,4.0,0,50,49,0,1,1,0,1,0
155735,18,28,clinic,35933,93,6,NIGHT,1,660,455.0,5.0,0,30,29,0,1,1,0,1,0
155736,18,30,clinic,35933,93,6,NIGHT,1,660,506.0,6.0,0,28,27,0,1,1,0,1,0
155737,18,30,clinic,35933,93,6,DAY,1,660,440.0,5.0,0,38,37,0,0,0,0,0,0
155737,18,30,clinic,35933,93,6,DAY,1,660,440.0,5.0,4,2,2,0,0,0,0,0,0
155738,18,30,clinic,35933,93,6,DAY,1,660,440.0,6.0,0,36,35,0,0,0,0,0,0
155738,18,30,clinic,35933,93,6,DAY,1,660,440.0,6.0,4,1,1,0,0,0,0,0,0
155739,18,30,clinic,35933,93,6,DAY,1,660,440.0,1.0,0,38,37,0,0,0,0,0,0
155740,18,30,clinic,35933,93,6,DAY,1,660,440.0,3.0,0,39,38,0,0,0,0,0,0
155741,18,30,clinic,35933,93,6,DAY,1,660,440.0,6.0,0,37,36,0,0,0,0,0,0
155742,18,30,clinic,35933,93,6,DAY,1,660,440.0,1.0,0,35,34,0,0,0,0,0,0
155743,18,30,clinic,35933,93,6,DAY,1,660,440.0,3.0,0,35,34,0,0,0,0,0,0
155744,18,30,clinic,35933,93,6,DAY,1,660,440.0,5.0,0,37,36,0,0,0,0,0,0
155745,18,30,clinic,35933,93,6,DAY,1,660,440.0,6.0,0,35,34,0,0,0,0,0,0
155746,18,30,clinic,35933,93,6,DAY,1,660,440.0,1.0,0,36,35,0,0,0,0,0,0
155747,18,30,clinic,35933,93,6,DAY,1,660,440.0,5.0,0,34,33,0,0,0,0,0,0
155748,18,30,clinic,35933,93,6,DAY,1,660,440.0,6.0,0,33,32,0,0,0,0,0,0
155749,18,30,clinic,35933,93,6,DAY,1,660,440.0,3.0,0,30,29,0,0,0,0,0,0
155750,18,30,clinic,35933,93,6,DAY,1,660,440.0,5.0,0,32,31,0,0,0,0,0,0
155751,18,30,clinic,35933,93,6,DAY,1,660,506.0,0.0,0,36,35,0,0,0,0,0,0
155752,18,30,clinic,35933,93,6,DAY,1,660,506.0,0.0,0,36,35,0,0,0,0,0,0
155753,18,30,clinic,35933,93,6,DAY,1,660,506.0,0.0,0,35,34,0,0,0,0,0,0
155754,18,42,clinic,33838,85,17,DAY,1,420,257.0,5.0,1,13,0,13,0,0,0,0,0
155755,18,32,clinic,36025,96,6,DAY,1,570,323.0,4.0,1,149,2,145,0,0,0,0,0
155756,18,32,clinic,36025,96,6,DAY,1,570,323.0,5.0,1,140,1,138,0,0,0,0,0
155757,18,2,clinic,35950,94,6,DAY,1,700,443.0,2.0,4,116,113,0,1,1,0,1,0
155758,18,2,clinic,35950,94,6,DAY,1,700,443.0,3.0,4,124,121,0,1,1,0,1,0
155759,18,2,clinic,35950,94,6,DAY,1,540,361.0,4.0,4,120,116,0,2,1,1,1,0
155760,18,2,clinic,35950,94,6,DAY,1,540,361.0,5.0,4,120,117,0,2,1,1,1,0
155761,18,2,clinic,35950,94,6,DAY,1,620,418.0,3.0,1,7,1,6,0,0,0,0,0
155761,18,2,clinic,35950,94,6,DAY,1,620,418.0,3.0,2,139,1,136,0,0,0,0,0
155762,18,2,clinic,35950,94,6,DAY,1,620,418.0,5.0,2,6,6,0,0,0,0,0,0
155762,18,2,clinic,35950,94,6,DAY,1,620,418.0,5.0,3,139,137,0,0,0,0,0,0
155763,18,2,clinic,35950,94,6,DAY,1,620,418.0,1.0,2,5,5,0,0,0,0,0,0
155763,18,2,clinic,35950,94,6,DAY,1,620,418.0,1.0,3,146,142,0,0,0,0,0,0
155764,18,2,clinic,35950,94,6,DAY,1,620,418.0,2.0,2,4,4,0,0,0,0,0,0
155764,18,2,clinic,35950,94,6,DAY,1,620,418.0,2.0,3,152,149,0,0,0,0,0,0
155765,18,2,clinic,35950,94,6,DAY,1,620,418.0,4.0,3,141,138,0,0,0,0,0,0
155766,18,2,clinic,35950,94,6,DAY,1,620,418.0,5.0,3,16,15,0,0,0,0,0,0
155766,18,2,clinic,35950,94,6,DAY,1,620,418.0,5.0,4,124,122,0,0,0,0,0,0
155767,18,5,clinic,35933,93,6,NIGHT,1,660,481.0,6.0,2,15,15,0,0,0,0,0,0
155767,18,5,clinic,35933,93,6,NIGHT,1,660,481.0,6.0,3,183,179,0,0,0,0,0,0
155768,18,5,clinic,35933,93,6,NIGHT,1,660,481.0,0.0,3,1,0,0,1,1,0,1,0
155769,18,32,ssr,35918,93,6,DAY,1,660,384.0,3.0,2,170,170,0,0,0,0,0,0
155770,18,5,clinic,35938,94,6,DAY,1,570,437.0,6.0,2,188,187,0,1,1,0,1,0
155771,18,5,clinic,35938,94,6,DAY,1,570,437.0,0.0,2,150,149,0,1,1,1,0,0
155772,18,5,clinic,35938,94,6,DAY,1,570,380.0,4.0,1,201,199,0,1,1,1,0,0
155773,18,5,clinic,35938,94,6,DAY,1,570,380.0,5.0,1,195,2,192,0,0,0,0,0
155774,18,42,hospi,35958,94,6,NIGHT,1,600,402.0,3.0,1,207,0,207,0,0,0,0,0
155775,18,4,ssr,30438,76,6,DAY,1,675,490.0,5.0,1,206,205,0,1,1,0,1,0
155776,18,28,clinic,31750,79,6,DAY,1,660,456.0,5.0,1,164,163,0,0,0,0,0,0
155777,18,44,hea_hou,30438,76,6,DAY,1,660,440.0,1.0,2,60,59,0,1,1,0,1,1
155778,18,44,hea_hou,30438,76,6,DAY,1,660,552.0,0.0,4,100,99,0,1,1,1,0,0
155779,18,44,hea_hou,30438,76,6,DAY,2,660,440.0,5.0,4,152,150,0,0,0,0,0,0
155780,18,44,hea_hou,30438,76,6,DAY,1,660,440.0,6.0,4,146,144,0,0,0,0,0,0
155781,18,44,hea_hou,30438,76,6,DAY,2,660,440.0,4.0,4,148,146,0,0,0,0,0,0
155782,18,44,hea_hou,30438,76,6,DAY,1,660,440.0,1.0,4,100,99,0,1,1,1,0,0
155783,18,44,hea_hou,30438,76,6,DAY,1,660,440.0,4.0,4,148,146,0,0,0,0,0,0
155784,18,44,hea_hou,30438,76,6,DAY,1,660,440.0,4.0,0,130,127,0,1,1,1,0,0
155785,18,44,clinic,8576,25,14,DAY,1,720,408.0,3.0,0,49,1,0,0,0,0,0,0
155785,18,44,clinic,8576,25,14,DAY,1,720,408.0,3.0,4,5,0,0,0,0,0,0,0
155786,18,44,clinic,8576,25,14,DAY,1,720,408.0,4.0,0,51,0,0,0,0,0,0,0
155786,18,44,clinic,8576,25,14,DAY,1,720,408.0,4.0,4,5,0,0,0,0,0,0,0
155787,18,44,clinic,8576,25,14,DAY,1,720,408.0,5.0,0,45,0,0,0,0,0,0,0
155787,18,44,clinic,8576,25,14,DAY,1,720,408.0,5.0,4,4,0,0,0,0,0,0,0
155788,18,44,clinic,8576,25,14,DAY,1,720,468.0,0.0,0,44,40,0,0,0,0,0,0
155789,18,44,clinic,8576,25,14,DAY,1,600,340.0,5.0,0,45,0,0,0,0,0,0,0
155789,18,44,clinic,8576,25,14,DAY,1,600,340.0,5.0,4,4,0,0,0,0,0,0,0
155790,18,2,clinic,35950,94,6,DAY,1,700,443.0,1.0,2,134,132,0,1,1,0,1,1
155791,18,2,clinic,35950,94,6,DAY,1,700,443.0,1.0,4,116,114,0,1,1,0,1,0
155792,18,44,hea_hou,30438,76,6,DAY,1,660,440.0,4.0,4,148,146,0,0,0,0,0,0
155793,18,44,hea_hou,30438,76,6,DAY,1,660,440.0,2.0,4,153,151,0,0,0,0,0,0
155794,18,44,hea_hou,30438,76,6,DAY,1,660,440.0,1.0,4,155,152,0,1,1,1,0,0
155795,18,28,ssr,12591,34,14,DAY,1,700,396.0,5.0,1,46,0,46,0,0,0,0,0
155796,18,5,clinic,30438,76,6,DAY,1,675,416.0,6.0,1,198,2,194,0,0,0,0,0
155797,18,44,clinic,31750,79,6,NIGHT,1,660,469.0,1.0,1,1,0,0,1,1,0,1,0
155798,18,11,labo,35926,93,6,DAY,1,240,180.0,5.0,3,1,0,0,1,1,1,0,0
155799,18,5,clinic,30438,76,6,DAY,1,675,416.0,3.0,1,8,1,7,0,0,0,0,0
155799,18,5,clinic,30438,76,6,DAY,1,675,416.0,3.0,2,199,0,198,0,0,0,0,0
155800,18,30,clinic,31750,79,6,NIGHT,1,660,469.0,5.0,1,46,0,46,0,0,0,0,0
155801,18,30,clinic,31750,79,6,NIGHT,1,660,469.0,6.0,2,47,0,47,0,0,0,0,0
155802,18,30,clinic,31750,79,6,NIGHT,1,660,469.0,0.0,2,50,0,50,0,0,0,0,0
155803,18,30,clinic,31750,79,6,NIGHT,1,660,469.0,1.0,2,49,49,0,0,0,0,0,0
155804,18,28,clinic,31750,79,6,DAY,1,660,456.0,5.0,1,165,1,163,0,0,0,0,0
155805,18,28,clinic,31750,79,6,NIGHT,1,660,524.0,1.0,2,179,177,0,1,1,1,0,0
155806,18,28,clinic,31750,79,6,DAY,1,660,524.0,6.0,1,163,161,0,1,1,1,0,0
155807,18,44,clinic,31750,79,6,NIGHT,1,660,469.0,3.0,2,156,154,0,0,0,0,0,0
155808,18,44,clinic,31750,79,6,DAY,1,660,469.0,6.0,1,140,2,137,0,0,0,0,0
155809,18,44,clinic,31750,79,6,DAY,1,660,469.0,0.0,1,5,0,5,0,0,0,0,0
155809,18,44,clinic,31750,79,6,DAY,1,660,469.0,0.0,2,139,2,136,0,0,0,0,0
155810,18,44,clinic,31719,79,6,DAY,1,660,497.0,6.0,1,155,2,152,0,0,0,0,0
155811,18,44,clinic,31719,79,6,DAY,1,660,497.0,0.0,2,30,29,0,1,1,0,1,0
155812,18,28,clinic,31719,79,6,DAY,1,660,432.0,3.0,2,176,175,0,0,0,0,0,0
155813,18,9,clinic,31719,79,6,DAY,1,660,432.0,3.0,2,96,96,0,0,0,0,0,0
155814,18,11,labo,35926,93,6,DAY,1,360,270.0,4.0,2,1,0,0,1,1,0,1,0
155815,18,11,labo,35926,93,6,DAY,1,360,270.0,5.0,3,1,0,0,1,1,0,1,0
155816,18,11,labo,35926,93,6,DAY,1,360,270.0,1.0,3,1,0,0,1,1,0,1,0
155817,18,11,labo,35926,93,6,DAY,1,360,270.0,2.0,3,1,0,0,1,1,0,1,0
155818,18,11,labo,35926,93,6,DAY,1,360,270.0,3.0,3,1,0,0,1,1,0,1,0
155819,18,11,labo,35926,93,6,DAY,1,360,270.0,4.0,3,1,0,0,1,1,0,1,0
155820,18,11,labo,35926,93,6,DAY,1,360,270.0,5.0,3,1,0,0,1,1,0,1,0
155821,18,11,labo,35926,93,6,DAY,1,360,270.0,1.0,4,1,0,0,1,1,0,1,0
155822,18,11,labo,35926,93,6,DAY,1,360,270.0,2.0,4,1,0,0,1,1,0,1,0
155823,18,11,labo,35926,93,6,DAY,1,360,270.0,3.0,4,1,0,0,1,1,0,1,0
155824,18,11,labo,35926,93,6,DAY,1,360,270.0,4.0,4,1,0,0,1,1,0,1,0
155825,18,11,labo,35926,93,6,DAY,1,360,270.0,5.0,4,1,0,0,1,1,0,1,0
155826,18,11,labo,35926,93,6,DAY,1,360,270.0,5.0,0,1,0,0,1,1,0,1,0
155827,18,11,labo,35926,93,6,DAY,1,240,180.0,6.0,3,1,0,0,1,1,0,1,1
155828,18,9,hospi,36059,96,6,NIGHT,1,700,468.0,4.0,1,87,0,87,0,0,0,0,0
155829,18,9,hospi,36059,96,6,NIGHT,1,700,468.0,6.0,2,85,84,0,0,0,0,0,0
155830,18,9,hospi,36059,96,6,NIGHT,1,700,468.0,0.0,2,85,84,0,0,0,0,0,0
155831,18,9,hospi,36059,96,6,NIGHT,1,700,468.0,1.0,2,84,84,0,0,0,0,0,0
155832,18,4,clinic,30438,76,6,DAY,1,660,418.0,4.0,3,1,0,0,1,1,0,1,0
155833,18,4,clinic,30438,76,6,DAY,1,660,418.0,2.0,4,1,0,0,1,1,0,1,0
155834,18,4,clinic,30438,76,6,DAY,1,660,418.0,2.0,4,1,0,0,1,1,0,1,0
155835,18,4,clinic,30438,76,6,DAY,1,660,418.0,1.0,0,1,0,0,1,1,0,1,0
155836,18,4,clinic,30438,76,6,DAY,1,660,418.0,2.0,0,1,0,0,1,1,0,1,0
155837,18,4,clinic,30438,76,6,DAY,1,660,418.0,5.0,0,1,0,0,1,1,0,1,0
155838,18,4,clinic,30438,76,6,DAY,1,660,418.0,2.0,0,1,0,0,1,1,0,1,0
155839,18,4,clinic,30438,76,6,DAY,1,660,418.0,3.0,0,1,0,0,1,1,0,1,0
155840,18,4,clinic,30438,76,6,DAY,1,660,418.0,4.0,0,1,0,0,1,1,0,1,0
155841,18,4,clinic,30438,76,6,DAY,1,660,418.0,1.0,0,1,0,0,1,1,0,1,0
155842,18,4,clinic,30438,76,6,DAY,1,660,418.0,2.0,0,1,0,0,1,1,0,1,0
155843,18,4,clinic,30438,76,6,DAY,1,660,418.0,1.0,0,1,0,0,1,1,0,1,0
155844,18,4,clinic,30438,76,6,DAY,1,660,418.0,2.0,0,1,0,0,1,1,0,1,0
155845,18,28,clinic,31750,79,6,NIGHT,1,660,524.0,4.0,1,1,0,0,1,1,0,1,0
155846,18,4,clinic,30438,76,6,DAY,1,660,418.0,1.0,4,1,0,0,1,1,0,1,0
155848,18,28,clinic,31719,79,6,DAY,1,660,497.0,6.0,1,121,120,0,1,1,0,1,1
155849,18,28,clinic,31719,79,6,DAY,1,660,497.0,0.0,1,7,0,7,0,0,0,0,0
155849,18,28,clinic,31719,79,6,DAY,1,660,497.0,0.0,2,178,1,176,0,0,0,0,0
155850,18,4,clinic,30438,76,6,DAY,1,660,418.0,1.0,2,1,0,0,1,1,0,1,0
155851,18,4,ehpad_rh,35915,93,6,DAY,1,660,456.0,5.0,1,1,0,0,1,1,0,1,0
155852,18,4,ehpad_rh,35915,93,6,DAY,1,660,456.0,3.0,2,1,0,0,1,1,0,1,0
155853,18,4,ehpad_rh,35915,93,6,DAY,1,660,524.0,6.0,1,1,0,0,1,1,0,1,0
155854,18,4,ehpad_rh,35915,93,6,DAY,1,660,524.0,0.0,2,1,0,0,1,1,0,1,0
155855,18,32,ssr,35918,93,6,NIGHT,1,660,460.0,6.0,4,10,10,0,0,0,0,0,0
155856,18,32,ssr,35918,93,6,NIGHT,1,660,460.0,2.0,3,1,0,0,1,1,0,1,1
155857,18,28,clinic,31750,79,6,DAY,1,660,456.0,1.0,2,1,0,0,1,1,0,1,0
155858,18,4,ehpad_rh,31701,79,6,DAY,1,240,152.0,5.0,4,146,144,0,0,0,0,0,0
155859,18,5,clinic,30438,76,6,DAY,1,660,418.0,5.0,2,50,49,0,1,1,0,1,0
155859,18,5,clinic,30438,76,6,DAY,1,660,418.0,5.0,3,130,129,0,0,0,0,0,0
155860,18,28,clinic,35933,93,6,NIGHT,1,660,455.0,6.0,0,143,141,0,1,1,0,1,0
155861,18,4,ehpad_rh,35841,92,6,DAY,1,600,400.0,6.0,1,150,149,0,0,0,0,0,0
155862,18,28,clinic,35806,92,6,DAY,1,660,385.0,1.0,1,2,0,2,0,0,0,0,0
155862,18,28,clinic,35806,92,6,DAY,1,660,385.0,1.0,2,18,1,16,0,0,0,0,0
155862,18,28,clinic,35806,92,6,DAY,1,660,385.0,1.0,3,166,3,157,0,0,0,0,0
155863,18,28,clinic,35806,92,6,NIGHT,1,660,443.0,4.0,3,1,0,0,1,1,0,1,0
155864,18,28,clinic,35806,92,6,NIGHT,1,660,443.0,0.0,3,1,0,0,1,1,0,1,0
155865,18,44,clinic,31750,79,6,NIGHT,1,660,469.0,5.0,1,150,0,150,0,0,0,0,0
155866,18,28,clinic,35806,92,6,NIGHT,1,660,443.0,6.0,3,76,75,0,1,1,0,1,0
155866,18,28,clinic,35806,92,6,NIGHT,1,660,443.0,6.0,4,100,97,0,0,0,0,0,0
155867,18,5,clinic,31750,79,6,DAY,1,660,408.0,2.0,1,1,1,0,0,0,0,0,0
155867,18,5,clinic,31750,79,6,DAY,1,660,408.0,2.0,2,153,151,0,0,0,0,0,0
155868,18,28,clinic,31719,79,6,DAY,1,660,432.0,5.0,2,176,173,0,0,0,0,0,0
155869,18,28,clinic,31719,79,6,DAY,1,660,497.0,6.0,1,180,1,178,0,0,0,0,0
155870,18,4,ehpad_rh,31701,79,6,DAY,1,240,152.0,1.0,3,130,126,0,1,1,0,1,0
155871,18,4,ehpad_rh,31701,79,6,DAY,1,240,152.0,5.0,4,60,58,0,1,1,0,1,0
155873,18,28,other_ms,35981,95,6,DAY,1,580,380.0,1.0,2,70,69,0,1,1,0,1,0
155874,18,28,other_ms,35981,95,6,DAY,1,580,380.0,2.0,2,70,69,0,1,1,0,1,0
155875,18,32,hospi,35941,94,6,DAY,1,450,262.0,2.0,0,151,147,0,1,1,0,1,1
155876,18,4,hospi,35941,94,6,DAY,1,450,262.0,5.0,4,162,160,0,0,0,0,0,0
155876,18,4,hospi,35941,94,6,DAY,1,720,420.0,5.0,4,14,13,0,1,1,0,1,1
155877,18,32,ssr,35918,93,6,DAY,1,660,442.0,0.0,4,1,0,0,1,1,0,1,1
155878,18,28,other_ms,35981,95,6,DAY,1,580,380.0,4.0,2,60,59,0,1,1,0,1,0
155879,18,28,other_ms,35981,95,6,DAY,1,580,380.0,4.0,3,20,19,0,1,1,0,1,0
155880,18,28,other_ms,35981,95,6,DAY,1,580,380.0,5.0,3,130,129,0,1,1,0,1,1
155881,18,28,other_ms,35981,95,6,DAY,1,580,380.0,2.0,4,50,49,0,1,1,0,1,0
155882,18,28,other_ms,35981,95,6,DAY,1,580,380.0,4.0,4,130,129,0,1,1,0,1,1
155883,18,28,other_ms,35981,95,6,DAY,1,580,380.0,5.0,4,130,129,0,1,1,0,1,1
155884,18,28,other_ms,35981,95,6,DAY,1,580,380.0,2.0,0,20,19,0,1,1,0,1,0
155885,18,28,other_ms,35981,95,6,DAY,1,580,380.0,6.0,4,167,165,0,1,1,0,1,1
155886,18,28,other_ms,35981,95,6,DAY,1,580,437.0,0.0,4,150,149,0,1,1,0,1,1
155887,18,9,hospi,36059,96,6,DAY,1,700,408.0,3.0,1,3,0,3,0,0,0,0,0
155887,18,9,hospi,36059,96,6,DAY,1,700,408.0,3.0,2,80,0,80,0,0,0,0,0
155888,18,9,hospi,36059,96,6,DAY,1,700,408.0,4.0,1,2,0,2,0,0,0,0,0
155888,18,9,hospi,36059,96,6,DAY,1,700,408.0,4.0,2,80,2,78,0,0,0,0,0
155889,18,9,hospi,36059,96,6,DAY,1,700,408.0,2.0,2,8,1,7,0,0,0,0,0
155889,18,9,hospi,36059,96,6,DAY,1,700,408.0,2.0,3,79,1,77,0,0,0,0,0
155890,18,9,hospi,36059,96,6,DAY,1,700,408.0,4.0,2,4,4,0,0,0,0,0,0
155890,18,9,hospi,36059,96,6,DAY,1,700,408.0,4.0,3,77,75,0,1,1,1,0,0
155891,18,9,hospi,36059,96,6,DAY,1,700,408.0,3.0,3,8,0,0,0,0,0,0,0
155891,18,9,hospi,36059,96,6,DAY,1,700,408.0,3.0,4,69,0,0,0,0,0,0,0
155892,18,9,hospi,36059,96,6,DAY,1,700,408.0,2.0,4,80,1,0,0,0,0,0,0
155893,18,9,hospi,36059,96,6,DAY,1,700,408.0,3.0,4,78,1,0,0,0,0,0,0
155894,18,9,hospi,36059,96,6,DAY,1,700,408.0,6.0,4,75,73,0,1,1,1,0,0
155895,18,9,hospi,36059,96,6,DAY,1,700,408.0,2.0,0,65,1,0,0,0,0,0,0
155895,18,9,hospi,36059,96,6,DAY,1,700,408.0,2.0,4,10,0,0,0,0,0,0,0
155896,18,9,hospi,36059,96,6,DAY,2,700,408.0,1.0,1,1,0,1,0,0,0,0,0
155896,18,9,hospi,36059,96,6,DAY,2,700,408.0,1.0,2,6,1,5,0,0,0,0,0
155896,18,9,hospi,36059,96,6,DAY,2,700,408.0,1.0,3,74,1,73,0,0,0,0,0
155897,18,9,hospi,36059,96,6,DAY,2,700,408.0,6.0,2,1,0,0,0,0,0,0,0
155897,18,9,hospi,36059,96,6,DAY,2,700,408.0,6.0,3,78,1,0,1,1,0,1,1
155898,18,9,hospi,36059,96,6,DAY,2,700,408.0,4.0,3,8,0,0,0,0,0,0,0
155898,18,9,hospi,36059,96,6,DAY,2,700,408.0,4.0,4,72,1,0,0,0,0,0,0
155899,18,9,hospi,36059,96,6,DAY,2,700,408.0,5.0,3,5,1,0,0,0,0,0,0
155899,18,9,hospi,36059,96,6,DAY,2,700,408.0,5.0,4,73,1,0,0,0,0,0,0
155900,18,9,hospi,36059,96,6,DAY,2,700,408.0,1.0,4,77,1,0,0,0,0,0,0
155901,18,9,hospi,36059,96,6,NIGHT,1,700,468.0,0.0,1,1,0,1,0,0,0,0,0
155901,18,9,hospi,36059,96,6,NIGHT,1,700,468.0,0.0,2,85,2,83,0,0,0,0,0
155902,18,4,ehpad_rh,35915,93,6,DAY,1,660,524.0,6.0,1,1,0,0,1,1,0,1,0
155903,18,44,hea_hou,30438,76,6,DAY,1,660,440.0,5.0,2,169,166,0,1,1,0,1,1
155904,18,44,hea_hou,30438,76,6,NIGHT,1,640,536.0,3.0,4,30,29,0,1,1,1,0,0
155905,18,44,hea_hou,30438,76,6,DAY,1,660,440.0,5.0,4,167,164,0,0,0,0,0,0
155906,18,44,hea_hou,30438,76,6,NIGHT,1,640,536.0,5.0,4,20,19,0,1,1,1,0,0
155907,18,29,clinic,33838,85,17,DAY,1,420,257.0,1.0,2,10,9,0,1,1,1,0,0
155908,18,28,clinic,31750,79,6,DAY,1,660,524.0,0.0,1,90,89,0,1,1,0,1,0
155909,18,42,hospi,35958,94,6,DAY,1,450,262.0,1.0,2,7,7,0,0,0,0,0,0
155909,18,42,hospi,35958,94,6,DAY,1,450,262.0,1.0,3,173,169,0,0,0,0,0,0
155910,18,5,clinic,30438,76,6,DAY,1,660,418.0,4.0,2,1,0,0,1,1,0,1,0
155911,18,5,clinic,30438,76,6,DAY,1,660,418.0,2.0,0,1,0,0,1,1,0,1,0
155912,18,5,clinic,30438,76,6,DAY,1,660,418.0,3.0,0,1,0,0,1,1,0,1,0
155913,18,5,clinic,30438,76,6,DAY,1,660,418.0,2.0,0,1,0,0,1,1,0,1,0
155914,18,5,clinic,30438,76,6,DAY,1,660,418.0,3.0,0,1,0,0,1,1,0,1,0
155915,18,5,clinic,30438,76,6,DAY,1,660,418.0,4.0,0,1,0,0,1,1,0,1,0
155916,18,5,clinic,30438,76,6,DAY,1,660,418.0,5.0,0,1,0,0,1,1,0,1,0
155917,18,5,clinic,8576,25,14,NIGHT,1,720,468.0,5.0,0,1,0,0,1,1,0,1,0
155918,18,29,clinic,33838,85,17,DAY,1,480,292.0,5.0,2,9,9,0,0,0,0,0,0
155919,18,29,clinic,33838,85,17,DAY,1,525,318.0,2.0,3,9,9,0,0,0,0,0,0
155920,18,29,clinic,33838,85,17,DAY,1,420,257.0,1.0,2,13,0,12,0,0,0,0,0
155921,18,29,clinic,33838,85,17,DAY,1,420,257.0,2.0,2,12,12,0,0,0,0,0,0
155922,18,42,clinic,33838,85,17,DAY,1,580,350.0,1.0,2,17,16,0,0,0,0,0,0
155924,18,4,ssr,30438,76,6,NIGHT,1,645,490.0,5.0,1,60,0,60,0,0,0,0,0
155925,18,44,hea_hou,30438,76,6,DAY,1,660,440.0,6.0,1,1,0,0,1,1,0,1,0
155926,18,28,clinic,31750,79,6,NIGHT,1,660,524.0,0.0,2,1,0,0,1,1,0,1,0
155927,18,44,clinic,36000,95,6,DAY,1,660,460.0,0.0,1,183,0,181,0,0,0,0,0
155928,18,42,hospi,35958,94,6,NIGHT,1,720,483.0,1.0,4,1,0,0,1,1,0,1,0
155929,18,42,hospi,35958,94,6,NIGHT,1,720,483.0,0.0,0,1,0,0,1,1,0,1,0
155930,18,32,clinic,35914,93,6,DAY,1,600,380.0,4.0,2,1,0,0,1,1,0,1,0
155931,18,32,clinic,35914,93,6,DAY,1,600,380.0,3.0,3,1,0,0,1,1,0,1,0
155932,18,32,clinic,35914,93,6,DAY,1,600,380.0,4.0,3,1,0,0,1,1,0,1,0
155933,18,32,clinic,35914,93,6,DAY,1,600,380.0,1.0,4,1,0,0,1,1,0,1,0
155934,18,32,clinic,35914,93,6,DAY,1,600,380.0,2.0,4,1,0,0,1,1,0,1,0
155935,18,32,clinic,35914,93,6,DAY,1,600,380.0,3.0,4,1,0,0,1,1,0,1,0
155936,18,32,clinic,35914,93,6,DAY,1,600,450.0,6.0,3,1,0,0,1,1,0,1,0
155937,18,32,clinic,35914,93,6,DAY,1,600,450.0,0.0,3,1,0,0,1,1,0,1,0
155938,18,32,clinic,35914,93,6,DAY,1,600,450.0,6.0,3,1,0,0,1,1,0,1,0
155939,18,32,clinic,35914,93,6,DAY,1,600,450.0,0.0,4,1,0,0,1,1,0,1,0
155940,18,32,hospi,35941,94,6,DAY,1,720,420.0,3.0,4,1,0,0,1,1,0,1,0
155941,18,4,clinic,30438,76,6,DAY,1,660,418.0,4.0,4,1,0,0,1,1,0,1,0
155942,18,28,clinic,31719,79,6,DAY,1,660,497.0,6.0,3,161,159,0,1,1,0,1,0
155943,18,28,clinic,31719,79,6,DAY,1,660,497.0,6.0,4,155,153,0,1,1,0,1,0
155944,18,28,clinic,31719,79,6,DAY,1,660,432.0,2.0,2,184,182,0,1,1,0,1,0
155945,18,44,clinic,31856,79,6,NIGHT,1,690,460.0,4.0,2,157,156,0,1,1,1,0,0
155946,18,4,clinic,31856,79,6,NIGHT,1,690,460.0,5.0,2,150,149,0,1,1,1,0,0
155947,18,28,clinic,31750,79,6,DAY,1,540,437.0,6.0,1,163,0,163,0,0,0,0,0
155948,18,28,clinic,31750,79,6,DAY,1,480,393.0,6.0,1,163,0,163,0,0,0,0,0
155949,18,4,clinic,30438,76,6,DAY,1,660,418.0,2.0,3,202,200,0,1,1,0,1,1
155950,18,4,clinic,30438,76,6,DAY,1,660,418.0,4.0,4,180,177,0,1,1,0,1,0
155951,18,4,clinic,30438,76,6,DAY,1,660,418.0,3.0,4,185,182,0,1,1,1,0,0
155952,18,4,clinic,30438,76,6,DAY,1,660,418.0,3.0,4,185,183,0,1,1,0,1,0
155953,18,4,clinic,30438,76,6,DAY,1,660,418.0,2.0,4,184,182,0,1,1,0,1,0
155954,18,4,clinic,30438,76,6,DAY,1,660,418.0,2.0,4,187,185,0,0,0,0,0,0
155955,18,2,clinic,30438,76,6,DAY,1,660,480.0,0.0,4,100,99,0,1,1,1,0,0
155956,18,2,clinic,30438,76,6,DAY,1,660,480.0,6.0,4,100,99,0,1,1,0,1,0
155957,18,32,ssr,35918,93,6,DAY,1,660,442.0,0.0,2,2,2,0,0,0,0,0,0
155957,18,32,ssr,35918,93,6,DAY,1,660,442.0,0.0,3,175,174,0,0,0,0,0,0
155958,18,32,ssr,35918,93,6,DAY,1,660,384.0,5.0,3,1,0,0,1,1,0,1,0
155959,18,4,clinic,31856,79,6,NIGHT,1,690,460.0,4.0,2,140,139,0,1,1,1,0,0
155960,18,28,clinic,35806,92,6,NIGHT,1,660,443.0,5.0,1,5,0,5,0,0,0,0,0
155960,18,28,clinic,35806,92,6,NIGHT,1,660,443.0,5.0,2,183,1,178,0,0,0,0,0
155961,18,44,clinic,31750,79,6,DAY,1,660,469.0,0.0,4,112,110,0,0,0,0,0,0
155962,18,4,ssr,33680,84,17,DAY,1,210,158.0,1.0,1,26,0,25,0,0,0,0,0
155963,18,9,clinic,35806,92,6,DAY,1,660,443.0,0.0,1,80,0,80,0,0,0,0,0
155964,18,5,clinic,35806,92,6,DAY,1,660,443.0,0.0,1,155,0,154,0,0,0,0,0
155965,18,28,clinic,35806,92,6,NIGHT,1,660,443.0,0.0,4,172,167,0,1,1,1,0,0
155966,18,2,clinic,30438,76,6,DAY,1,660,418.0,1.0,1,151,1,148,0,0,0,0,0
155967,18,2,clinic,30438,76,6,DAY,1,660,418.0,3.0,2,148,147,0,0,0,0,0,0
155968,18,28,clinic,31750,79,6,NIGHT,1,660,524.0,6.0,1,1,0,0,1,1,0,1,0
155969,18,28,clinic,31750,79,6,NIGHT,1,660,524.0,0.0,1,60,59,0,1,1,1,0,0
155970,18,28,clinic,31750,79,6,DAY,1,660,524.0,6.0,2,10,9,0,1,1,0,1,0
155971,18,28,clinic,31750,79,6,DAY,1,660,524.0,0.0,2,120,118,0,1,1,0,1,0
155972,18,28,clinic,31750,79,6,DAY,1,660,456.0,1.0,1,160,158,0,1,1,0,1,0
155973,18,28,clinic,31750,79,6,DAY,1,660,456.0,2.0,1,166,164,0,0,0,0,0,0
155974,18,28,clinic,31750,79,6,DAY,1,660,456.0,5.0,2,156,154,0,0,0,0,0,0
155975,18,32,clinic,4427,13,17,NIGHT,1,660,481.0,0.0,1,39,0,37,0,0,0,0,0
155976,18,9,clinic,31719,79,6,DAY,1,660,432.0,2.0,1,30,29,0,1,1,0,1,0
155977,18,28,clinic,31719,79,6,DAY,1,660,432.0,4.0,2,50,50,0,0,0,0,0,0
155978,18,28,clinic,31719,79,6,DAY,1,660,432.0,5.0,3,50,50,0,0,0,0,0,0
155979,18,44,hea_hou,30438,76,6,NIGHT,1,640,536.0,1.0,1,201,200,0,1,1,0,1,0
155980,18,4,ssr,35918,93,6,NIGHT,1,660,460.0,2.0,1,209,207,0,2,1,2,0,0
155981,18,4,ssr,35918,93,6,NIGHT,1,660,460.0,3.0,2,150,149,0,1,1,1,0,0
155982,18,32,ssr,35918,93,6,DAY,1,660,384.0,1.0,2,185,180,0,0,0,0,0,0
155983,18,32,ssr,35918,93,6,DAY,1,660,384.0,2.0,2,5,5,0,0,0,0,0,0
155983,18,32,ssr,35918,93,6,DAY,1,660,384.0,2.0,3,192,187,0,0,0,0,0,0
155984,18,32,ssr,35918,93,6,DAY,1,660,384.0,3.0,3,186,182,0,1,1,0,1,0
155985,18,32,ssr,35918,93,6,DAY,1,660,384.0,4.0,3,180,176,0,1,1,0,1,0
155986,18,32,ssr,35918,93,6,DAY,1,660,384.0,1.0,4,175,171,0,0,0,0,0,0
155987,18,32,ssr,35918,93,6,DAY,1,660,384.0,3.0,4,110,107,0,1,1,0,1,0
155988,18,32,ssr,35918,93,6,DAY,1,660,384.0,2.0,4,90,88,0,1,1,0,1,0
155989,18,32,ssr,35918,93,6,DAY,2,660,384.0,5.0,3,178,173,0,2,2,2,0,0
155990,18,4,ssr,35918,93,6,DAY,1,660,384.0,4.0,3,179,175,0,0,0,0,0,0
155991,18,4,ssr,35918,93,6,DAY,1,660,384.0,1.0,3,173,169,0,0,0,0,0,0
155992,18,4,ssr,35918,93,6,DAY,1,660,384.0,1.0,4,173,169,0,0,0,0,0,0
155993,18,4,ssr,35918,93,6,DAY,1,660,384.0,1.0,4,166,161,0,0,0,0,0,0
155994,18,19,clinic,31856,79,6,NIGHT,1,690,460.0,4.0,2,70,69,0,1,1,1,0,0
155995,18,4,clinic,31856,79,6,NIGHT,1,690,460.0,5.0,2,182,178,0,2,1,2,0,0
155996,18,32,clinic,4427,13,17,DAY,1,255,162.0,1.0,1,30,30,0,0,0,0,0,0
155997,18,4,clinic,31856,79,6,NIGHT,1,690,460.0,4.0,2,186,183,0,2,1,1,1,0
155998,18,2,clinic,35938,94,6,NIGHT,1,690,529.0,1.0,1,163,1,162,0,0,0,0,0
155999,18,29,clinic,33838,85,17,DAY,1,480,292.0,5.0,2,9,9,0,0,0,0,0,0
156000,18,44,hea_hou,30438,76,6,DAY,1,660,440.0,5.0,2,1,0,0,1,1,0,1,0
156001,1,28,teleconsult,12904,34,14,DAY,1,420,630.0,1.0,1,1,0,0,1,1,0,1,0
156002,1,28,teleconsult,12904,34,14,DAY,1,420,630.0,4.0,1,1,0,0,1,1,0,1,0
156003,1,28,teleconsult,12904,34,14,DAY,1,420,630.0,1.0,1,1,0,0,1,1,0,1,0
156004,18,2,clinic,35950,94,6,DAY,1,440,304.0,1.0,3,122,119,0,0,0,0,0,0
156005,18,2,clinic,35950,94,6,DAY,1,440,304.0,2.0,3,122,120,0,0,0,0,0,0
156006,18,2,clinic,35950,94,6,DAY,1,440,304.0,3.0,3,15,0,0,0,0,0,0,0
156006,18,2,clinic,35950,94,6,DAY,1,440,304.0,3.0,4,118,1,0,0,0,0,0,0
156007,18,2,clinic,35950,94,6,DAY,1,440,304.0,4.0,4,124,122,0,0,0,0,0,0
156008,18,2,clinic,35950,94,6,DAY,1,440,304.0,5.0,4,122,120,0,0,0,0,0,0
156009,1,28,teleconsult,12904,34,14,DAY,1,240,360.0,2.0,1,1,0,0,1,1,0,1,0
156010,1,28,teleconsult,12904,34,14,DAY,1,240,360.0,2.0,1,1,0,0,1,1,0,1,0
156011,1,28,teleconsult,12904,34,14,DAY,1,240,360.0,4.0,1,1,0,0,1,1,0,1,0
156012,1,28,teleconsult,12904,34,14,DAY,1,435,653.0,1.0,1,1,0,0,1,1,0,1,0
156013,1,28,teleconsult,12904,34,14,DAY,1,360,540.0,2.0,1,1,0,0,1,1,0,1,0
156014,18,44,hea_hou,30438,76,6,DAY,1,660,440.0,3.0,1,1,0,0,1,1,0,1,1
156015,286,45,clinic,36000,95,6,DAY,1,660,400.0,1.0,3,1,0,0,0,0,0,0,0
156016,18,4,ehpad_rh,31701,79,6,DAY,1,540,342.0,6.0,4,100,98,0,1,1,0,1,0
156017,18,4,ehpad_rh,31701,79,6,DAY,1,660,418.0,6.0,2,20,20,0,0,0,0,0,0
156018,18,42,clinic,33838,85,17,DAY,1,420,257.0,5.0,2,15,15,0,0,0,0,0,0
156019,18,4,ssr,30438,76,6,DAY,1,675,490.0,5.0,2,60,59,0,1,1,1,0,0
156020,18,4,ssr,30438,76,6,DAY,1,675,490.0,1.0,2,1,0,0,1,1,0,1,1
156021,18,32,clinic,36025,96,6,DAY,1,660,374.0,6.0,2,1,0,0,1,1,0,1,0
156022,18,9,clinic,31750,79,6,DAY,1,660,408.0,1.0,3,80,80,0,0,0,0,0,0
156023,18,9,clinic,31750,79,6,DAY,1,660,408.0,2.0,3,81,80,0,0,0,0,0,0
156024,18,9,clinic,31750,79,6,DAY,1,660,408.0,1.0,4,72,71,0,0,0,0,0,0
156025,18,9,clinic,31750,79,6,NIGHT,1,660,469.0,5.0,2,93,92,0,0,0,0,0,0
156026,18,9,clinic,31750,79,6,NIGHT,1,660,469.0,0.0,4,80,80,0,0,0,0,0,0
156027,18,9,clinic,31750,79,6,NIGHT,1,660,469.0,2.0,4,78,78,0,0,0,0,0,0
156028,18,9,clinic,31750,79,6,NIGHT,1,660,469.0,4.0,0,77,75,0,0,0,0,0,0
156028,18,9,clinic,31750,79,6,NIGHT,1,660,469.0,4.0,4,1,1,0,0,0,0,0,0
156029,18,5,clinic,31750,79,6,DAY,1,660,408.0,4.0,3,2,2,0,0,0,0,0,0
156029,18,5,clinic,31750,79,6,DAY,1,660,408.0,4.0,4,128,126,0,0,0,0,0,0
156030,18,44,clinic,31750,79,6,NIGHT,1,660,469.0,2.0,1,60,59,0,1,0,1,0,0
156031,18,44,clinic,31750,79,6,NIGHT,1,660,469.0,4.0,1,1,1,0,0,0,0,0,0
156031,18,44,clinic,31750,79,6,NIGHT,1,660,469.0,4.0,2,145,141,0,1,0,1,0,0
156032,18,44,clinic,31750,79,6,NIGHT,1,660,469.0,6.0,2,141,138,0,0,0,0,0,0
156033,18,44,clinic,31750,79,6,NIGHT,1,660,469.0,1.0,3,31,30,0,1,1,0,1,0
156034,18,44,clinic,31750,79,6,NIGHT,1,660,469.0,3.0,3,20,19,0,1,1,0,1,0
156035,18,44,clinic,31750,79,6,NIGHT,1,660,469.0,6.0,3,132,130,0,0,0,0,0,0
156036,18,44,clinic,31750,79,6,NIGHT,1,660,469.0,3.0,3,1,1,0,0,0,0,0,0
156036,18,44,clinic,31750,79,6,NIGHT,1,660,469.0,3.0,4,133,132,0,0,0,0,0,0
156037,18,44,clinic,31750,79,6,NIGHT,1,660,469.0,4.0,4,130,127,0,1,1,0,1,0
156038,18,44,clinic,31750,79,6,NIGHT,1,660,469.0,6.0,4,130,128,0,0,0,0,0,0
156039,18,44,clinic,31750,79,6,NIGHT,1,660,469.0,2.0,4,133,132,0,0,0,0,0,0
156040,18,44,clinic,31750,79,6,NIGHT,1,660,469.0,6.0,4,129,127,0,0,0,0,0,0
156041,18,44,clinic,31750,79,6,NIGHT,1,660,469.0,4.0,0,119,117,0,1,1,0,1,0
156042,18,44,clinic,31750,79,6,DAY,1,660,408.0,2.0,3,125,124,0,0,0,0,0,0
156043,18,44,clinic,31750,79,6,DAY,1,660,408.0,5.0,4,124,123,0,0,0,0,0,0
156044,18,28,clinic,31750,79,6,NIGHT,1,660,524.0,2.0,1,60,60,0,0,0,0,0,0
156045,18,28,clinic,31750,79,6,NIGHT,1,660,524.0,6.0,4,60,59,0,1,1,0,1,0
156046,18,28,clinic,31750,79,6,DAY,1,660,456.0,2.0,1,167,0,166,0,0,0,0,0
156047,18,28,clinic,31750,79,6,DAY,1,660,456.0,1.0,3,80,79,0,1,1,0,1,0
156048,18,28,clinic,31750,79,6,DAY,1,660,456.0,2.0,3,153,152,0,0,0,0,0,0
156049,18,30,clinic,31750,79,6,NIGHT,1,660,469.0,5.0,3,40,40,0,0,0,0,0,0
156050,18,30,clinic,31750,79,6,NIGHT,1,660,469.0,6.0,3,39,39,0,0,0,0,0,0
156051,18,30,clinic,31750,79,6,NIGHT,1,660,469.0,0.0,3,42,41,0,0,0,0,0,0
156052,18,30,clinic,31750,79,6,NIGHT,1,660,469.0,3.0,4,40,39,0,0,0,0,0,0
156053,18,30,clinic,31750,79,6,NIGHT,1,660,469.0,4.0,4,39,39,0,0,0,0,0,0
156054,18,30,clinic,31750,79,6,NIGHT,1,660,469.0,5.0,4,39,39,0,0,0,0,0,0
156055,18,30,clinic,31750,79,6,NIGHT,1,660,469.0,0.0,4,38,38,0,0,0,0,0,0
156056,18,30,clinic,31750,79,6,NIGHT,1,660,469.0,1.0,4,39,38,0,0,0,0,0,0
156057,18,30,clinic,31750,79,6,NIGHT,1,660,469.0,2.0,4,41,40,0,0,0,0,0,0
156058,18,30,clinic,31750,79,6,NIGHT,1,660,469.0,4.0,4,39,38,0,0,0,0,0,0
156059,18,30,clinic,31750,79,6,NIGHT,1,660,469.0,5.0,4,41,40,0,0,0,0,0,0
156060,18,30,clinic,31750,79,6,NIGHT,1,660,469.0,6.0,4,38,37,0,0,0,0,0,0
156061,18,30,clinic,31750,79,6,NIGHT,1,660,469.0,0.0,4,39,38,0,0,0,0,0,0
156062,18,30,clinic,31750,79,6,NIGHT,1,660,469.0,1.0,4,38,38,0,0,0,0,0,0
156063,18,30,clinic,31750,79,6,NIGHT,1,660,469.0,2.0,4,38,38,0,0,0,0,0,0
156064,18,30,clinic,31750,79,6,NIGHT,1,660,469.0,4.0,0,37,37,0,0,0,0,0,0
156065,18,30,clinic,31750,79,6,DAY,1,660,408.0,5.0,2,42,42,0,0,0,0,0,0
156066,18,28,clinic,31719,79,6,NIGHT,1,660,497.0,0.0,2,70,69,0,1,1,1,0,0
156067,18,28,clinic,31719,79,6,NIGHT,1,660,497.0,4.0,3,60,59,0,1,1,0,1,0
156068,18,28,clinic,31719,79,6,NIGHT,1,660,497.0,1.0,3,60,59,0,1,1,0,1,0
156069,18,28,clinic,31719,79,6,NIGHT,1,660,497.0,2.0,3,120,118,0,1,1,1,0,0
156069,18,28,clinic,31719,79,6,NIGHT,1,660,497.0,2.0,4,60,59,0,0,0,0,0,0
156070,18,28,clinic,31719,79,6,NIGHT,1,660,497.0,4.0,4,177,175,0,1,1,0,1,0
156071,18,44,clinic,31719,79,6,NIGHT,1,660,497.0,0.0,2,100,99,0,1,1,0,1,0
156072,18,44,clinic,31719,79,6,NIGHT,1,660,497.0,1.0,3,100,99,0,1,1,0,1,0
156073,18,28,clinic,31719,79,6,DAY,1,660,432.0,5.0,1,1,1,0,0,0,0,0,0
156073,18,28,clinic,31719,79,6,DAY,1,660,432.0,5.0,2,180,179,0,0,0,0,0,0
156074,18,28,clinic,31719,79,6,DAY,1,660,432.0,3.0,3,5,5,0,0,0,0,0,0
156074,18,28,clinic,31719,79,6,DAY,1,660,432.0,3.0,4,161,160,0,0,0,0,0,0
156075,18,28,clinic,31719,79,6,DAY,1,660,432.0,4.0,4,164,163,0,0,0,0,0,0
156076,18,28,clinic,31719,79,6,DAY,1,660,432.0,3.0,4,156,155,0,0,0,0,0,0
156077,18,28,clinic,31719,79,6,DAY,1,660,432.0,4.0,0,155,153,0,1,1,0,1,0
156078,18,44,clinic,31719,79,6,DAY,1,660,432.0,5.0,4,137,136,0,0,0,0,0,0
156079,18,5,clinic,35951,94,6,NIGHT,1,700,536.0,2.0,1,150,149,0,1,1,1,0,0
156080,18,5,clinic,35933,93,6,NIGHT,1,660,481.0,5.0,1,4,4,0,0,0,0,0,0
156080,18,5,clinic,35933,93,6,NIGHT,1,660,481.0,5.0,2,192,189,0,0,0,0,0,0
156081,18,44,clinic,8576,25,14,DAY,1,720,408.0,4.0,1,2,0,2,0,0,0,0,0
156081,18,44,clinic,8576,25,14,DAY,1,720,408.0,4.0,2,63,1,59,0,0,0,0,0
156082,18,44,clinic,8576,25,14,DAY,1,720,408.0,5.0,2,65,1,61,0,0,0,0,0
156083,18,32,clinic,35813,92,6,DAY,1,360,216.0,3.0,4,136,134,0,0,0,0,0,0
156084,18,32,clinic,36025,96,6,DAY,1,600,340.0,2.0,3,143,136,0,1,1,1,0,0
156085,18,32,clinic,36025,96,6,DAY,1,600,340.0,3.0,3,17,0,0,0,0,0,0,0
156085,18,32,clinic,36025,96,6,DAY,1,600,340.0,3.0,4,125,1,0,0,0,0,0,0
156086,18,32,clinic,36025,96,6,DAY,1,600,340.0,5.0,2,130,128,0,1,1,1,0,0
156087,18,32,hospi,35941,94,6,DAY,1,720,420.0,2.0,4,1,0,0,1,1,0,1,1
156089,18,28,clinic,31750,79,6,NIGHT,1,660,524.0,1.0,1,180,0,180,0,0,0,0,0
156090,18,32,hospi,35941,94,6,DAY,1,450,420.0,4.0,4,1,0,0,1,1,0,1,1
156091,18,32,hospi,35941,94,6,DAY,1,450,262.0,4.0,4,1,0,0,1,1,0,1,0
156092,18,32,hospi,35941,94,6,DAY,1,720,420.0,2.0,4,1,0,0,1,1,0,1,0
156093,18,44,clinic,31750,79,6,NIGHT,1,660,469.0,2.0,1,151,149,0,1,1,0,1,0
156094,18,28,clinic,31750,79,6,NIGHT,1,660,524.0,2.0,1,90,89,0,1,1,0,1,0
156095,18,32,clinic,36025,96,6,DAY,1,600,391.0,0.0,3,132,129,0,1,1,1,0,0
156096,18,4,ehpad_rh,31701,79,6,DAY,1,600,380.0,2.0,0,56,55,0,0,0,0,0,0
156097,18,4,ehpad_rh,31701,79,6,DAY,1,600,380.0,3.0,0,53,52,0,1,1,0,1,0
156098,18,4,ehpad_rh,31701,79,6,DAY,1,240,152.0,5.0,0,52,51,0,0,0,0,0,0
156099,18,4,ehpad_rh,31701,79,6,DAY,1,540,393.0,0.0,0,27,27,0,0,0,0,0,0
156100,18,32,clinic,1941,6,17,DAY,1,600,437.0,6.0,4,1,0,0,1,1,0,1,1
156101,18,32,clinic,1941,6,17,NIGHT,1,600,524.0,0.0,2,1,0,0,1,1,0,1,1
156102,18,32,clinic,1941,6,17,DAY,1,600,437.0,0.0,4,1,0,0,1,1,1,0,0
156103,18,32,clinic,1941,6,17,DAY,1,600,496.0,0.0,4,1,0,0,1,1,0,1,1
156104,18,2,clinic,35950,94,6,DAY,1,660,456.0,4.0,1,5,0,5,0,0,0,0,0
156104,18,2,clinic,35950,94,6,DAY,1,660,456.0,4.0,2,135,1,131,1,0,1,0,0
156105,18,2,clinic,35950,94,6,DAY,1,660,456.0,5.0,1,6,0,6,0,0,0,0,0
156105,18,2,clinic,35950,94,6,DAY,1,660,456.0,5.0,2,132,2,127,0,0,0,0,0
156106,18,29,clinic,33838,85,17,DAY,1,420,257.0,3.0,1,10,9,0,0,0,0,0,0
156107,18,42,clinic,33838,85,17,DAY,1,580,350.0,2.0,2,1,1,0,0,0,0,0,0
156107,18,42,clinic,33838,85,17,DAY,1,580,350.0,2.0,3,13,13,0,0,0,0,0,0
156108,18,29,clinic,33838,85,17,DAY,1,480,292.0,5.0,2,9,9,0,0,0,0,0,0
156109,18,42,clinic,33838,85,17,DAY,1,580,350.0,3.0,3,12,12,0,0,0,0,0,0
156110,18,4,ssr,35918,93,6,NIGHT,1,660,460.0,3.0,1,90,88,0,2,1,2,0,0
156110,18,4,ssr,35918,93,6,NIGHT,1,660,460.0,3.0,2,120,117,0,1,0,1,0,0
156111,18,32,hospi,35941,94,6,DAY,1,720,420.0,5.0,1,10,0,10,0,0,0,0,0
156111,18,32,hospi,35941,94,6,DAY,1,720,420.0,5.0,2,179,3,175,0,0,0,0,0
156112,18,4,clinic,30438,76,6,DAY,2,660,418.0,1.0,0,50,47,0,2,2,0,2,0
156113,18,4,clinic,30438,76,6,DAY,2,660,418.0,2.0,0,50,47,0,2,2,1,1,0
156114,18,4,clinic,30438,76,6,DAY,2,660,418.0,3.0,0,50,47,0,2,2,1,1,0
156115,18,4,clinic,30438,76,6,DAY,2,660,418.0,5.0,0,50,47,0,2,2,1,1,0
156116,18,4,clinic,30438,76,6,DAY,2,660,418.0,1.0,0,60,57,0,2,2,0,2,0
156117,18,4,clinic,30438,76,6,DAY,2,660,418.0,2.0,0,154,150,0,3,3,2,1,0
156118,18,4,clinic,30438,76,6,DAY,2,660,418.0,5.0,0,169,163,0,3,3,2,1,0
156119,18,4,clinic,30438,76,6,DAY,2,660,418.0,1.0,0,50,47,0,2,2,0,2,0
156120,18,4,clinic,30438,76,6,DAY,2,660,418.0,3.0,0,60,57,0,2,2,0,2,0
156121,18,4,clinic,30438,76,6,DAY,2,660,418.0,4.0,0,60,57,0,2,2,1,1,0
156122,18,4,clinic,30438,76,6,DAY,2,660,418.0,5.0,0,156,151,0,3,3,2,1,0
156123,18,4,clinic,30438,76,6,DAY,2,660,418.0,2.0,0,50,47,0,2,2,1,1,0
156124,18,4,clinic,30438,76,6,DAY,2,660,418.0,3.0,0,50,47,0,2,2,1,1,0
156125,18,4,clinic,30438,76,6,DAY,2,660,418.0,4.0,0,131,128,0,2,2,0,2,0
156126,18,4,clinic,30438,76,6,DAY,2,660,418.0,5.0,0,50,47,0,2,2,1,1,0
156127,18,4,clinic,30438,76,6,DAY,2,660,480.0,6.0,0,151,147,0,3,3,1,2,0
156128,18,4,clinic,30438,76,6,DAY,2,660,480.0,0.0,0,60,57,0,2,2,0,2,0
156129,18,4,clinic,30438,76,6,DAY,2,660,480.0,6.0,0,60,57,0,2,2,1,1,0
156130,18,4,clinic,30438,76,6,DAY,2,660,480.0,0.0,0,60,57,0,2,2,1,1,0
156131,18,4,clinic,30438,76,6,DAY,2,660,480.0,6.0,0,60,57,0,2,2,1,1,0
156132,18,4,clinic,30438,76,6,DAY,2,660,480.0,0.0,0,60,57,0,2,2,1,1,0
156133,18,4,clinic,30438,76,6,DAY,2,660,480.0,6.0,0,50,47,0,2,2,0,2,0
156134,18,4,clinic,30438,76,6,DAY,2,660,480.0,0.0,0,50,47,0,2,2,1,1,0
156135,18,2,clinic,30438,76,6,DAY,1,660,418.0,3.0,1,154,1,152,0,0,0,0,0
156136,18,4,clinic,30438,76,6,DAY,1,660,418.0,5.0,0,40,39,0,1,1,0,1,0
156137,18,4,clinic,30438,76,6,DAY,1,660,418.0,4.0,0,40,39,0,1,1,1,0,0
156138,18,4,clinic,30438,76,6,DAY,1,660,418.0,2.0,0,40,39,0,1,1,0,1,0
156139,18,4,clinic,30438,76,6,DAY,1,660,418.0,1.0,0,40,39,0,1,1,1,0,0
156140,18,4,clinic,30438,76,6,DAY,1,660,480.0,6.0,0,40,39,0,1,1,1,0,0
156141,18,4,clinic,30438,76,6,DAY,1,660,480.0,0.0,0,40,39,0,1,1,1,0,0
156142,18,4,clinic,30438,76,6,DAY,1,660,418.0,4.0,0,40,39,0,1,1,1,0,0
156143,18,5,clinic,30438,76,6,DAY,1,660,418.0,1.0,2,2,2,0,0,0,0,0,0
156143,18,5,clinic,30438,76,6,DAY,1,660,418.0,1.0,3,192,188,0,1,1,0,0,0
156144,18,5,clinic,30438,76,6,DAY,1,660,418.0,1.0,3,4,1,0,0,0,0,0,0
156144,18,5,clinic,30438,76,6,DAY,1,660,418.0,1.0,4,191,2,0,0,0,0,0,0
156145,18,5,clinic,30438,76,6,DAY,1,660,418.0,5.0,4,40,39,0,1,1,1,0,0
156146,18,2,clinic,30438,76,6,DAY,1,660,418.0,5.0,0,128,127,0,1,1,0,1,0
156147,18,2,clinic,30438,76,6,DAY,1,660,418.0,1.0,0,70,69,0,1,1,0,1,1
156148,18,2,clinic,30438,76,6,DAY,1,660,418.0,2.0,0,70,69,0,1,1,0,1,1
156149,18,2,clinic,30438,76,6,DAY,1,660,418.0,3.0,0,70,69,0,1,1,0,1,0
156150,18,2,clinic,30438,76,6,DAY,1,660,418.0,4.0,0,128,1,0,0,0,0,0,0
156151,18,2,clinic,30438,76,6,DAY,1,660,418.0,5.0,0,125,121,0,1,1,0,0,0
156152,18,2,clinic,30438,76,6,DAY,1,660,418.0,1.0,0,70,69,0,1,1,0,1,1
156153,18,2,clinic,30438,76,6,DAY,1,660,418.0,2.0,0,70,69,0,1,1,0,1,1
156154,18,2,clinic,30438,76,6,DAY,1,660,418.0,3.0,0,118,0,0,0,0,0,0,0
156155,18,2,clinic,30438,76,6,DAY,1,660,418.0,4.0,0,70,69,0,1,1,0,1,1
156156,18,2,clinic,30438,76,6,DAY,1,660,418.0,5.0,0,70,69,0,1,1,0,1,0
156157,18,2,clinic,30438,76,6,DAY,1,660,418.0,1.0,0,105,104,0,1,1,0,1,0
156158,18,2,clinic,30438,76,6,DAY,1,660,418.0,2.0,0,105,104,0,1,1,0,1,1
156159,18,2,clinic,30438,76,6,DAY,1,660,418.0,3.0,0,70,69,0,1,1,0,1,1
156160,18,2,clinic,30438,76,6,DAY,1,660,418.0,4.0,0,70,69,0,1,1,0,1,0
156161,18,2,clinic,30438,76,6,DAY,1,660,418.0,5.0,0,70,69,0,1,1,0,1,0
156162,18,2,clinic,30438,76,6,DAY,1,660,418.0,1.0,0,95,94,0,1,1,0,1,0
156163,18,2,clinic,30438,76,6,DAY,1,660,418.0,2.0,0,50,49,0,1,1,0,1,0
156164,18,2,clinic,30438,76,6,DAY,1,660,418.0,3.0,0,50,49,0,1,1,0,1,0
156165,18,2,clinic,30438,76,6,DAY,1,660,418.0,4.0,0,50,49,0,1,1,0,1,0
156166,18,2,clinic,30438,76,6,DAY,1,660,418.0,5.0,0,93,92,0,1,1,0,1,0
156167,18,2,clinic,30438,76,6,DAY,1,660,480.0,0.0,0,60,59,0,1,1,1,0,0
156168,18,2,clinic,30438,76,6,DAY,1,660,480.0,6.0,0,60,59,0,1,1,0,1,0
156169,18,2,clinic,30438,76,6,DAY,1,660,480.0,0.0,0,60,59,0,1,1,0,1,1
156170,18,2,clinic,30438,76,6,DAY,1,660,480.0,6.0,0,60,59,0,1,1,0,1,0
156171,18,2,clinic,30438,76,6,DAY,1,660,480.0,0.0,0,60,59,0,1,1,0,1,0
156172,18,2,clinic,30438,76,6,DAY,1,660,480.0,6.0,0,60,59,0,1,1,1,0,0
156173,18,2,clinic,30438,76,6,DAY,1,660,480.0,0.0,0,60,59,0,1,1,1,0,0
156174,18,5,clinic,30438,76,6,DAY,1,660,418.0,2.0,0,145,143,0,2,1,1,1,0
156175,18,5,clinic,30438,76,6,DAY,1,660,418.0,3.0,0,140,138,0,2,1,1,1,1
156176,18,5,clinic,30438,76,6,DAY,1,660,418.0,4.0,0,159,154,0,2,1,1,0,0
156177,18,5,clinic,30438,76,6,DAY,1,660,418.0,2.0,0,146,142,0,2,1,1,1,0
156178,18,5,clinic,30438,76,6,DAY,1,660,418.0,3.0,0,150,1,0,1,0,1,0,0
156179,18,5,clinic,30438,76,6,DAY,1,660,418.0,4.0,0,133,131,0,2,1,1,1,0
156180,18,5,clinic,30438,76,6,DAY,1,660,418.0,5.0,0,150,2,0,2,0,2,0,0
156181,18,5,clinic,30438,76,6,DAY,1,660,418.0,2.0,0,129,126,0,2,1,1,1,0
156182,18,5,clinic,30438,76,6,DAY,1,660,418.0,4.0,0,117,115,0,2,1,1,1,0
156183,18,5,clinic,30438,76,6,DAY,1,660,480.0,6.0,4,30,29,0,1,1,1,0,0
156184,18,2,clinic,30438,76,6,DAY,1,660,418.0,4.0,3,13,13,0,0,0,0,0,0
156184,18,2,clinic,30438,76,6,DAY,1,660,418.0,4.0,4,138,133,0,1,1,0,0,0
156185,18,2,clinic,30438,76,6,DAY,1,660,418.0,5.0,3,10,0,0,0,0,0,0,0
156185,18,2,clinic,30438,76,6,DAY,1,660,418.0,5.0,4,140,3,0,0,0,0,0,0
156186,18,2,clinic,30438,76,6,DAY,1,660,418.0,2.0,3,2,0,0,0,0,0,0,0
156186,18,2,clinic,30438,76,6,DAY,1,660,418.0,2.0,4,156,2,0,0,0,0,0,0
156187,18,2,clinic,30438,76,6,DAY,1,660,418.0,3.0,3,1,0,0,0,0,0,0,0
156187,18,2,clinic,30438,76,6,DAY,1,660,418.0,3.0,4,154,2,0,1,0,1,0,0
156188,18,2,clinic,30438,76,6,DAY,1,660,418.0,4.0,4,153,2,0,0,0,0,0,0
156189,18,2,clinic,30438,76,6,DAY,1,660,418.0,4.0,0,137,2,0,0,0,0,0,0
156189,18,2,clinic,30438,76,6,DAY,1,660,418.0,4.0,4,28,0,0,0,0,0,0,0
156190,18,2,clinic,30438,76,6,DAY,1,660,480.0,6.0,2,3,0,0,0,0,0,0,0
156190,18,2,clinic,30438,76,6,DAY,1,660,480.0,6.0,3,146,1,0,0,0,0,0,0
156191,18,2,clinic,30438,76,6,DAY,1,660,480.0,6.0,4,126,124,0,1,1,1,0,0
156192,18,2,clinic,30438,76,6,DAY,1,660,480.0,0.0,4,100,97,0,1,1,1,0,0
156193,18,4,clinic,30438,76,6,DAY,1,660,418.0,4.0,3,180,177,0,1,1,0,1,0
156194,18,4,clinic,30438,76,6,DAY,1,660,418.0,2.0,3,208,204,0,1,1,1,0,0
156195,18,4,clinic,30438,76,6,DAY,1,660,418.0,3.0,3,41,41,0,0,0,0,0,0
156195,18,4,clinic,30438,76,6,DAY,1,660,418.0,3.0,4,150,147,0,1,1,0,1,0
156196,18,4,clinic,30438,76,6,DAY,1,660,418.0,5.0,4,186,183,0,1,1,0,1,0
156197,18,4,clinic,30438,76,6,DAY,1,660,418.0,3.0,4,188,185,0,1,1,0,1,0
156198,18,4,clinic,30438,76,6,DAY,1,660,418.0,4.0,4,182,179,0,1,1,1,0,0
156199,18,4,clinic,30438,76,6,DAY,1,660,418.0,5.0,4,183,179,0,2,1,2,0,0
156200,18,4,clinic,30438,76,6,DAY,1,660,418.0,4.0,0,150,146,0,2,1,1,1,0
156200,18,4,clinic,30438,76,6,DAY,1,660,418.0,4.0,4,24,24,0,0,0,0,0,0
156201,18,32,clinic,1941,6,17,NIGHT,1,720,524.0,0.0,2,1,0,0,1,1,0,1,1
156202,18,32,clinic,1941,6,17,DAY,1,600,437.0,6.0,4,1,0,0,1,1,0,1,0
156203,18,32,clinic,1941,6,17,DAY,1,600,496.0,0.0,4,1,0,0,1,1,0,1,0
156204,18,28,clinic,31750,79,6,NIGHT,1,660,524.0,2.0,1,1,0,0,1,1,0,1,0
156205,18,28,clinic,31719,79,6,NIGHT,1,660,497.0,1.0,1,30,0,30,0,0,0,0,0
156206,18,28,clinic,31719,79,6,NIGHT,1,660,497.0,2.0,1,180,179,0,1,1,1,0,0
156207,18,44,hea_hou,30438,76,6,DAY,1,660,440.0,3.0,1,1,0,0,1,1,0,1,0
156208,18,44,hea_hou,30438,76,6,DAY,1,660,440.0,3.0,1,1,0,0,1,1,0,1,0
156209,18,28,other_ms,35981,95,6,DAY,1,580,380.0,4.0,3,175,174,0,0,0,0,0,0
156210,18,28,other_ms,35981,95,6,DAY,1,580,380.0,4.0,4,170,168,0,1,1,0,1,0
156211,18,28,other_ms,35981,95,6,DAY,1,580,380.0,5.0,4,168,166,0,1,1,0,1,0
156212,18,2,clinic,35950,94,6,NIGHT,1,720,504.0,2.0,1,161,0,160,0,0,0,0,0
156213,18,2,clinic,35950,94,6,NIGHT,1,720,504.0,3.0,1,170,169,0,0,0,0,0,0
156214,18,5,clinic,35951,94,6,NIGHT,1,700,536.0,2.0,1,210,0,209,0,0,0,0,0
156215,18,2,clinic,35950,94,6,DAY,1,600,418.0,5.0,1,8,1,7,0,0,0,0,0
156215,18,2,clinic,35950,94,6,DAY,1,600,418.0,5.0,2,143,1,139,0,0,0,0,0
156216,18,32,clinic,35813,92,6,NIGHT,1,720,450.0,2.0,4,172,170,0,1,1,0,1,0
156217,18,28,clinic,31750,79,6,NIGHT,1,660,524.0,3.0,3,60,59,0,1,1,0,1,0
156218,18,28,clinic,31750,79,6,NIGHT,1,660,524.0,4.0,3,130,128,0,1,1,0,1,1
156219,18,28,clinic,31750,79,6,NIGHT,1,660,524.0,6.0,4,100,98,0,1,1,1,0,0
156220,18,8,clinic,30438,76,6,DAY,1,660,456.0,3.0,4,60,59,0,1,1,0,1,0
156221,18,8,clinic,30438,76,6,DAY,1,660,456.0,4.0,4,60,59,0,1,1,0,1,0
156222,18,8,clinic,30438,76,6,DAY,1,660,456.0,5.0,4,40,39,0,1,1,0,1,0
156223,18,8,clinic,30438,76,6,DAY,1,660,456.0,1.0,4,50,49,0,1,1,0,1,0
156224,18,8,clinic,30438,76,6,DAY,1,660,456.0,2.0,4,10,9,0,1,1,0,1,0
156225,18,8,clinic,30438,76,6,DAY,1,660,456.0,3.0,4,50,49,0,1,1,0,1,0
156226,18,2,clinic,30438,76,6,DAY,1,660,418.0,1.0,0,1,0,0,1,1,0,1,0
156227,18,2,clinic,30438,76,6,DAY,1,660,418.0,2.0,0,1,0,0,1,1,0,1,0
156228,18,2,clinic,30438,76,6,DAY,1,660,480.0,0.0,0,1,0,0,1,1,0,1,0
156229,18,2,clinic,30438,76,6,DAY,1,660,418.0,1.0,0,1,0,0,1,1,0,1,0
156230,18,2,clinic,30438,76,6,DAY,1,660,418.0,2.0,0,1,0,0,1,1,0,1,0
156231,18,2,clinic,30438,76,6,DAY,1,660,418.0,4.0,0,1,0,0,1,1,0,1,0
156232,18,2,clinic,35950,94,6,DAY,1,680,431.0,3.0,1,126,126,0,0,0,0,0,0
156233,18,5,clinic,35950,94,6,DAY,1,680,431.0,3.0,1,180,180,0,0,0,0,0,0
156235,18,42,clinic,33838,85,17,DAY,1,580,350.0,2.0,3,13,13,0,0,0,0,0,0
156236,18,28,other_ms,35981,95,6,DAY,1,580,380.0,5.0,2,3,2,0,0,0,0,0,0
156236,18,28,other_ms,35981,95,6,DAY,1,580,380.0,5.0,3,187,182,0,1,1,0,1,1
156237,18,2,clinic,35950,94,6,DAY,1,680,443.0,3.0,1,113,1,111,0,0,0,0,0
156237,18,2,clinic,35950,94,6,DAY,1,700,443.0,3.0,1,30,0,30,0,0,0,0,0
156238,18,5,clinic,35950,94,6,DAY,1,680,443.0,3.0,1,157,1,155,0,0,0,0,0
156238,18,5,clinic,35950,94,6,DAY,1,700,443.0,3.0,1,30,0,30,0,0,0,0,0
156239,18,4,ssr,35918,93,6,NIGHT,1,660,460.0,3.0,1,210,208,0,1,1,1,0,0
156242,18,32,clinic,35813,92,6,DAY,1,600,360.0,1.0,3,155,154,0,0,0,0,0,0
156243,18,32,clinic,35813,92,6,DAY,1,600,360.0,3.0,3,162,161,0,0,0,0,0,0
156244,18,4,clinic,35813,92,6,DAY,1,600,360.0,6.0,4,143,142,0,0,0,0,0,0
156245,18,32,clinic,35813,92,6,DAY,1,600,360.0,6.0,2,161,160,0,0,0,0,0,0
156246,18,32,clinic,35813,92,6,DAY,1,600,360.0,6.0,4,153,152,0,0,0,0,0,0
156247,18,32,clinic,35813,92,6,DAY,1,600,360.0,1.0,4,156,155,0,0,0,0,0,0
156248,18,32,clinic,35813,92,6,DAY,1,600,360.0,4.0,4,146,145,0,0,0,0,0,0
156249,18,32,clinic,35813,92,6,DAY,1,360,216.0,3.0,4,149,148,0,0,0,0,0,0
156250,18,32,clinic,35813,92,6,DAY,1,360,216.0,4.0,4,145,144,0,0,0,0,0,0
156251,18,32,clinic,35813,92,6,DAY,1,360,216.0,5.0,4,146,145,0,0,0,0,0,0
156252,18,32,clinic,35813,92,6,DAY,1,360,216.0,3.0,4,138,137,0,0,0,0,0,0
156253,18,32,clinic,35813,92,6,DAY,1,600,360.0,2.0,3,152,151,0,0,0,0,0,0
156254,18,4,ssr,35918,93,6,DAY,1,660,384.0,1.0,0,1,0,0,1,1,0,1,0
156255,18,4,ssr,35918,93,6,DAY,1,660,384.0,2.0,0,1,0,0,1,1,0,1,0
156256,18,4,ssr,35918,93,6,DAY,1,660,384.0,4.0,0,1,0,0,1,1,0,1,0
156257,18,4,ssr,35918,93,6,DAY,1,660,384.0,5.0,0,1,0,0,1,1,1,0,0
156258,18,4,ssr,35918,93,6,DAY,1,660,384.0,1.0,0,1,0,0,1,1,0,1,0
156259,18,4,ssr,35918,93,6,DAY,1,660,384.0,2.0,0,1,0,0,1,1,0,1,0
156260,18,4,ssr,35918,93,6,DAY,1,660,384.0,5.0,0,1,0,0,1,1,0,1,0
156261,18,4,ssr,35918,93,6,DAY,1,660,384.0,1.0,0,1,0,0,1,1,0,1,0
156262,18,4,ssr,35918,93,6,DAY,1,660,384.0,2.0,0,1,0,0,1,1,0,1,0
156263,18,4,ssr,35918,93,6,DAY,1,660,384.0,1.0,0,1,0,0,1,1,0,1,0
156264,18,4,ssr,35918,93,6,DAY,1,660,384.0,2.0,0,1,0,0,1,1,0,1,0
156265,18,4,ssr,35918,93,6,DAY,1,660,384.0,5.0,0,1,0,0,1,1,0,1,0
156266,18,4,ssr,35918,93,6,DAY,1,660,442.0,0.0,0,1,0,0,1,1,0,1,0
156267,18,4,ssr,35918,93,6,DAY,1,660,442.0,5.0,0,1,0,0,1,1,0,1,0
156268,18,4,ssr,35918,93,6,DAY,1,660,442.0,0.0,0,1,0,0,1,1,0,1,0
156269,18,4,ssr,35918,93,6,DAY,1,660,442.0,0.0,0,1,0,0,1,1,0,1,0
156270,18,4,ssr,35918,93,6,DAY,1,660,442.0,0.0,0,1,0,0,1,1,0,1,0
156271,18,4,ssr,35918,93,6,DAY,1,660,442.0,0.0,0,1,0,0,1,1,0,1,0
156272,18,42,clinic,33838,85,17,DAY,1,580,350.0,3.0,1,15,0,15,0,0,0,0,0
156273,18,28,clinic,31750,79,6,NIGHT,1,660,524.0,2.0,1,182,0,181,0,0,0,0,0
156274,18,2,clinic,30438,76,6,DAY,1,660,418.0,2.0,0,1,0,0,1,1,0,1,0
156275,18,2,clinic,30438,76,6,DAY,1,660,418.0,3.0,0,1,0,0,1,1,0,1,0
156276,18,2,clinic,30438,76,6,DAY,1,660,418.0,4.0,0,1,0,0,1,1,0,1,0
156277,18,2,clinic,30438,76,6,DAY,1,660,418.0,5.0,0,1,0,0,1,1,0,1,0
156278,18,2,clinic,30438,76,6,DAY,1,660,418.0,6.0,0,1,0,0,1,1,0,1,0
156279,18,2,clinic,30438,76,6,DAY,1,660,418.0,1.0,0,1,0,0,1,1,0,1,0
156280,18,2,clinic,30438,76,6,DAY,1,660,480.0,0.0,0,1,0,0,1,1,0,1,0
156281,18,5,clinic,35933,93,6,DAY,1,540,324.0,4.0,2,7,7,0,0,0,0,0,0
156281,18,5,clinic,35933,93,6,DAY,1,540,324.0,4.0,3,166,163,0,0,0,0,0,0
156283,18,28,clinic,31750,79,6,NIGHT,1,660,524.0,2.0,1,90,0,90,0,0,0,0,0
156284,18,2,clinic,35938,94,6,NIGHT,1,690,529.0,2.0,1,162,0,162,0,0,0,0,0
156285,18,44,clinic,35938,94,6,NIGHT,1,690,529.0,2.0,1,171,0,171,0,0,0,0,0
156286,18,8,clinic,30438,76,6,DAY,1,660,456.0,3.0,1,169,168,0,1,1,1,0,0
156287,18,44,ssr,30438,76,6,DAY,1,675,490.0,5.0,1,2,2,0,0,0,0,0,0
156287,18,44,ssr,30438,76,6,DAY,1,675,490.0,5.0,2,159,156,0,1,1,1,0,0
156288,18,5,clinic,35938,94,6,DAY,1,690,460.0,4.0,1,188,186,0,1,1,0,1,0
156289,18,5,clinic,35938,94,6,DAY,1,690,460.0,5.0,1,10,1,9,0,0,0,0,0
156289,18,5,clinic,35938,94,6,DAY,1,690,460.0,5.0,2,182,1,179,0,0,0,0,0
156290,18,5,clinic,35938,94,6,DAY,1,690,529.0,6.0,2,160,158,0,1,1,0,1,0
156291,18,28,clinic,31719,79,6,DAY,1,660,432.0,3.0,1,181,0,180,0,0,0,0,0
156292,18,32,ssr,35918,93,6,NIGHT,1,585,414.0,2.0,1,213,213,0,0,0,0,0,0
156293,18,32,ssr,35918,93,6,NIGHT,1,525,377.0,2.0,1,213,213,0,0,0,0,0,0
156294,18,4,ssr,35918,93,6,NIGHT,1,585,414.0,2.0,1,30,0,30,0,0,0,0,0
156295,18,4,ssr,35918,93,6,NIGHT,1,525,377.0,2.0,1,60,0,60,0,0,0,0,0
156296,18,4,ssr,35918,93,6,NIGHT,1,660,460.0,3.0,1,225,1,223,1,0,1,0,0
156297,18,42,clinic,33838,85,17,NIGHT,1,580,400.0,6.0,2,11,11,0,0,0,0,0,0
156298,18,42,clinic,33838,85,17,NIGHT,1,580,400.0,0.0,2,10,10,0,0,0,0,0,0
156300,18,19,clinic,4427,13,17,DAY,1,660,418.0,6.0,1,2,0,2,0,0,0,0,0
156300,18,19,clinic,4427,13,17,DAY,1,660,418.0,6.0,2,24,0,23,0,0,0,0,0
156307,18,32,clinic,35813,92,6,NIGHT,1,720,450.0,5.0,0,99,95,0,3,1,2,1,0
156308,18,28,clinic,35806,92,6,NIGHT,1,660,443.0,5.0,4,173,170,0,1,1,1,0,0
156309,18,28,clinic,35806,92,6,NIGHT,1,660,443.0,4.0,4,172,169,0,2,1,1,1,0
156310,18,28,clinic,35806,92,6,NIGHT,1,660,443.0,1.0,2,187,183,0,1,1,1,0,0
156311,18,44,clinic,31750,79,6,NIGHT,1,660,469.0,3.0,1,158,157,0,0,0,0,0,0
156312,18,42,hospi,35958,94,6,NIGHT,2,720,483.0,5.0,0,80,0,0,1,0,1,0,0
156312,18,42,hospi,35958,94,6,NIGHT,2,720,483.0,5.0,4,72,0,0,2,0,2,0,0
156313,18,42,hospi,35958,94,6,NIGHT,2,720,483.0,6.0,0,144,139,0,4,2,2,2,0
156313,18,42,hospi,35958,94,6,NIGHT,2,720,483.0,6.0,4,3,3,0,0,0,0,0,0
156314,18,42,hospi,35958,94,6,NIGHT,2,720,483.0,0.0,0,144,0,0,3,1,2,1,0
156314,18,42,hospi,35958,94,6,NIGHT,2,720,483.0,0.0,4,2,0,0,0,0,0,0,0
156315,18,42,hospi,35958,94,6,NIGHT,2,720,483.0,1.0,0,142,0,0,2,0,2,0,0
156315,18,42,hospi,35958,94,6,NIGHT,2,720,483.0,1.0,4,1,0,0,0,0,0,0,0
156316,18,42,hospi,35958,94,6,NIGHT,2,720,483.0,2.0,0,143,0,0,2,0,2,0,0
156317,18,42,hospi,35958,94,6,NIGHT,2,720,483.0,3.0,0,141,0,0,3,1,1,1,0
156318,18,42,hospi,35958,94,6,NIGHT,2,720,483.0,4.0,0,143,0,0,3,0,2,0,0
156319,18,42,hospi,35958,94,6,NIGHT,2,720,483.0,5.0,0,140,0,0,2,0,2,0,0
156320,18,42,hospi,35958,94,6,NIGHT,2,720,483.0,6.0,0,138,0,0,0,0,0,0,0
156321,18,42,hospi,35958,94,6,NIGHT,2,720,483.0,0.0,0,136,0,0,1,0,1,0,0
156322,18,42,hospi,35958,94,6,NIGHT,2,720,483.0,1.0,0,126,123,0,2,2,0,2,0
156323,18,42,hospi,35958,94,6,NIGHT,2,720,483.0,2.0,0,127,124,0,2,2,0,2,0
156324,18,42,hospi,35958,94,6,NIGHT,2,720,483.0,3.0,0,133,0,0,3,1,2,1,0
156325,18,42,hospi,35958,94,6,NIGHT,2,720,483.0,4.0,0,132,127,0,4,2,2,2,0
156326,18,42,hospi,35958,94,6,NIGHT,2,720,483.0,5.0,0,131,127,0,3,2,1,2,0
156327,18,42,hospi,35958,94,6,NIGHT,2,720,483.0,6.0,0,132,128,0,3,2,1,2,0
156328,18,42,hospi,35958,94,6,NIGHT,2,720,483.0,0.0,0,130,0,0,0,0,0,0,0
156329,18,42,hospi,35958,94,6,NIGHT,2,720,483.0,1.0,0,128,0,0,0,0,0,0,0
156330,18,42,hospi,35958,94,6,NIGHT,2,720,483.0,2.0,0,130,0,0,0,0,0,0,0
156331,18,42,hospi,35958,94,6,NIGHT,2,720,483.0,3.0,0,126,0,0,1,0,0,0,0
156332,18,42,hospi,35958,94,6,NIGHT,2,720,483.0,4.0,0,127,0,0,3,1,0,1,0
156333,18,42,hospi,35958,94,6,NIGHT,2,720,483.0,5.0,0,122,0,0,3,1,0,1,0
156334,18,42,hospi,35958,94,6,NIGHT,2,720,483.0,6.0,0,117,0,0,2,1,1,1,0
156335,18,42,hospi,35958,94,6,NIGHT,2,720,483.0,0.0,0,117,0,0,1,1,0,1,0
156336,18,42,hospi,35958,94,6,NIGHT,2,720,483.0,1.0,0,113,0,0,3,0,3,0,0
156337,18,42,hospi,35958,94,6,NIGHT,2,720,483.0,2.0,0,114,0,0,4,1,3,1,0
156338,18,42,hospi,35958,94,6,NIGHT,2,720,483.0,3.0,0,110,106,0,4,2,2,2,0
156339,18,42,hospi,35958,94,6,NIGHT,2,720,483.0,4.0,0,111,108,0,3,2,1,2,0
156340,18,42,hospi,35958,94,6,NIGHT,2,720,483.0,5.0,0,112,0,0,1,0,1,0,0
156341,18,42,hospi,35958,94,6,NIGHT,2,720,483.0,6.0,0,112,0,0,4,2,3,1,0
156342,18,42,hospi,35958,94,6,NIGHT,2,720,483.0,0.0,0,113,0,0,3,0,3,0,0
156343,18,42,hospi,35958,94,6,DAY,1,450,262.0,4.0,4,157,0,0,0,0,0,0,0
156344,18,42,hospi,35958,94,6,DAY,1,450,262.0,5.0,3,11,1,0,0,0,0,0,0
156344,18,42,hospi,35958,94,6,DAY,1,450,262.0,5.0,4,156,3,0,0,0,0,0,0
156345,18,32,ssr,35918,93,6,DAY,1,660,384.0,5.0,1,182,182,0,0,0,0,0,0
156346,18,32,clinic,35813,92,6,DAY,1,600,360.0,6.0,2,2,2,0,0,0,0,0,0
156346,18,32,clinic,35813,92,6,DAY,1,600,360.0,6.0,3,159,156,0,0,0,0,0,0
156348,18,32,clinic,35813,92,6,DAY,1,600,360.0,4.0,3,165,163,0,0,0,0,0,0
156349,18,32,clinic,35813,92,6,DAY,1,600,360.0,5.0,3,6,5,0,1,1,0,1,0
156349,18,32,clinic,35813,92,6,DAY,1,600,360.0,5.0,4,157,155,0,0,0,0,0,0
156350,18,32,clinic,35813,92,6,DAY,1,600,360.0,2.0,4,171,167,0,1,1,0,1,0
156351,18,32,clinic,35813,92,6,DAY,1,600,360.0,3.0,4,163,159,0,1,1,0,1,0
156352,18,32,clinic,35813,92,6,DAY,1,600,360.0,6.0,4,156,154,0,0,0,0,0,0
156353,18,32,clinic,35813,92,6,DAY,1,600,360.0,1.0,4,158,155,0,0,0,0,0,0
156354,18,32,clinic,35813,92,6,DAY,1,600,360.0,4.0,4,152,149,0,0,0,0,0,0
156355,18,32,clinic,35813,92,6,DAY,1,600,450.0,0.0,3,160,157,0,1,1,0,1,0
156356,18,32,clinic,35813,92,6,DAY,1,600,450.0,0.0,4,152,149,0,1,1,0,1,0
156357,18,32,clinic,35813,92,6,DAY,1,600,360.0,4.0,1,90,89,0,1,1,1,0,0
156358,18,32,clinic,35813,92,6,DAY,1,600,360.0,5.0,1,120,119,0,0,0,0,0,0
156359,18,32,clinic,35813,92,6,DAY,1,600,360.0,6.0,1,5,0,5,0,0,0,0,0
156359,18,32,clinic,35813,92,6,DAY,1,600,360.0,6.0,2,166,0,164,0,0,0,0,0
156360,18,32,clinic,35813,92,6,DAY,1,600,360.0,6.0,3,4,4,0,0,0,0,0,0
156360,18,32,clinic,35813,92,6,DAY,1,600,360.0,6.0,4,161,158,0,0,0,0,0,0
156361,18,32,clinic,35813,92,6,DAY,1,600,360.0,1.0,3,166,163,0,1,1,1,0,0
156362,18,32,clinic,35813,92,6,DAY,1,600,360.0,1.0,3,166,163,0,1,1,1,0,0
156363,18,28,clinic,31750,79,6,NIGHT,1,660,524.0,4.0,1,1,0,0,1,1,0,1,0
156364,18,4,ehpad_rh,35915,93,6,DAY,1,660,456.0,4.0,1,150,148,0,1,1,1,0,0
156365,18,4,ehpad_rh,35915,93,6,DAY,1,660,456.0,1.0,2,30,29,0,1,1,1,0,0
156366,18,4,ehpad_rh,35908,93,6,DAY,1,600,400.0,5.0,1,213,211,0,1,1,0,1,0
156367,18,4,ehpad_rh,35908,93,6,DAY,1,600,400.0,3.0,2,221,219,0,1,1,0,1,0
156368,18,32,ssr,35918,93,6,DAY,1,660,384.0,5.0,1,191,3,186,0,0,0,0,0
156369,18,32,ssr,35918,93,6,DAY,1,660,384.0,1.0,1,1,0,1,0,0,0,0,0
156369,18,32,ssr,35918,93,6,DAY,1,660,384.0,1.0,2,197,3,191,0,0,0,0,0
156370,18,32,ssr,35918,93,6,DAY,1,660,384.0,2.0,2,206,203,0,1,1,1,0,0
156371,18,32,ssr,35918,93,6,DAY,1,660,384.0,1.0,4,190,186,0,1,1,1,0,0
156372,18,4,ssr,35918,93,6,DAY,1,660,384.0,1.0,3,184,181,0,1,1,0,1,0
156373,18,4,ssr,35918,93,6,DAY,1,660,384.0,1.0,3,4,3,0,0,0,0,0,0
156373,18,4,ssr,35918,93,6,DAY,1,660,384.0,1.0,4,189,185,0,0,0,0,0,0
156374,18,4,ssr,35918,93,6,DAY,1,660,384.0,1.0,4,178,174,0,1,1,0,1,0
156375,18,3,clinic,30438,76,6,DAY,1,660,418.0,4.0,1,159,156,0,1,1,0,1,0
156376,18,3,clinic,30438,76,6,DAY,1,660,418.0,5.0,1,160,2,155,0,0,0,0,0
156377,18,28,clinic,31750,79,6,NIGHT,1,660,524.0,3.0,3,1,0,0,1,1,0,1,0
156378,18,28,clinic,31719,79,6,NIGHT,1,660,497.0,0.0,2,2,0,0,2,2,0,4,0
156379,18,28,clinic,31719,79,6,NIGHT,1,660,497.0,1.0,3,1,0,0,1,1,0,1,0
156380,18,28,clinic,31719,79,6,NIGHT,1,660,497.0,2.0,3,1,0,0,1,1,0,1,0
156381,18,4,clinic,30438,76,6,DAY,2,690,391.0,4.0,1,226,1,224,0,0,0,0,0
156382,18,5,clinic,31750,79,6,DAY,1,510,323.0,1.0,1,4,0,4,0,0,0,0,0
156382,18,5,clinic,31750,79,6,DAY,1,510,323.0,1.0,2,149,2,143,0,0,0,0,0
156383,18,5,clinic,31750,79,6,DAY,1,510,323.0,4.0,2,7,7,0,0,0,0,0,0
156383,18,5,clinic,31750,79,6,DAY,1,510,323.0,4.0,3,139,136,0,1,1,1,0,0
156384,18,5,clinic,31750,79,6,DAY,1,510,323.0,5.0,2,6,6,0,0,0,0,0,0
156384,18,5,clinic,31750,79,6,DAY,1,510,323.0,5.0,3,147,144,0,0,0,0,0,0
156385,18,5,clinic,31750,79,6,DAY,1,510,323.0,3.0,3,148,146,0,0,0,0,0,0
156386,18,5,clinic,31750,79,6,DAY,1,510,323.0,2.0,3,3,3,0,0,0,0,0,0
156386,18,5,clinic,31750,79,6,DAY,1,510,323.0,2.0,4,150,146,0,1,0,1,0,0
156387,18,5,clinic,31750,79,6,DAY,1,510,323.0,3.0,4,146,142,0,1,1,1,0,0
156388,18,5,clinic,31750,79,6,DAY,1,510,323.0,4.0,4,141,138,0,1,1,1,0,0
156389,18,5,clinic,31750,79,6,DAY,1,510,323.0,5.0,4,139,136,0,1,1,1,0,0
156390,18,5,clinic,31750,79,6,DAY,1,510,323.0,1.0,4,144,142,0,0,0,0,0,0
156391,18,5,clinic,31750,79,6,DAY,1,510,323.0,3.0,4,139,135,0,0,0,0,0,0
156392,18,5,clinic,31750,79,6,DAY,1,510,323.0,4.0,4,142,138,0,0,0,0,0,0
156393,18,30,clinic,31750,79,6,NIGHT,1,660,469.0,5.0,2,2,2,0,0,0,0,0,0
156393,18,30,clinic,31750,79,6,NIGHT,1,660,469.0,5.0,3,42,42,0,0,0,0,0,0
156394,18,30,clinic,31750,79,6,NIGHT,1,660,469.0,6.0,2,2,2,0,0,0,0,0,0
156394,18,30,clinic,31750,79,6,NIGHT,1,660,469.0,6.0,3,41,41,0,0,0,0,0,0
156395,18,30,clinic,31750,79,6,NIGHT,1,660,469.0,0.0,2,2,2,0,0,0,0,0,0
156395,18,30,clinic,31750,79,6,NIGHT,1,660,469.0,0.0,3,44,43,0,0,0,0,0,0
156396,18,30,clinic,31750,79,6,NIGHT,1,660,469.0,1.0,3,45,44,0,0,0,0,0,0
156397,18,30,clinic,31750,79,6,NIGHT,1,660,469.0,2.0,3,46,45,0,0,0,0,0,0
156398,18,30,clinic,31750,79,6,NIGHT,1,660,469.0,3.0,3,44,43,0,0,0,0,0,0
156399,18,30,clinic,31750,79,6,NIGHT,1,660,469.0,4.0,3,5,5,0,0,0,0,0,0
156399,18,30,clinic,31750,79,6,NIGHT,1,660,469.0,4.0,4,39,39,0,0,0,0,0,0
156400,18,30,clinic,31750,79,6,NIGHT,1,660,469.0,5.0,3,2,2,0,0,0,0,0,0
156400,18,30,clinic,31750,79,6,NIGHT,1,660,469.0,5.0,4,41,41,0,0,0,0,0,0
156401,18,30,clinic,31750,79,6,NIGHT,1,660,469.0,0.0,3,2,2,0,0,0,0,0,0
156401,18,30,clinic,31750,79,6,NIGHT,1,660,469.0,0.0,4,40,40,0,0,0,0,0,0
156402,18,30,clinic,31750,79,6,NIGHT,1,660,469.0,1.0,3,2,2,0,0,0,0,0,0
156402,18,30,clinic,31750,79,6,NIGHT,1,660,469.0,1.0,4,40,40,0,0,0,0,0,0
156403,18,30,clinic,31750,79,6,NIGHT,1,660,469.0,2.0,4,44,43,0,0,0,0,0,0
156404,18,30,clinic,31750,79,6,NIGHT,1,660,469.0,3.0,4,45,44,0,0,0,0,0,0
156405,18,30,clinic,31750,79,6,NIGHT,1,660,469.0,4.0,4,43,42,0,0,0,0,0,0
156406,18,30,clinic,31750,79,6,NIGHT,1,660,469.0,6.0,4,41,40,0,0,0,0,0,0
156407,18,30,clinic,31750,79,6,NIGHT,1,660,469.0,2.0,4,41,40,0,0,0,0,0,0
156408,18,30,clinic,31750,79,6,NIGHT,1,660,469.0,4.0,4,40,39,0,0,0,0,0,0
156409,18,44,clinic,31750,79,6,DAY,1,660,408.0,5.0,3,13,13,0,0,0,0,0,0
156409,18,44,clinic,31750,79,6,DAY,1,660,408.0,5.0,4,125,123,0,0,0,0,0,0
156410,18,28,clinic,31750,79,6,DAY,1,660,456.0,2.0,3,162,159,0,1,1,1,0,0
156411,18,5,clinic,31750,79,6,DAY,1,660,408.0,4.0,3,142,139,0,1,1,1,0,0
156412,18,44,clinic,31750,79,6,NIGHT,1,660,469.0,3.0,1,158,1,156,0,0,0,0,0
156413,18,44,clinic,31750,79,6,NIGHT,1,660,469.0,6.0,2,3,3,0,0,0,0,0,0
156413,18,44,clinic,31750,79,6,NIGHT,1,660,469.0,6.0,3,138,136,0,0,0,0,0,0
156414,18,44,clinic,31750,79,6,NIGHT,1,660,469.0,3.0,3,11,10,0,1,1,0,1,0
156415,18,44,clinic,31750,79,6,NIGHT,1,660,469.0,4.0,3,78,77,0,1,1,1,0,0
156415,18,44,clinic,31750,79,6,NIGHT,1,660,469.0,4.0,4,60,58,0,0,0,0,0,0
156416,18,44,clinic,31750,79,6,NIGHT,1,660,469.0,5.0,4,138,136,0,1,1,0,0,0
156417,18,44,clinic,31750,79,6,NIGHT,1,660,469.0,0.0,3,5,5,0,0,0,0,0,0
156417,18,44,clinic,31750,79,6,NIGHT,1,660,469.0,0.0,4,139,138,0,0,0,0,0,0
156418,18,44,clinic,31750,79,6,NIGHT,1,660,469.0,1.0,3,2,2,0,0,0,0,0,0
156418,18,44,clinic,31750,79,6,NIGHT,1,660,469.0,1.0,4,137,135,0,0,0,0,0,0
156419,18,44,clinic,31750,79,6,NIGHT,1,660,469.0,2.0,4,142,138,0,1,1,0,0,0
156420,18,44,clinic,31750,79,6,NIGHT,1,660,469.0,6.0,4,139,135,0,0,0,0,0,0
156421,18,28,clinic,31750,79,6,NIGHT,1,660,524.0,5.0,2,172,171,0,1,1,1,0,0
156422,18,28,clinic,31750,79,6,NIGHT,1,660,524.0,6.0,2,11,10,0,1,1,0,1,0
156423,18,28,clinic,31750,79,6,NIGHT,1,660,524.0,0.0,2,60,59,0,1,1,0,1,0
156424,18,28,clinic,31750,79,6,NIGHT,1,660,524.0,4.0,3,174,170,0,2,1,2,0,0
156425,18,28,clinic,31750,79,6,NIGHT,1,660,524.0,5.0,4,169,167,0,1,1,1,0,0
156426,18,28,clinic,31750,79,6,NIGHT,1,660,524.0,0.0,4,164,162,0,1,1,1,0,0
156427,18,28,clinic,31750,79,6,NIGHT,1,660,524.0,3.0,1,30,29,0,1,1,0,1,0
156428,18,28,clinic,31750,79,6,NIGHT,1,660,524.0,4.0,1,179,178,0,1,1,1,0,0
156429,18,28,clinic,31750,79,6,NIGHT,1,660,524.0,3.0,2,112,111,0,1,1,1,0,0
156429,18,28,clinic,31750,79,6,NIGHT,1,660,524.0,3.0,3,60,59,0,0,0,0,0,0
156430,18,28,clinic,31750,79,6,NIGHT,1,660,524.0,0.0,3,174,172,0,1,1,0,1,0
156431,18,28,clinic,31750,79,6,NIGHT,1,660,524.0,5.0,4,173,169,0,2,1,2,0,0
156432,18,28,clinic,31719,79,6,DAY,1,660,432.0,5.0,1,178,175,0,1,1,0,1,0
156433,18,28,clinic,31719,79,6,DAY,1,660,432.0,3.0,3,180,177,0,0,0,0,0,0
156434,18,28,clinic,31719,79,6,DAY,1,660,432.0,3.0,4,184,179,0,1,1,1,0,0
156435,18,28,clinic,31719,79,6,DAY,1,660,432.0,4.0,4,180,176,0,0,0,0,0,0
156436,18,28,clinic,31719,79,6,DAY,1,660,432.0,3.0,4,171,167,0,0,0,0,0,0
156437,18,28,clinic,31719,79,6,DAY,1,660,497.0,0.0,3,166,164,0,1,1,0,1,1
156438,18,44,clinic,31719,79,6,NIGHT,1,660,497.0,0.0,1,1,1,0,0,0,0,0,0
156438,18,44,clinic,31719,79,6,NIGHT,1,660,497.0,0.0,2,169,164,0,1,1,1,0,0
156439,18,42,clinic,33838,85,17,DAY,1,580,350.0,2.0,4,10,9,0,1,1,0,1,1
156440,18,42,clinic,33838,85,17,DAY,1,580,350.0,1.0,4,13,11,0,0,0,0,0,0
156441,18,19,clinic,33838,85,17,DAY,1,580,350.0,3.0,4,6,6,0,0,0,0,0,0
156443,18,19,clinic,33838,85,17,DAY,1,580,350.0,4.0,4,8,8,0,0,0,0,0,0
156444,18,19,clinic,33838,85,17,DAY,1,580,350.0,3.0,4,8,8,0,0,0,0,0,0
156445,18,19,clinic,33838,85,17,DAY,2,580,350.0,3.0,4,6,6,0,0,0,0,0,0
156446,18,44,hea_hou,30438,76,6,NIGHT,1,640,536.0,5.0,1,30,29,0,1,1,1,0,0
156446,18,44,hea_hou,30438,76,6,NIGHT,1,640,536.0,5.0,2,150,149,0,0,0,0,0,0
156447,18,44,hea_hou,30438,76,6,DAY,1,660,440.0,6.0,4,159,157,0,1,1,0,1,0
156448,18,44,hea_hou,30438,76,6,NIGHT,1,640,536.0,3.0,4,140,138,0,1,1,1,0,0
156449,18,44,hea_hou,30438,76,6,NIGHT,1,640,536.0,4.0,4,160,158,0,1,1,1,0,0
156450,18,29,clinic,4440,13,17,DAY,1,600,376.0,4.0,1,31,0,31,0,0,0,0,0
156451,18,4,ehpad_rh,31701,79,6,DAY,1,600,380.0,4.0,0,73,73,0,0,0,0,0,0
156453,18,4,ssr,30438,76,6,DAY,1,675,490.0,2.0,4,1,0,0,1,1,0,1,0
156454,18,44,ssr,30438,76,6,DAY,1,675,490.0,2.0,3,1,0,0,1,1,0,1,0
156455,18,44,ssr,30438,76,6,DAY,1,675,490.0,5.0,4,1,0,0,1,1,0,1,0
156456,18,44,ssr,30438,76,6,DAY,1,675,490.0,3.0,4,1,0,0,1,1,0,1,0
156457,18,44,ssr,30438,76,6,DAY,1,675,490.0,4.0,4,1,0,0,1,1,0,1,0
156458,18,3,hospi,16756,45,12,NIGHT,1,580,518.0,5.0,1,1,1,0,0,0,0,0,0
156458,18,3,hospi,16756,45,12,NIGHT,1,580,518.0,5.0,2,75,73,0,1,1,0,1,0
156459,18,3,hospi,16756,45,12,NIGHT,1,580,518.0,3.0,4,75,0,0,3,0,2,0,0
156460,18,3,hospi,16756,45,12,NIGHT,1,580,518.0,4.0,4,74,0,0,4,0,3,0,0
156461,18,3,hospi,16756,45,12,NIGHT,1,580,518.0,5.0,4,72,0,0,4,0,3,0,0
156462,18,3,hospi,16756,45,12,NIGHT,1,580,518.0,6.0,4,51,0,0,4,0,3,0,0
156463,18,3,hospi,16756,45,12,NIGHT,1,580,518.0,0.0,4,72,0,0,3,0,2,0,0
156464,18,3,hospi,16756,45,12,NIGHT,1,580,518.0,1.0,4,51,0,0,4,0,3,0,0
156465,18,3,hospi,16756,45,12,NIGHT,1,580,518.0,2.0,4,51,0,0,4,0,3,0,0
156466,18,3,hospi,16756,45,12,NIGHT,1,580,518.0,3.0,4,67,0,0,5,0,4,0,0
156467,18,3,hospi,16756,45,12,NIGHT,1,580,518.0,4.0,4,51,0,0,4,0,3,0,0
156468,18,28,clinic,31719,79,6,NIGHT,1,660,497.0,0.0,4,1,0,0,1,1,0,1,0
156469,18,44,clinic,31750,79,6,NIGHT,1,660,469.0,2.0,4,1,0,0,1,1,0,1,1
156470,18,44,clinic,31719,79,6,NIGHT,1,660,497.0,3.0,2,1,0,0,1,1,0,1,0
156471,18,44,clinic,31719,79,6,NIGHT,1,660,497.0,3.0,3,1,0,0,1,1,0,1,0
156472,18,44,clinic,31719,79,6,NIGHT,1,660,497.0,4.0,4,1,0,0,1,1,0,1,0
156474,18,28,clinic,35933,93,6,NIGHT,1,660,455.0,6.0,2,210,209,0,0,0,0,0,0
156475,18,28,clinic,35933,93,6,NIGHT,1,660,455.0,5.0,1,1,0,0,1,1,0,1,0
156476,18,28,clinic,35933,93,6,NIGHT,1,660,455.0,0.0,4,1,0,0,1,1,0,1,0
156477,18,4,ehpad_rh,13339,35,15,DAY,1,720,497.0,6.0,3,14,13,0,1,1,1,0,0
156478,18,4,ehpad_rh,13339,35,15,DAY,1,720,497.0,0.0,3,15,13,0,2,1,1,1,0
156479,18,4,ehpad_rh,35908,93,6,DAY,1,510,340.0,4.0,1,215,0,215,0,0,0,0,0
156480,18,4,ssr,30438,76,6,DAY,1,675,490.0,6.0,3,150,149,0,1,1,0,1,0
156481,18,44,ssr,30438,76,6,DAY,1,675,490.0,1.0,1,1,1,0,0,0,0,0,0
156481,18,44,ssr,30438,76,6,DAY,1,675,490.0,1.0,2,177,174,0,1,1,1,0,0
156482,18,44,ssr,30438,76,6,DAY,1,675,490.0,2.0,2,40,39,0,1,1,0,1,1
156483,18,44,ssr,30438,76,6,DAY,1,675,490.0,0.0,4,30,29,0,1,1,1,0,0
156484,18,4,ssr,30438,76,6,DAY,1,675,490.0,5.0,1,200,0,199,0,0,0,0,0
156485,18,4,ssr,30438,76,6,DAY,1,675,490.0,2.0,2,70,69,0,1,1,0,1,0
156486,18,4,ssr,30438,76,6,DAY,1,675,490.0,0.0,4,70,68,0,1,1,1,0,0
156487,18,4,ssr,30438,76,6,DAY,1,675,490.0,1.0,4,70,68,0,1,1,1,0,0
156488,18,44,hea_hou,30438,76,6,DAY,1,660,440.0,6.0,1,30,30,0,0,0,0,0,0
156489,18,44,hea_hou,30438,76,6,DAY,1,660,552.0,0.0,2,10,10,0,0,0,0,0,0
156490,18,44,hea_hou,30438,76,6,DAY,1,660,440.0,1.0,2,10,10,0,0,0,0,0,0
156491,18,44,hea_hou,30438,76,6,DAY,1,660,440.0,6.0,4,10,10,0,0,0,0,0,0
156493,18,4,ehpad_rh,35908,93,6,DAY,1,450,300.0,4.0,1,1,0,0,1,1,0,1,0
156494,18,32,clinic,4427,13,17,NIGHT,1,660,481.0,4.0,1,30,30,0,0,0,0,0,0
156495,18,29,clinic,33838,85,17,DAY,1,420,257.0,5.0,1,9,0,9,0,0,0,0,0
156496,18,29,clinic,33838,85,17,DAY,1,420,257.0,5.0,1,9,9,0,0,0,0,0,0
156498,18,2,clinic,30438,76,6,DAY,1,660,418.0,5.0,1,151,0,150,0,0,0,0,0
156499,18,44,hea_hou,30438,76,6,DAY,1,660,440.0,1.0,2,179,177,0,1,1,0,1,1
156500,18,44,hea_hou,30438,76,6,DAY,1,660,552.0,0.0,2,166,165,0,1,1,0,1,1
156501,18,44,hea_hou,30438,76,6,DAY,1,660,440.0,6.0,1,177,0,175,0,0,0,0,0
156502,18,44,hea_hou,30438,76,6,DAY,1,660,440.0,1.0,4,90,89,0,1,1,0,1,0
156503,18,4,ehpad_rh,31899,79,6,DAY,1,600,400.0,3.0,2,159,157,0,1,1,0,1,0
156504,18,4,ehpad_rh,31899,79,6,DAY,1,600,460.0,0.0,2,1,0,0,0,0,0,0,0
156504,18,4,ehpad_rh,31899,79,6,DAY,1,600,460.0,0.0,3,147,0,0,0,0,0,0,0
156505,18,4,ehpad_rh,31899,79,6,DAY,1,600,400.0,1.0,3,149,147,0,1,1,0,1,0
156506,18,4,ehpad_rh,31899,79,6,DAY,1,0,400.0,5.0,1,1,0,0,1,1,1,0,0
156507,18,4,ehpad_rh,31899,79,6,DAY,1,0,400.0,2.0,3,1,0,0,1,1,1,0,0
156508,18,4,ehpad_rh,31899,79,6,DAY,1,0,400.0,2.0,4,1,0,0,1,1,1,0,0
156509,18,4,ehpad_rh,31899,79,6,DAY,1,600,460.0,0.0,2,1,0,0,1,1,1,0,0
156510,18,4,ehpad_rh,31899,79,6,DAY,1,600,400.0,1.0,4,1,0,0,1,1,1,0,0
156512,18,5,clinic,35938,94,6,NIGHT,1,700,552.0,4.0,1,207,1,206,0,0,0,0,0
156513,18,4,ehpad_rh,31899,79,6,DAY,1,600,400.0,1.0,2,1,0,0,1,1,0,1,0
156514,18,4,ehpad_rh,31899,79,6,DAY,1,600,400.0,6.0,4,1,0,0,1,1,0,1,0
156515,18,4,ehpad_rh,31899,79,6,DAY,1,600,460.0,0.0,4,1,0,0,1,1,0,1,0
156516,18,9,clinic,31750,79,6,NIGHT,1,660,469.0,0.0,1,1,0,1,0,0,0,0,0
156516,18,9,clinic,31750,79,6,NIGHT,1,660,469.0,0.0,2,97,1,96,0,0,0,0,0
156517,18,44,clinic,31750,79,6,NIGHT,1,660,469.0,0.0,1,2,2,0,0,0,0,0,0
156517,18,44,clinic,31750,79,6,NIGHT,1,660,469.0,0.0,2,151,148,0,1,1,1,0,0
156518,18,28,clinic,31750,79,6,NIGHT,1,660,524.0,0.0,2,185,183,0,1,1,1,0,0
156519,18,2,clinic,31750,79,6,NIGHT,1,660,469.0,0.0,1,2,0,2,0,0,0,0,0
156519,18,2,clinic,31750,79,6,NIGHT,1,660,469.0,0.0,2,140,2,136,0,0,0,0,0
156520,18,4,clinic,30438,76,6,DAY,1,660,418.0,5.0,1,1,0,0,1,1,0,1,0
156521,18,4,ehpad_rh,31701,79,6,DAY,1,600,380.0,3.0,4,10,10,0,0,0,0,0,0
156522,18,42,clinic,33838,85,17,DAY,1,420,257.0,5.0,1,15,0,15,0,0,0,0,0
156523,18,42,clinic,33838,85,17,DAY,1,580,350.0,2.0,3,2,1,0,1,1,1,0,0
156523,18,42,clinic,33838,85,17,DAY,1,580,350.0,2.0,4,12,10,0,0,0,0,0,0
156524,18,9,clinic,36006,95,6,DAY,1,660,418.0,6.0,1,101,0,101,0,0,0,0,0
156525,18,30,clinic,36006,95,6,NIGHT,1,660,418.0,4.0,1,55,0,55,0,0,0,0,0
156526,286,45,clinic,36000,95,6,DAY,1,660,400.0,5.0,3,1,0,0,0,0,0,0,0
156527,18,19,clinic,33838,85,17,DAY,1,580,350.0,3.0,4,7,6,0,0,0,0,0,0
156528,18,19,clinic,33838,85,17,DAY,1,580,350.0,3.0,4,9,8,0,0,0,0,0,0
156529,18,4,ehpad_rh,35915,93,6,DAY,1,660,456.0,1.0,2,60,59,0,1,1,0,1,0
156531,18,4,clinic,36006,95,6,NIGHT,1,600,380.0,4.0,1,120,1,119,0,0,0,0,0
156532,18,5,clinic,35806,92,6,DAY,1,660,385.0,2.0,2,1,0,0,1,1,0,1,0
156533,18,5,clinic,35951,94,6,NIGHT,1,700,536.0,4.0,1,90,1,89,0,0,0,0,0
156534,18,30,clinic,35933,93,6,DAY,1,660,440.0,3.0,3,1,0,0,0,0,0,0,0
156534,18,30,clinic,35933,93,6,DAY,1,660,440.0,3.0,4,44,0,0,0,0,0,0,0
156535,18,30,clinic,35933,93,6,DAY,1,660,440.0,1.0,4,40,0,0,0,0,0,0,0
156536,18,5,clinic,35933,93,6,DAY,1,660,418.0,3.0,3,174,0,0,0,0,0,0,0
156537,18,5,clinic,35933,93,6,DAY,1,660,481.0,0.0,1,3,0,3,0,0,0,0,0
156537,18,5,clinic,35933,93,6,DAY,1,660,481.0,0.0,2,180,1,177,0,0,0,0,0
156538,18,5,clinic,35933,93,6,NIGHT,1,660,481.0,2.0,2,193,190,0,1,1,1,0,0
156539,18,5,clinic,35933,93,6,NIGHT,1,660,481.0,5.0,3,20,19,0,1,1,0,1,0
156540,18,5,clinic,35933,93,6,NIGHT,1,660,481.0,6.0,3,177,176,0,1,1,1,0,0
156541,18,5,clinic,35933,93,6,NIGHT,1,660,481.0,0.0,3,180,179,0,1,1,1,0,0
156542,18,5,clinic,35933,93,6,DAY,1,660,396.0,6.0,2,6,0,0,0,0,0,0,0
156542,18,5,clinic,35933,93,6,DAY,1,660,396.0,6.0,3,167,2,0,0,0,0,0,0
156543,18,5,clinic,35933,93,6,DAY,1,660,396.0,1.0,3,175,172,0,1,1,1,0,0
156544,18,30,clinic,35933,93,6,DAY,1,660,440.0,6.0,0,38,0,0,0,0,0,0,0
156545,18,30,clinic,35933,93,6,DAY,1,660,440.0,6.0,0,35,0,0,0,0,0,0,0
156546,18,28,clinic,35933,93,6,NIGHT,1,660,455.0,6.0,0,168,165,0,1,1,0,0,0
156547,18,5,clinic,35933,93,6,DAY,1,660,418.0,6.0,4,153,0,0,0,0,0,0,0
156548,18,5,clinic,35933,93,6,DAY,1,660,481.0,0.0,0,116,115,0,1,1,0,0,0
156549,18,5,clinic,35933,93,6,DAY,1,660,455.0,0.0,0,144,143,0,0,0,0,0,0
156549,18,5,clinic,35933,93,6,DAY,1,660,455.0,0.0,4,5,4,0,1,1,0,0,0
156550,18,5,clinic,35933,93,6,DAY,1,660,396.0,6.0,4,153,0,0,0,0,0,0,0
156551,18,5,clinic,35933,93,6,DAY,1,660,396.0,3.0,0,143,0,0,0,0,0,0,0
156551,18,5,clinic,35933,93,6,DAY,1,660,396.0,3.0,4,1,0,0,0,0,0,0,0
156552,18,5,clinic,35933,93,6,DAY,1,660,396.0,4.0,0,144,0,0,0,0,0,0,0
156553,18,5,clinic,35933,93,6,DAY,1,660,396.0,4.0,0,144,0,0,0,0,0,0,0
156554,18,5,clinic,35933,93,6,DAY,1,660,396.0,6.0,0,127,0,0,0,0,0,0,0
156555,18,5,clinic,35933,93,6,DAY,1,660,396.0,1.0,0,126,0,0,0,0,0,0,0
156556,18,5,clinic,35933,93,6,DAY,1,660,396.0,2.0,0,124,0,0,0,0,0,0,0
156557,18,5,clinic,35933,93,6,DAY,1,660,396.0,3.0,0,121,0,0,0,0,0,0,0
156558,18,4,ehpad_rh,13339,35,15,DAY,1,720,497.0,6.0,3,15,14,0,1,1,0,1,0
156559,18,28,clinic,36006,95,6,NIGHT,1,600,380.0,6.0,1,123,1,121,0,0,0,0,0
156559,18,28,clinic,36006,95,6,NIGHT,1,600,380.0,6.0,2,90,0,89,0,0,0,0,0
156560,1,28,teleconsult,21474,57,13,DAY,1,300,300.0,6.0,1,1,0,0,1,1,0,1,0
156561,18,28,clinic,31750,79,6,DAY,1,660,456.0,3.0,3,164,161,0,1,0,1,0,0
156562,18,32,clinic,36169,96,6,NIGHT,1,600,410.0,0.0,2,211,210,0,1,1,1,0,0
156563,18,28,clinic,35933,93,6,NIGHT,1,660,455.0,3.0,4,1,0,0,1,1,0,1,0
156564,18,28,clinic,35933,93,6,NIGHT,1,660,455.0,4.0,4,1,0,0,1,1,0,1,0
156565,18,28,clinic,35933,93,6,NIGHT,1,660,455.0,2.0,4,1,0,0,1,1,0,1,0
156566,18,11,labo,35935,93,6,DAY,1,300,225.0,6.0,3,20,19,0,1,1,0,1,0
156566,18,11,labo,35935,93,6,DAY,1,300,225.0,6.0,4,30,29,0,1,0,1,0,0
156567,18,11,labo,35935,93,6,DAY,1,300,225.0,3.0,3,60,58,0,1,1,0,1,1
156568,18,11,labo,35935,93,6,DAY,1,300,225.0,4.0,3,40,39,0,1,1,0,1,0
156569,18,11,labo,35935,93,6,DAY,1,300,225.0,5.0,3,1,0,0,1,1,0,1,0
156570,18,11,labo,35935,93,6,DAY,1,300,225.0,1.0,4,1,0,0,1,1,0,1,0
156571,18,11,labo,35935,93,6,DAY,1,300,225.0,2.0,4,1,0,0,1,1,0,1,0
156572,18,11,labo,35935,93,6,DAY,1,300,225.0,3.0,4,50,48,0,2,1,1,1,0
156573,18,29,clinic,4440,13,17,DAY,1,540,341.0,1.0,2,1,0,0,1,1,0,1,0
156574,18,4,ehpad_rh,31899,79,6,DAY,1,600,400.0,5.0,1,1,0,0,1,1,0,1,1
156575,18,4,ehpad_rh,31899,79,6,DAY,1,600,460.0,0.0,2,1,0,0,1,1,0,1,1
156576,18,4,ehpad_rh,31899,79,6,DAY,1,600,400.0,2.0,3,1,0,0,1,1,0,1,1
156577,18,4,ehpad_rh,31899,79,6,DAY,1,600,400.0,2.0,4,1,0,0,1,1,0,1,1
156578,18,4,ehpad_rh,31899,79,6,DAY,1,600,400.0,1.0,4,1,0,0,1,1,0,1,1
156579,18,32,ssr,35918,93,6,NIGHT,1,660,460.0,6.0,1,173,172,0,1,1,0,1,0
156579,18,32,ssr,35918,93,6,NIGHT,1,660,460.0,6.0,2,30,30,0,0,0,0,0,0
156580,18,28,hospi,30438,76,6,NIGHT,1,660,440.0,2.0,4,200,198,0,2,1,1,1,0
156581,18,28,hospi,30438,76,6,NIGHT,1,660,440.0,3.0,4,180,178,0,2,1,1,1,0
156582,18,28,hospi,30438,76,6,NIGHT,1,660,440.0,4.0,1,1,0,0,1,1,0,1,1
156583,18,28,hospi,30438,76,6,NIGHT,1,660,440.0,2.0,3,1,0,0,1,1,0,1,1
156584,18,28,hospi,30438,76,6,NIGHT,1,660,440.0,5.0,4,1,0,0,1,1,0,1,1
156585,18,28,hospi,30438,76,6,NIGHT,1,660,440.0,2.0,4,1,0,0,1,1,0,1,1
156586,18,2,clinic,30438,76,6,DAY,1,660,418.0,2.0,0,113,0,0,0,0,0,0,0
156587,18,19,clinic,31856,79,6,NIGHT,1,690,460.0,3.0,4,10,9,0,1,1,1,0,0
156588,18,4,clinic,31856,79,6,NIGHT,1,690,460.0,5.0,3,20,20,0,0,0,0,0,0
156589,18,18,clinic,31856,79,6,NIGHT,1,690,460.0,1.0,2,30,29,0,1,1,1,0,0
156590,18,18,clinic,31856,79,6,NIGHT,1,690,460.0,2.0,2,140,139,0,1,1,1,0,0
156591,18,18,clinic,31856,79,6,NIGHT,1,690,460.0,5.0,3,90,89,0,1,1,1,0,0
156592,18,18,clinic,31856,79,6,NIGHT,1,690,460.0,6.0,3,20,20,0,0,0,0,0,0
156593,18,18,clinic,31856,79,6,NIGHT,1,690,460.0,0.0,3,20,20,0,0,0,0,0,0
156594,18,18,clinic,31856,79,6,NIGHT,1,690,460.0,3.0,3,120,119,0,1,1,1,0,0
156595,18,18,clinic,31856,79,6,NIGHT,1,690,460.0,4.0,3,90,89,0,1,1,0,1,0
156596,18,18,clinic,31856,79,6,NIGHT,1,690,460.0,1.0,4,110,109,0,1,1,1,0,0
156597,18,18,clinic,31856,79,6,NIGHT,1,690,460.0,2.0,4,10,9,0,1,1,1,0,0
156598,18,18,clinic,31856,79,6,NIGHT,1,690,460.0,3.0,4,100,99,0,1,1,1,0,0
156599,18,18,clinic,31856,79,6,NIGHT,1,690,460.0,5.0,4,110,109,0,1,1,0,1,0
156600,18,18,clinic,31856,79,6,NIGHT,1,690,460.0,6.0,4,10,9,0,1,1,1,0,0
156601,18,18,clinic,31856,79,6,NIGHT,1,690,460.0,0.0,4,110,109,0,1,1,0,1,0
156602,18,4,clinic,31856,79,6,NIGHT,1,690,460.0,5.0,1,60,60,0,0,0,0,0,0
156604,18,28,clinic,35933,93,6,NIGHT,1,660,455.0,1.0,2,180,179,0,1,1,0,1,0
156605,18,28,clinic,35933,93,6,NIGHT,1,660,455.0,5.0,2,104,2,0,0,0,0,0,0
156605,18,28,clinic,35933,93,6,NIGHT,1,660,455.0,5.0,3,110,0,0,0,0,0,0,0
156606,18,28,clinic,35933,93,6,NIGHT,1,660,455.0,5.0,4,80,79,0,1,1,0,1,0
156607,18,28,clinic,35933,93,6,NIGHT,1,660,455.0,1.0,4,80,79,0,1,1,0,1,0
156610,18,2,clinic,35950,94,6,DAY,1,510,323.0,3.0,0,1,0,0,1,1,0,1,0
156611,18,2,clinic,35950,94,6,DAY,1,510,323.0,5.0,0,1,0,0,1,1,0,1,0
156612,18,44,clinic,31750,79,6,NIGHT,1,660,469.0,4.0,3,138,135,0,1,1,0,0,0
156614,18,4,clinic,31856,79,6,NIGHT,1,690,460.0,5.0,1,190,0,190,0,0,0,0,0
156615,18,4,clinic,31856,79,6,DAY,1,405,270.0,6.0,2,1,1,0,0,0,0,0,0
156615,18,4,clinic,31856,79,6,DAY,1,405,270.0,6.0,3,167,166,0,0,0,0,0,0
156616,18,32,clinic,31856,79,6,DAY,1,690,460.0,6.0,1,178,0,178,0,0,0,0,0
156617,18,4,clinic,31856,79,6,NIGHT,2,690,460.0,5.0,2,102,101,0,1,1,1,0,0
156617,18,4,clinic,31856,79,6,NIGHT,2,690,460.0,5.0,3,80,79,0,0,0,0,0,0
156619,18,18,clinic,31856,79,6,NIGHT,1,690,460.0,6.0,3,120,119,0,1,1,1,0,0
156620,18,18,clinic,31856,79,6,NIGHT,1,690,460.0,0.0,3,80,79,0,1,1,1,0,0
156621,18,30,clinic,36006,95,6,NIGHT,1,660,418.0,5.0,1,52,52,0,0,0,0,0,0
156622,18,28,hospi,30438,76,6,NIGHT,1,660,440.0,2.0,3,190,183,0,4,1,3,1,0
156623,18,28,hospi,30438,76,6,NIGHT,1,660,440.0,5.0,3,190,186,0,3,1,2,1,0
156624,18,28,hospi,30438,76,6,NIGHT,1,660,440.0,2.0,4,200,190,0,6,1,5,1,0
156625,18,28,hospi,30438,76,6,NIGHT,1,660,440.0,4.0,1,1,0,0,1,1,0,1,0
156626,18,4,ehpad_rh,31899,79,6,DAY,1,600,400.0,6.0,1,149,0,148,0,0,0,0,0
156627,18,4,ehpad_rh,31899,79,6,DAY,1,420,280.0,5.0,1,30,0,30,0,0,0,0,0
156629,18,28,clinic,31750,79,6,NIGHT,1,660,524.0,6.0,3,1,0,0,1,1,0,1,0
156630,18,19,clinic,4427,13,17,DAY,1,270,171.0,6.0,1,25,0,25,0,0,0,0,0
156631,18,19,clinic,4427,13,17,DAY,1,255,161.0,6.0,1,25,0,25,0,0,0,0,0
156632,18,28,clinic,35933,93,6,DAY,1,660,455.0,0.0,1,200,0,198,0,0,0,0,0
156633,18,5,clinic,35806,92,6,DAY,2,660,385.0,1.0,1,2,0,2,0,0,0,0,0
156633,18,5,clinic,35806,92,6,DAY,2,660,385.0,1.0,2,151,0,149,0,0,0,0,0
156634,18,28,clinic,35806,92,6,DAY,1,660,443.0,0.0,1,177,0,175,0,0,0,0,0
156635,18,44,clinic,35806,92,6,DAY,2,660,443.0,0.0,1,149,0,147,0,0,0,0,0
156636,18,30,clinic,35806,92,6,DAY,2,660,443.0,0.0,1,41,0,41,0,0,0,0,0
156637,18,28,clinic,35806,92,6,DAY,1,660,385.0,6.0,1,174,0,173,0,0,0,0,0
156638,18,44,clinic,35806,92,6,DAY,2,660,385.0,6.0,1,146,0,144,0,0,0,0,0
156639,18,30,clinic,35806,92,6,DAY,2,660,385.0,6.0,1,40,0,40,0,0,0,0,0
156640,18,19,clinic,33838,85,17,DAY,1,580,350.0,3.0,4,6,5,0,0,0,0,0,0
156641,18,19,clinic,33838,85,17,DAY,1,580,350.0,4.0,4,8,6,0,0,0,0,0,0
156642,18,11,labo,35935,93,6,DAY,1,300,225.0,2.0,3,11,10,0,1,1,0,1,0
156644,18,29,clinic,33838,85,17,DAY,1,525,318.0,3.0,2,9,8,0,0,0,0,0,0
156646,18,42,hospi,16756,45,12,NIGHT,1,580,518.0,5.0,1,74,0,74,0,0,0,0,0
156647,18,42,hospi,16756,45,12,NIGHT,1,580,518.0,6.0,1,75,0,75,0,0,0,0,0
156648,18,42,hospi,16756,45,12,NIGHT,1,580,518.0,0.0,1,1,0,1,0,0,0,0,0
156648,18,42,hospi,16756,45,12,NIGHT,1,580,518.0,0.0,2,76,1,75,0,0,0,0,0
156649,18,32,ssr,35918,93,6,DAY,1,540,368.0,6.0,1,30,0,30,0,0,0,0,0
156650,18,44,ssr,30438,76,6,DAY,1,675,490.0,0.0,3,153,151,0,1,1,0,1,0
156651,18,28,clinic,31750,79,6,DAY,1,660,456.0,2.0,3,166,165,0,0,0,0,0,0
156652,18,5,clinic,31750,79,6,DAY,1,660,408.0,4.0,3,143,142,0,0,0,0,0,0
156653,18,5,clinic,31750,79,6,DAY,1,510,323.0,3.0,4,145,144,0,0,0,0,0,0
156654,18,5,clinic,31750,79,6,DAY,1,510,323.0,4.0,4,140,139,0,0,0,0,0,0
156655,18,5,clinic,31750,79,6,DAY,1,510,323.0,5.0,4,140,139,0,0,0,0,0,0
156656,18,4,clinic,31856,79,6,NIGHT,1,690,460.0,6.0,1,150,0,150,0,0,0,0,0
156657,18,28,clinic,31750,79,6,NIGHT,1,660,524.0,6.0,1,150,0,149,0,0,0,0,0
156658,18,28,clinic,31719,79,6,NIGHT,1,660,497.0,0.0,1,205,204,0,1,1,0,1,0
156659,18,5,clinic,35938,94,6,NIGHT,1,690,529.0,1.0,2,1,0,0,1,1,0,1,0
156660,18,44,hea_hou,30438,76,6,DAY,1,660,552.0,0.0,1,177,0,176,0,0,0,0,0
156661,18,44,clinic,31750,79,6,NIGHT,1,660,469.0,2.0,4,50,49,0,1,1,0,0,0
156662,18,32,clinic,1941,6,17,NIGHT,1,720,524.0,0.0,1,8,7,0,1,1,0,1,0
156664,18,28,clinic,31719,79,6,DAY,1,660,497.0,6.0,2,140,138,0,1,1,0,1,0
156665,18,4,ssr,30438,76,6,DAY,1,675,490.0,1.0,1,90,89,0,1,1,1,0,0
156666,18,28,clinic,31719,79,6,NIGHT,1,660,497.0,0.0,1,1,0,0,1,1,0,1,0
156667,18,44,ssr,30438,76,6,DAY,1,675,490.0,1.0,1,173,0,172,0,0,0,0,0
156668,18,2,hospi,36059,96,6,NIGHT,1,700,468.0,1.0,1,125,125,0,0,0,0,0,0
156669,18,2,hospi,36059,96,6,NIGHT,1,700,468.0,2.0,2,1,0,0,1,1,0,1,0
156670,18,2,hospi,36059,96,6,NIGHT,1,700,468.0,3.0,2,1,0,0,1,1,0,1,0
156671,18,2,hospi,36059,96,6,NIGHT,1,700,468.0,1.0,4,1,0,0,1,1,0,1,0
156672,18,2,hospi,36059,96,6,NIGHT,1,700,468.0,2.0,4,1,0,0,1,1,0,1,0
156673,18,2,hospi,36059,96,6,NIGHT,1,700,468.0,5.0,4,1,0,0,1,1,0,1,0
156674,18,2,hospi,36059,96,6,NIGHT,1,700,468.0,6.0,4,1,0,0,1,1,0,1,0
156675,18,4,ssr,30438,76,6,DAY,1,675,490.0,1.0,1,90,90,0,0,0,0,0,0
156676,18,44,hea_hou,30438,76,6,NIGHT,1,640,536.0,0.0,1,30,0,30,0,0,0,0,0
156677,18,28,hospi,30438,76,6,NIGHT,1,660,440.0,1.0,1,60,60,0,0,0,0,0,0
156678,18,28,hospi,30438,76,6,NIGHT,1,660,440.0,2.0,1,231,229,0,2,0,2,0,0
156679,18,42,clinic,33838,85,17,DAY,1,580,350.0,2.0,3,14,14,0,0,0,0,0,0
156680,18,42,clinic,33838,85,17,DAY,1,580,350.0,5.0,2,16,15,0,1,1,0,1,0
156681,18,29,clinic,33838,85,17,DAY,1,525,318.0,4.0,3,10,10,0,0,0,0,0,0
156682,18,32,ssr,35918,93,6,DAY,1,660,442.0,0.0,2,90,89,0,1,1,0,1,0
156683,18,29,clinic,33838,85,17,DAY,1,420,257.0,1.0,2,10,10,0,0,0,0,0,0
156684,18,29,clinic,33838,85,17,DAY,1,420,257.0,3.0,3,11,10,0,0,0,0,0,0
156685,18,8,clinic,30438,76,6,DAY,1,660,456.0,6.0,3,50,49,0,1,1,1,0,0
156686,18,8,clinic,30438,76,6,DAY,1,660,456.0,3.0,4,1,0,0,1,1,0,1,0
156687,18,42,clinic,33838,85,17,NIGHT,1,580,400.0,1.0,1,12,12,0,0,0,0,0,0
156688,18,42,clinic,33838,85,17,NIGHT,1,580,400.0,3.0,2,13,12,0,0,0,0,0,0
156689,18,32,ssr,35918,93,6,DAY,1,660,384.0,2.0,1,30,29,0,1,1,0,1,0
156690,18,32,ssr,35918,93,6,DAY,1,660,384.0,1.0,3,150,149,0,1,1,0,1,0
156691,18,42,clinic,33838,85,17,NIGHT,1,580,400.0,4.0,2,12,11,0,0,0,0,0,0
156692,18,5,clinic,35933,93,6,DAY,1,660,396.0,1.0,2,175,1,0,0,0,0,0,0
156693,18,44,clinic,35938,94,6,NIGHT,1,690,529.0,1.0,1,150,149,0,0,0,0,0,0
156694,18,29,clinic,33838,85,17,DAY,1,525,318.0,3.0,1,10,9,0,0,0,0,0,0
156695,18,44,hea_hou,30438,76,6,NIGHT,1,640,536.0,1.0,1,90,90,0,0,0,0,0,0
156696,18,44,hea_hou,30438,76,6,DAY,1,660,440.0,5.0,2,30,30,0,0,0,0,0,0
156697,18,32,clinic,1941,6,17,NIGHT,1,720,524.0,5.0,4,5,0,0,0,0,0,0,0
156699,18,32,clinic,1941,6,17,NIGHT,1,720,524.0,0.0,4,4,0,0,0,0,0,0,0
156704,18,28,other_ms,35981,95,6,DAY,1,580,380.0,5.0,2,189,0,0,0,0,0,0,0
156705,18,2,clinic,30438,76,6,DAY,1,660,418.0,2.0,1,157,0,156,0,0,0,0,0
156706,18,4,ehpad_rh,31899,79,6,DAY,1,600,400.0,2.0,3,146,1,0,0,0,0,0,0
156707,18,4,ehpad_rh,31899,79,6,DAY,1,600,400.0,2.0,4,138,0,0,0,0,0,0,0
156708,18,4,ehpad_rh,31899,79,6,DAY,1,600,400.0,1.0,4,141,1,0,0,0,0,0,0
156709,18,5,ssr,12591,34,14,DAY,1,480,272.0,3.0,3,10,10,0,0,0,0,0,0
156710,18,4,ehpad_rh,31899,79,6,DAY,1,600,400.0,2.0,1,159,0,158,0,0,0,0,0
156712,18,42,clinic,33838,85,17,DAY,1,580,350.0,5.0,2,16,15,0,0,0,0,0,0
156713,18,4,ssr,30438,76,6,DAY,1,675,490.0,0.0,4,188,185,0,1,1,0,1,0
156714,18,4,ssr,30438,76,6,DAY,1,675,490.0,1.0,4,180,177,0,1,1,0,1,0
156715,18,4,clinic,30438,76,6,DAY,1,660,418.0,2.0,1,90,89,0,1,1,0,1,0
156716,18,44,ssr,30438,76,6,DAY,1,675,490.0,2.0,1,175,0,174,0,0,0,0,0
156717,18,32,clinic,1941,6,17,DAY,1,650,411.0,4.0,2,9,0,0,0,0,0,0,0
156718,18,32,ssr,30438,76,6,DAY,1,675,490.0,3.0,1,211,210,0,1,1,1,0,0
156719,18,32,ssr,30438,76,6,DAY,1,675,490.0,5.0,2,204,203,0,1,1,1,0,0
156720,18,2,clinic,35950,94,6,DAY,1,700,456.0,1.0,2,139,0,0,0,0,0,0,0
156725,18,44,hea_hou,30438,76,6,DAY,1,660,440.0,3.0,4,170,168,0,0,0,0,0,0
156726,18,44,hea_hou,30438,76,6,DAY,1,660,440.0,1.0,4,165,162,0,0,0,0,0,0
156727,18,44,hea_hou,30438,76,6,DAY,1,660,440.0,1.0,4,20,20,0,0,0,0,0,0
156728,18,44,hea_hou,30438,76,6,DAY,1,660,440.0,4.0,4,169,167,0,0,0,0,0,0
156729,18,44,hea_hou,30438,76,6,DAY,1,660,440.0,2.0,4,160,158,0,0,0,0,0,0
156730,18,44,hea_hou,30438,76,6,DAY,1,660,552.0,0.0,4,162,159,0,2,1,2,0,0
156731,18,44,hea_hou,30438,76,6,DAY,1,660,440.0,2.0,3,173,171,0,1,1,0,1,0
156732,18,44,hea_hou,30438,76,6,DAY,1,660,440.0,6.0,4,160,157,0,2,1,1,1,0
156733,18,44,hea_hou,30438,76,6,NIGHT,1,640,536.0,2.0,1,195,193,0,0,0,0,0,0
156737,18,4,ehpad_rh,31701,79,6,DAY,1,600,380.0,3.0,0,3,0,0,0,0,0,0,0
156738,18,4,ehpad_rh,31701,79,6,DAY,1,660,481.0,0.0,0,4,4,0,0,0,0,0,0
156739,18,4,ehpad_rh,31701,79,6,DAY,1,660,418.0,6.0,0,4,0,0,0,0,0,0,0
156740,18,4,ehpad_rh,31701,79,6,DAY,1,600,380.0,5.0,0,9,0,0,0,0,0,0,0
156742,18,42,clinic,33838,85,17,DAY,1,580,350.0,4.0,4,12,11,0,0,0,0,0,0
156743,18,42,clinic,33838,85,17,DAY,1,580,350.0,5.0,4,14,13,0,0,0,0,0,0
156744,18,19,clinic,33838,85,17,DAY,1,580,350.0,3.0,4,7,6,0,0,0,0,0,0
156745,18,19,clinic,33838,85,17,DAY,1,580,350.0,4.0,4,8,7,0,0,0,0,0,0
156746,18,44,clinic,35938,94,6,NIGHT,1,690,529.0,2.0,1,168,165,0,1,1,0,0,0
156747,18,4,ehpad_rh,35841,92,6,DAY,1,600,400.0,6.0,2,151,0,0,0,0,0,0,0
156748,18,32,clinic,1941,6,17,DAY,1,650,411.0,4.0,2,9,0,0,0,0,0,0,0
156749,18,44,hea_hou,30438,76,6,DAY,1,660,440.0,5.0,4,169,167,0,0,0,0,0,0
156750,18,28,clinic,31719,79,6,DAY,1,660,497.0,0.0,2,1,0,0,1,1,0,1,0
156751,18,28,clinic,31719,79,6,DAY,1,660,497.0,0.0,4,1,0,0,1,1,0,1,0
156752,18,4,ehpad_rh,31701,79,6,DAY,1,600,380.0,1.0,0,4,4,0,0,0,0,0,0
156753,18,4,clinic,30438,76,6,DAY,2,660,418.0,1.0,2,205,0,0,1,1,0,0,0
156754,18,4,ehpad_rh,35915,93,6,DAY,1,600,456.0,2.0,1,220,0,219,0,0,0,0,0
156755,18,32,ssr,30438,76,6,NIGHT,1,645,490.0,5.0,2,218,216,0,2,1,1,1,0
156756,18,32,ssr,30438,76,6,NIGHT,1,645,490.0,3.0,2,220,219,0,1,1,0,1,0
156757,18,32,clinic,35813,92,6,DAY,1,600,360.0,1.0,2,1,0,0,1,1,0,1,0
156758,18,8,clinic,30438,76,6,DAY,1,660,456.0,6.0,3,70,69,0,1,1,1,0,0
156759,18,28,clinic,31719,79,6,DAY,1,660,432.0,3.0,4,1,0,0,1,1,0,1,0
156760,18,28,clinic,31750,79,6,NIGHT,1,660,524.0,1.0,1,30,0,30,0,0,0,0,0
156761,18,11,labo,29483,73,12,DAY,1,510,289.0,2.0,1,1,0,0,1,1,0,1,0
156762,18,42,hospi,16756,45,12,NIGHT,1,580,518.0,3.0,2,76,0,0,0,0,0,0,0
156763,18,42,hospi,16756,45,12,NIGHT,1,580,518.0,4.0,2,75,0,0,0,0,0,0,0
156764,18,42,hospi,16756,45,12,NIGHT,1,580,518.0,5.0,2,74,0,0,0,0,0,0,0
156765,18,32,ssr,30438,76,6,DAY,1,675,490.0,3.0,3,1,0,0,1,1,0,1,0
156766,18,4,hospi,35941,94,6,DAY,1,720,420.0,5.0,3,1,0,0,1,1,0,1,0
156767,18,4,ssr,30438,76,6,DAY,1,675,490.0,5.0,4,180,0,0,0,0,0,0,0
156768,18,4,ssr,30438,76,6,DAY,1,675,490.0,3.0,4,1,0,0,1,1,0,1,0
156769,18,4,ssr,30438,76,6,DAY,1,675,490.0,4.0,4,1,0,0,1,1,0,1,0
156770,18,4,ssr,35918,93,6,DAY,1,660,442.0,6.0,4,140,137,0,1,1,0,1,0
156771,18,4,ssr,35918,93,6,DAY,1,660,442.0,0.0,4,30,28,0,1,1,1,0,0
156772,18,5,clinic,35933,93,6,NIGHT,1,660,455.0,3.0,0,80,79,0,1,1,0,0,0
156773,18,4,clinic,30438,76,6,DAY,1,660,418.0,2.0,3,90,89,0,1,1,0,0,0
156774,18,4,clinic,30438,76,6,DAY,1,660,418.0,3.0,3,180,0,0,0,0,0,0,0
156775,18,32,clinic,35813,92,6,DAY,1,600,360.0,4.0,3,40,40,0,0,0,0,0,0
156776,18,32,clinic,35813,92,6,DAY,1,600,375.0,0.0,4,40,40,0,0,0,0,0,0
156777,18,32,clinic,35813,92,6,DAY,1,600,360.0,6.0,3,50,49,0,0,0,0,0,0
156778,18,32,clinic,35813,92,6,DAY,1,600,360.0,5.0,4,50,49,0,0,0,0,0,0
156779,18,32,clinic,35813,92,6,DAY,1,600,360.0,6.0,0,50,49,0,0,0,0,0,0
156780,18,32,clinic,35813,92,6,DAY,1,600,360.0,5.0,0,50,49,0,0,0,0,0,0
156781,18,32,clinic,35813,92,6,DAY,1,600,360.0,2.0,0,50,49,0,0,0,0,0,0
156782,18,32,clinic,35813,92,6,DAY,1,600,360.0,3.0,0,50,49,0,0,0,0,0,0
156783,18,32,clinic,35813,92,6,DAY,1,600,360.0,6.0,0,50,49,0,0,0,0,0,0
156784,18,32,clinic,35813,92,6,DAY,1,600,360.0,4.0,0,50,49,0,0,0,0,0,0
156785,18,32,clinic,35813,92,6,DAY,1,600,360.0,5.0,0,50,49,0,0,0,0,0,0
156786,18,32,clinic,35813,92,6,DAY,1,600,375.0,0.0,0,50,49,0,0,0,0,0,0
156787,18,32,clinic,35813,92,6,DAY,1,600,375.0,0.0,0,50,49,0,0,0,0,0,0
156788,18,32,clinic,35813,92,6,DAY,1,600,360.0,1.0,0,50,49,0,0,0,0,0,0
156789,18,32,clinic,35813,92,6,DAY,1,600,360.0,5.0,0,50,49,0,0,0,0,0,0
156790,18,32,clinic,35813,92,6,DAY,1,600,360.0,2.0,0,50,49,0,0,0,0,0,0
156791,18,32,clinic,35813,92,6,DAY,1,600,360.0,6.0,0,50,49,0,0,0,0,0,0
156792,18,32,clinic,35813,92,6,DAY,1,600,360.0,2.0,0,50,49,0,0,0,0,0,0
156793,18,32,clinic,35813,92,6,DAY,1,600,375.0,0.0,0,50,49,0,0,0,0,0,0
156794,18,32,clinic,35813,92,6,DAY,1,600,360.0,4.0,0,50,49,0,0,0,0,0,0
156795,18,32,clinic,35813,92,6,DAY,1,600,360.0,5.0,0,50,49,0,0,0,0,0,0
156796,18,32,clinic,35813,92,6,DAY,1,600,360.0,6.0,0,50,49,0,0,0,0,0,0
156797,18,32,clinic,35813,92,6,DAY,1,600,375.0,0.0,0,50,49,0,0,0,0,0,0
156798,18,5,clinic,31750,79,6,DAY,1,660,408.0,5.0,2,20,20,0,0,0,0,0,0
156799,18,5,clinic,31750,79,6,DAY,1,660,408.0,4.0,3,20,20,0,0,0,0,0,0
156800,18,5,clinic,31750,79,6,NIGHT,1,660,469.0,2.0,1,60,60,0,0,0,0,0,0
156801,18,28,clinic,31750,79,6,DAY,1,660,524.0,6.0,2,20,20,0,0,0,0,0,0
156802,18,28,clinic,31750,79,6,DAY,1,660,456.0,4.0,4,20,20,0,0,0,0,0,0
156803,18,28,clinic,31750,79,6,NIGHT,1,660,524.0,0.0,2,20,20,0,0,0,0,0,0
156804,18,28,clinic,31750,79,6,NIGHT,1,660,524.0,0.0,4,20,20,0,0,0,0,0,0
156805,18,28,clinic,31750,79,6,NIGHT,1,660,524.0,4.0,3,20,20,0,0,0,0,0,0
156806,18,28,clinic,31750,79,6,DAY,1,660,456.0,4.0,1,60,60,0,0,0,0,0,0
156807,18,2,clinic,31750,79,6,DAY,1,660,408.0,4.0,4,20,20,0,0,0,0,0,0
156808,18,2,clinic,31750,79,6,NIGHT,1,660,469.0,5.0,2,20,20,0,0,0,0,0,0
156809,18,2,clinic,31750,79,6,NIGHT,1,660,469.0,6.0,3,20,20,0,0,0,0,0,0
156810,18,2,clinic,31750,79,6,NIGHT,1,660,469.0,0.0,3,20,20,0,0,0,0,0,0
156811,18,44,clinic,31750,79,6,DAY,1,660,408.0,4.0,3,20,20,0,0,0,0,0,0
156812,18,44,clinic,31750,79,6,DAY,1,660,408.0,5.0,3,20,20,0,0,0,0,0,0
156813,18,44,clinic,31750,79,6,NIGHT,1,660,469.0,6.0,2,20,20,0,0,0,0,0,0
156814,18,44,clinic,31750,79,6,NIGHT,1,660,469.0,6.0,4,20,20,0,0,0,0,0,0
156815,18,9,clinic,31750,79,6,DAY,1,660,408.0,1.0,2,20,20,0,0,0,0,0,0
156816,18,9,clinic,31750,79,6,DAY,1,660,408.0,2.0,2,20,20,0,0,0,0,0,0
156817,18,9,clinic,31750,79,6,DAY,1,660,408.0,1.0,4,20,20,0,0,0,0,0,0
156818,18,9,clinic,31750,79,6,NIGHT,1,660,469.0,5.0,2,20,20,0,0,0,0,0,0
156819,18,9,clinic,31750,79,6,NIGHT,1,660,469.0,0.0,3,20,20,0,0,0,0,0,0
156820,18,9,clinic,31750,79,6,NIGHT,1,660,469.0,4.0,4,20,20,0,0,0,0,0,0
156821,18,9,clinic,31750,79,6,NIGHT,1,660,469.0,1.0,4,20,20,0,0,0,0,0,0
156822,18,9,clinic,31750,79,6,NIGHT,1,660,469.0,2.0,4,20,20,0,0,0,0,0,0
156823,18,9,clinic,31750,79,6,NIGHT,1,660,469.0,3.0,4,20,20,0,0,0,0,0,0
156824,18,30,clinic,31750,79,6,NIGHT,1,660,469.0,5.0,2,20,20,0,0,0,0,0,0
156825,18,30,clinic,31750,79,6,NIGHT,1,660,469.0,6.0,2,20,20,0,0,0,0,0,0
156826,18,30,clinic,31750,79,6,NIGHT,1,660,469.0,0.0,2,20,20,0,0,0,0,0,0
156827,18,30,clinic,31750,79,6,NIGHT,1,660,469.0,1.0,2,20,20,0,0,0,0,0,0
156828,18,30,clinic,31750,79,6,NIGHT,1,660,469.0,4.0,3,20,20,0,0,0,0,0,0
156829,18,30,clinic,31750,79,6,NIGHT,1,660,469.0,5.0,3,20,20,0,0,0,0,0,0
156830,18,30,clinic,31750,79,6,NIGHT,1,660,469.0,6.0,3,20,20,0,0,0,0,0,0
156831,18,30,clinic,31750,79,6,NIGHT,1,660,469.0,0.0,3,20,20,0,0,0,0,0,0
156832,18,30,clinic,31750,79,6,NIGHT,1,660,469.0,1.0,3,20,20,0,0,0,0,0,0
156833,18,30,clinic,31750,79,6,NIGHT,1,660,469.0,2.0,3,20,20,0,0,0,0,0,0
156834,18,30,clinic,31750,79,6,NIGHT,1,660,469.0,3.0,4,20,20,0,0,0,0,0,0
156835,18,30,clinic,31750,79,6,NIGHT,1,660,469.0,1.0,4,20,20,0,0,0,0,0,0
156836,18,30,clinic,31750,79,6,NIGHT,1,660,469.0,2.0,4,20,20,0,0,0,0,0,0
156837,18,30,clinic,31750,79,6,NIGHT,1,660,469.0,4.0,4,20,20,0,0,0,0,0,0
156838,18,28,clinic,31719,79,6,DAY,1,660,432.0,3.0,3,20,20,0,0,0,0,0,0
156839,18,28,clinic,31719,79,6,DAY,1,660,432.0,4.0,4,20,20,0,0,0,0,0,0
156840,18,28,clinic,31719,79,6,DAY,1,660,432.0,3.0,4,20,20,0,0,0,0,0,0
156841,18,9,clinic,31719,79,6,NIGHT,1,660,497.0,6.0,4,20,20,0,0,0,0,0,0
156842,18,44,hea_hou,30438,76,6,DAY,1,660,440.0,4.0,1,120,120,0,0,0,0,0,0
156843,18,44,hea_hou,30438,76,6,DAY,1,660,440.0,5.0,2,40,40,0,0,0,0,0,0
156844,18,44,hea_hou,30438,76,6,DAY,1,660,440.0,2.0,3,40,40,0,0,0,0,0,0
156845,18,44,hea_hou,30438,76,6,DAY,1,660,440.0,4.0,4,40,40,0,0,0,0,0,0
156846,18,44,hea_hou,30438,76,6,DAY,1,660,440.0,5.0,4,40,40,0,0,0,0,0,0
156847,18,44,hea_hou,30438,76,6,DAY,1,660,440.0,6.0,4,40,40,0,0,0,0,0,0
156848,18,44,hea_hou,30438,76,6,DAY,1,660,440.0,1.0,4,40,40,0,0,0,0,0,0
156849,18,44,hea_hou,30438,76,6,DAY,1,660,440.0,2.0,4,40,40,0,0,0,0,0,0
156850,18,4,ehpad_rh,31701,79,6,DAY,1,600,380.0,3.0,3,50,0,0,0,0,0,0,0
156851,18,18,clinic,31856,79,6,NIGHT,1,690,460.0,6.0,2,50,0,0,0,0,0,0,0
156852,18,4,ehpad_rh,35908,93,6,DAY,1,600,400.0,1.0,2,50,0,0,0,0,0,0,0
156853,18,4,ehpad_rh,31701,79,6,DAY,1,240,152.0,1.0,0,40,40,0,0,0,0,0,0
156856,18,4,ehpad_rh,31701,79,6,DAY,1,600,380.0,1.0,0,4,0,0,0,0,0,0,0
156857,18,4,ehpad_rh,31701,79,6,DAY,1,600,380.0,3.0,0,4,4,0,0,0,0,0,0
156858,18,44,clinic,35899,92,6,DAY,1,660,396.0,3.0,1,154,0,0,0,0,0,0,0
156859,18,4,ssr,35918,93,6,DAY,1,660,384.0,4.0,1,30,30,0,0,0,0,0,0
156860,18,4,ssr,35918,93,6,DAY,1,660,384.0,5.0,2,10,10,0,0,0,0,0,0
156861,18,19,clinic,4427,13,17,DAY,1,660,428.0,6.0,3,25,0,0,0,0,0,0,0
156862,18,28,other_ms,35981,95,6,DAY,1,580,380.0,2.0,3,40,0,0,0,0,0,0,0
156863,18,4,ssr,35918,93,6,DAY,1,660,442.0,6.0,4,30,0,0,0,0,0,0,0
156864,18,4,ssr,35918,93,6,DAY,1,660,384.0,4.0,1,90,0,0,0,0,0,0,0
156865,18,4,ssr,35918,93,6,DAY,1,660,384.0,5.0,2,30,0,0,0,0,0,0,0
156866,18,32,ssr,35918,93,6,DAY,1,660,442.0,0.0,4,30,0,0,0,0,0,0,0
156867,18,32,ssr,35918,93,6,DAY,1,660,384.0,1.0,3,30,0,0,0,0,0,0,0
156868,18,32,ssr,35918,93,6,DAY,1,660,384.0,4.0,4,30,0,0,0,0,0,0,0
156869,18,32,ssr,35918,93,6,DAY,1,660,384.0,1.0,4,30,0,0,0,0,0,0,0
156870,18,32,ssr,35918,93,6,DAY,1,660,384.0,2.0,4,30,0,0,0,0,0,0,0
156871,18,28,clinic,31750,79,6,DAY,1,660,524.0,6.0,2,30,0,0,0,0,0,0,0
156872,18,28,clinic,31750,79,6,DAY,1,660,456.0,4.0,4,30,0,0,0,0,0,0,0
156873,18,2,clinic,31750,79,6,DAY,1,660,408.0,4.0,4,30,0,0,0,0,0,0,0
156874,18,9,clinic,31750,79,6,DAY,1,660,408.0,1.0,2,30,0,0,0,0,0,0,0
156875,18,9,clinic,31750,79,6,DAY,1,660,408.0,2.0,2,30,0,0,0,0,0,0,0
156876,18,9,clinic,31750,79,6,DAY,1,660,408.0,4.0,3,30,0,0,0,0,0,0,0
156877,18,28,clinic,31750,79,6,DAY,1,660,456.0,4.0,3,30,0,0,0,0,0,0,0
156878,18,5,clinic,31750,79,6,NIGHT,1,660,469.0,2.0,1,90,0,0,0,0,0,0,0
156879,18,5,clinic,31750,79,6,NIGHT,1,660,469.0,3.0,3,30,0,0,0,0,0,0,0
156880,18,5,clinic,31750,79,6,NIGHT,1,660,469.0,4.0,3,30,0,0,0,0,0,0,0
156881,18,5,clinic,31750,79,6,NIGHT,1,660,469.0,0.0,3,30,0,0,0,0,0,0,0
156882,18,5,clinic,31750,79,6,NIGHT,1,660,469.0,1.0,4,30,0,0,0,0,0,0,0
156883,18,5,clinic,31750,79,6,NIGHT,1,660,469.0,2.0,4,30,0,0,0,0,0,0,0
156884,18,28,clinic,31750,79,6,NIGHT,1,660,524.0,0.0,2,30,0,0,0,0,0,0,0
156885,18,28,clinic,31750,79,6,NIGHT,1,660,524.0,4.0,3,30,0,0,0,0,0,0,0
156886,18,28,clinic,31750,79,6,NIGHT,1,660,524.0,0.0,4,22,20,0,2,1,1,1,0
156887,18,2,clinic,31750,79,6,NIGHT,1,660,469.0,5.0,2,30,0,0,0,0,0,0,0
156888,18,2,clinic,31750,79,6,NIGHT,1,660,469.0,6.0,3,30,0,0,0,0,0,0,0
156889,18,2,clinic,31750,79,6,NIGHT,1,660,469.0,0.0,3,30,0,0,0,0,0,0,0
156890,18,2,clinic,31750,79,6,NIGHT,1,660,469.0,3.0,4,30,0,0,0,0,0,0,0
156891,18,2,clinic,31750,79,6,NIGHT,1,660,469.0,4.0,4,30,0,0,0,0,0,0,0
156892,18,30,clinic,31750,79,6,NIGHT,1,660,469.0,5.0,2,30,0,0,0,0,0,0,0
156893,18,30,clinic,31750,79,6,NIGHT,1,660,469.0,0.0,2,30,0,0,0,0,0,0,0
156894,18,30,clinic,31750,79,6,NIGHT,1,660,469.0,1.0,2,30,0,0,0,0,0,0,0
156895,18,30,clinic,31750,79,6,NIGHT,1,660,469.0,4.0,3,30,0,0,0,0,0,0,0
156896,18,30,clinic,31750,79,6,NIGHT,1,660,469.0,5.0,3,30,0,0,0,0,0,0,0
156897,18,30,clinic,31750,79,6,NIGHT,1,660,469.0,6.0,3,30,0,0,0,0,0,0,0
156898,18,30,clinic,31750,79,6,NIGHT,1,660,469.0,0.0,3,30,0,0,0,0,0,0,0
156899,18,30,clinic,31750,79,6,NIGHT,1,660,469.0,1.0,3,30,0,0,0,0,0,0,0
156900,18,30,clinic,31750,79,6,NIGHT,1,660,469.0,2.0,3,30,0,0,0,0,0,0,0
156901,18,30,clinic,31750,79,6,NIGHT,1,660,469.0,3.0,4,30,0,0,0,0,0,0,0
156902,18,30,clinic,31750,79,6,NIGHT,1,660,469.0,1.0,4,30,0,0,0,0,0,0,0
156903,18,30,clinic,31750,79,6,NIGHT,1,660,469.0,2.0,4,30,0,0,0,0,0,0,0
156904,18,30,clinic,31750,79,6,NIGHT,1,660,469.0,4.0,4,30,0,0,0,0,0,0,0
156905,18,44,clinic,31750,79,6,NIGHT,1,660,469.0,6.0,2,30,0,0,0,0,0,0,0
156906,18,44,clinic,31750,79,6,NIGHT,1,660,469.0,6.0,4,30,0,0,0,0,0,0,0
156907,18,9,clinic,31750,79,6,NIGHT,1,660,469.0,5.0,2,30,0,0,0,0,0,0,0
156908,18,9,clinic,31750,79,6,NIGHT,1,660,469.0,0.0,3,30,0,0,0,0,0,0,0
156909,18,9,clinic,31750,79,6,NIGHT,1,660,469.0,4.0,4,30,0,0,0,0,0,0,0
156910,18,9,clinic,31750,79,6,NIGHT,1,660,469.0,1.0,4,30,0,0,0,0,0,0,0
156911,18,9,clinic,31750,79,6,NIGHT,1,660,469.0,3.0,4,30,0,0,0,0,0,0,0
156912,18,9,clinic,31719,79,6,NIGHT,1,660,497.0,6.0,4,30,0,0,0,0,0,0,0
156913,18,28,clinic,31719,79,6,DAY,1,660,432.0,3.0,3,30,0,0,0,0,0,0,0
156914,18,28,clinic,31719,79,6,DAY,1,660,432.0,4.0,4,30,0,0,0,0,0,0,0
156915,18,28,clinic,31719,79,6,DAY,1,660,432.0,3.0,4,30,0,0,0,0,0,0,0
156916,18,44,hea_hou,30438,76,6,DAY,1,660,440.0,4.0,1,30,0,0,0,0,0,0,0
156917,18,44,hea_hou,30438,76,6,DAY,1,660,440.0,5.0,4,10,0,0,0,0,0,0,0
156918,18,44,hea_hou,30438,76,6,DAY,1,660,440.0,3.0,4,10,0,0,0,0,0,0,0
156919,18,44,hea_hou,30438,76,6,DAY,1,660,440.0,5.0,2,10,0,0,0,0,0,0,0
156920,18,44,hea_hou,30438,76,6,DAY,1,660,440.0,1.0,4,10,0,0,0,0,0,0,0
156921,18,44,hea_hou,30438,76,6,DAY,1,660,440.0,4.0,4,10,0,0,0,0,0,0,0
156922,18,44,hea_hou,30438,76,6,DAY,1,660,440.0,2.0,4,10,0,0,0,0,0,0,0
156923,18,28,clinic,31750,79,6,DAY,1,660,456.0,4.0,1,1,0,0,1,1,0,1,0
156924,18,9,hospi,30438,76,6,NIGHT,1,660,440.0,2.0,1,30,0,0,0,0,0,0,0
156925,18,44,clinic,31750,79,6,NIGHT,1,660,469.0,4.0,3,1,0,0,1,1,0,1,0
156926,18,44,clinic,31750,79,6,NIGHT,1,660,469.0,2.0,4,1,0,0,1,1,0,1,0
156927,18,42,clinic,35933,93,6,DAY,1,660,396.0,3.0,1,30,0,0,0,0,0,0,0
156928,18,32,clinic,35813,92,6,DAY,1,600,360.0,4.0,3,10,0,0,0,0,0,0,0
156929,18,32,clinic,35813,92,6,DAY,1,600,375.0,0.0,4,10,0,0,0,0,0,0,0
156930,18,32,clinic,35813,92,6,DAY,1,600,360.0,6.0,3,10,0,0,0,0,0,0,0
156931,18,32,clinic,35813,92,6,DAY,1,600,360.0,5.0,4,10,0,0,0,0,0,0,0
156932,18,32,clinic,35813,92,6,DAY,1,600,360.0,5.0,0,10,0,0,0,0,0,0,0
156933,18,32,clinic,35813,92,6,DAY,1,600,360.0,2.0,0,10,0,0,0,0,0,0,0
156934,18,32,clinic,35813,92,6,DAY,1,600,360.0,3.0,0,10,0,0,0,0,0,0,0
156935,18,32,clinic,35813,92,6,DAY,1,600,360.0,6.0,0,10,0,0,0,0,0,0,0
156936,18,32,clinic,35813,92,6,DAY,1,600,360.0,4.0,0,10,0,0,0,0,0,0,0
156937,18,32,clinic,35813,92,6,DAY,1,600,375.0,0.0,0,10,0,0,0,0,0,0,0
156938,18,32,clinic,35813,92,6,DAY,1,600,360.0,1.0,0,10,0,0,0,0,0,0,0
156939,18,32,clinic,35813,92,6,DAY,1,600,360.0,5.0,0,10,0,0,0,0,0,0,0
156940,18,32,clinic,35813,92,6,DAY,1,600,360.0,2.0,0,10,0,0,0,0,0,0,0
156941,18,32,clinic,35813,92,6,DAY,1,600,360.0,6.0,0,10,0,0,0,0,0,0,0
156942,18,32,clinic,35813,92,6,DAY,1,600,360.0,2.0,0,10,0,0,0,0,0,0,0
156943,18,32,clinic,35813,92,6,DAY,1,600,375.0,0.0,0,10,0,0,0,0,0,0,0
156944,18,32,clinic,35813,92,6,DAY,1,600,360.0,4.0,0,10,0,0,0,0,0,0,0
156945,18,32,clinic,35813,92,6,DAY,1,600,360.0,5.0,0,10,0,0,0,0,0,0,0
156946,18,32,clinic,35813,92,6,DAY,1,600,360.0,6.0,0,10,0,0,0,0,0,0,0
156947,18,32,clinic,35813,92,6,DAY,1,600,375.0,0.0,0,10,0,0,0,0,0,0,0
156948,18,4,clinic,35813,92,6,DAY,1,600,360.0,6.0,4,10,0,0,0,0,0,0,0
156949,18,4,clinic,35813,92,6,DAY,1,600,360.0,6.0,0,10,0,0,0,0,0,0,0
156950,18,4,clinic,35813,92,6,DAY,1,600,360.0,2.0,0,10,0,0,0,0,0,0,0
156951,18,4,clinic,35813,92,6,DAY,1,600,360.0,3.0,0,10,0,0,0,0,0,0,0
156952,18,4,clinic,35813,92,6,DAY,1,600,360.0,6.0,0,10,0,0,0,0,0,0,0
156953,18,4,clinic,35813,92,6,DAY,1,600,375.0,0.0,4,10,0,0,0,0,0,0,0
156954,18,4,clinic,35813,92,6,DAY,1,600,375.0,0.0,0,10,0,0,0,0,0,0,0
156955,18,32,clinic,35813,92,6,DAY,1,600,360.0,5.0,4,10,0,0,0,0,0,0,0
156956,18,32,clinic,35813,92,6,DAY,1,600,360.0,2.0,4,10,0,0,0,0,0,0,0
156957,18,32,clinic,35813,92,6,DAY,1,600,360.0,3.0,4,10,0,0,0,0,0,0,0
156958,18,32,clinic,35813,92,6,DAY,1,600,360.0,1.0,0,10,0,0,0,0,0,0,0
156959,18,32,clinic,35813,92,6,DAY,1,600,360.0,5.0,0,10,0,0,0,0,0,0,0
156960,18,32,clinic,35813,92,6,DAY,1,600,360.0,2.0,0,10,0,0,0,0,0,0,0
156961,18,32,clinic,35813,92,6,DAY,1,600,360.0,3.0,0,10,0,0,0,0,0,0,0
156962,18,32,clinic,35813,92,6,DAY,1,600,360.0,6.0,0,10,0,0,0,0,0,0,0
156963,18,32,clinic,35813,92,6,DAY,1,600,360.0,1.0,0,10,0,0,0,0,0,0,0
156964,18,32,clinic,35813,92,6,DAY,1,600,360.0,4.0,0,10,0,0,0,0,0,0,0
156965,18,32,clinic,35813,92,6,DAY,1,600,360.0,5.0,0,10,0,0,0,0,0,0,0
156966,18,32,clinic,35813,92,6,DAY,1,600,375.0,0.0,0,10,0,0,0,0,0,0,0
156967,18,32,clinic,35813,92,6,DAY,1,600,375.0,0.0,0,10,0,0,0,0,0,0,0
156971,18,44,clinic,31750,79,6,NIGHT,1,660,469.0,2.0,1,1,0,0,1,1,0,1,1
156973,18,5,clinic,35938,94,6,DAY,1,690,529.0,3.0,1,190,0,0,1,0,0,0,0
